"Path","Bytes","SHA256"
".gitignore","1075","1A58A071AE02344271A416938A1FA5B4F1FE58DFAD1A540E5990D07393EAF981"
"baselines/__init__.py","1","01BA4719C80B6FE911B091A7C05124B64EEECE964E09C058EF8F9805DACA546B"
"baselines/center_surround_ln.py","4120","3B8A32F61A272D05F36F8C3FF2A3C4D428D5A8674EA840339927D0AD44364DDD"
"baselines/compact_causal_cnn.py","2483","D387C9ED46F6E9F3DAB7687E8C35C9DAF86C19C7F90EC9B1649553F57CC637F9"
"baselines/graph_tcn.py","4628","F45AEB4095997F92352737274C0C5135C3EC37048EA88375052511B1CC61CAB8"
"baselines/lnln_subunit.py","5216","1D4CD2D997493B1120044FA37099AAC5A507AE08F5DE21D31180AC80E097B91D"
"baselines/local_point_process_glm.py","5616","541A9ACA5C2DFF9FA5994BD24E993B057C63B135B13A13917F6DEA9C7858114C"
"baselines/point_process_glm.py","7660","19EC6E8261FA3228CEBA4098FC2C236EB0E3ED4EA8231B51FB708D3CF866076B"
"baselines/spatial_contrast_adapted.py","7219","D1C86EFF7E2F2479599D381652BDE359B217CFD44CB3060BAE8F65890023B772"
"baselines/spatial_contrast_official.py","7376","4E7AEBA5098922590A2556C00D3D43EBB62036B71632A185980CA68427C35028"
"configs/__init__.py","281","C10FBD873BEA60AC38E4B1836DC45B8EDFC8C30A8EE37ED7A6BFD9477E81904A"
"configs/experiment.yaml","1013","8E8C5C341AFC88DE6226F0387E77BEB663EDACAA2DBD703756FDEAFC8D2E5B8D"
"configs/isetbio_generation/bsds300_4deg_rf_eval.yaml","667","E1F996E8B0A0C23EBD6C0443186B5E5BCE32454F1A64C03D76865D659BF8A4E5"
"configs/isetbio_generation/bsds300_4deg_rf_train.yaml","670","1CD7C05C86208F9F2555FDB7E20737AB7B9C5CD6CC52B0A443506DA536ED2630"
"configs/isetbio_generation/bsds300_4deg_train.yaml","654","FFD3B32B1DA1DD55356E04501F62F0D242AFDF9A4E3846A9E75BE390CA0E28B1"
"configs/isetbio_generation/bsds300_4deg_val.yaml","648","1D7D327C690E132C26F541F0D821DECCFF0071F4933542160CE5FFC763AC57C6"
"configs/isetbio_generation/human_macaque_v1_smoke.yaml","622","1CB3517BF6FD4977E5979F86E90728536B400D561A2D759912E85469B71B1BFA"
"configs/mechanism_identifiability.yaml","851","AD98643996F10E518A80564B4134F8F5735552101AD1D65C05EED503C557B1AE"
"configs/model_comparison_sample_efficiency_t2.yaml","241","C4E2736328CEA594573B192ACFA1C6F7845A1367F9FE58FD3DE68B3A406DF6FB"
"configs/model_comparison_t2.yaml","1279","6C776EC32CB8AF024C68566B5D80652223191F383D27B16E5B77E470E1C67846"
"configs/physiology_profiles.py","4357","7AC07A096AD5A0E8512BB2794078A6C7A3F24BAE12638FBE43D7948B4E691BCD"
"configs/rgc_type_priors.py","5383","98860C502AB60C4EA42AE060C31902AF2FFD8A07D653B926A675877ED4EEF0C8"
"configs/rgc_type_priors.yaml","1142","8F61E518F5F223BAFC39225151E7854AC3C687EE1A90C4EB616F2F7048D1EB29"
"configs/synthetic_smoke.yaml","1064","6BD444CC0A7AFD01DC7AFFC401E6C00FD36BEFF968F8F95444B6D30EE335992F"
"CURRENT_STATE.md","7411","307E878F7DDC5B49D4E8606E34E70AFA65C124990FBCEA58DF0F2FA6C14D5080"
"data/__init__.py","0","E3B0C44298FC1C149AFBF4C8996FB92427AE41E4649B934CA495991B7852B855"
"data/cone_response.py","11435","D9026D7C87E8CB349A98EEA449CD03B2EBB9D84F62774CBE646C2B4AE8F76575"
"data/dataset.py","9920","0E8F00E51B36823D174A2E282D62BBB7114D06AE6AF8B4E47EB70A20D344F947"
"data/geometry.py","2316","04763A7219DEE69008EB26F90FDAA8B33EEA47D9223616A182036944E548CA9F"
"data/input_identity.py","6607","F9A0B704AC93250A63800BEC159287481BDF12CBC4B3DB577DC254C28DE4549A"
"data/karamanlis_2024.py","9187","2354BD74915FF9D2608C157ABA4233910FC9D46A16AD733461A6C8699CD25F99"
"data/karamanlis_cells.py","3182","9B27C2437965A640A5C5E66FE03C914D9AC70961A2BA517A8B7651C7DF83E82C"
"data/karamanlis_projection.py","3008","2EB94E61F6D05349D1B2D6B4019B371CFF1A44E0F73EBCF29B0EE9F6BFBE2D59"
"data/karamanlis_rf_artifact.py","6308","38249E1159D2E68EC3F445D89E93B44EB609BB3D67D43AA8387DDD97CD478880"
"data/karamanlis_rf_population.py","9280","C530B0901E974CAC899E86AFB2DFE8CB6A3A786C3159F8CB3A2AE8127073E019"
"data/karamanlis_spikes.py","837","6D65651461695C37BFAED3011E04DF3944079CA43366233079C0DFBF289570A3"
"data/local_isetbio_natural_batch.yaml","685","81C3AE1909A6B896A31172DB40E2F81065E9F6F042BE4A2EC3CE21C9F8016F19"
"data/local_isetbio_natural_smoke.yaml","694","BE4953199E523359F2941B90CE4D69E5475116F616563A644713D5AB450B0D84"
"data/local_isetbio_smoke.yaml","650","17ACC872D5CBD101B9713108AAD2E9DECF62320F82587E65F8E293D9C922776B"
"data/retinal_recording.py","374","A05BF2F3CB094F26491AE0284F62D863E55956EE6792C0A8D6CBEC1DEE855C75"
"data/rgc_response_export.py","4552","62D74ED3D824026B9309B26C517155E70D546FCA905AFDC33CF09E8F338CF39C"
"data/rgc_response.py","24600","156D8099C3F073A6B0E49B9F942C00E7A8AE8318D8624F9D396F6E65ADB65411"
"data/schottdorf_lee_2021.py","9916","AE07CB57443CE95FCEF2208060638C1CC12168EC9E1A1F3F9E58C82E24DDF764"
"data/schottdorf_lee_catalog.py","4881","3D1CA53AB11F57F98F452E95AF96B51651510E289BF2AEF14CFF109B9B52A513"
"data/schottdorf_lee_multirecording.py","8786","3B6B1AE2DDB2C35D1C9AE133017FF5016B79960D56A194F1722B0079EC1716DB"
"data/schottdorf_lee_spikes.py","5194","04993CD009000DAB362C352530E5A68D5DFDA39403785E25AA6A53DCD9C2B6D4"
"data/sequence_v0_train.yaml","501","914652BB98F047E82F3689530E5D45E09B44FD802572359BB0433440DCF3730C"
"data/sequence_v0_val.yaml","495","BA415B202B05E2C6BC69EA951C9DAAB68F34B1F53FC15113ABA25AD6BA462D95"
"data/synthetic_teacher.py","9039","93DD6BF09E5B4BBE6A8B4F88BACBA4CBF61A99B8F30BEC77CEF1BDAF49694EBE"
"evaluation/__init__.py","0","E3B0C44298FC1C149AFBF4C8996FB92427AE41E4649B934CA495991B7852B855"
"evaluation/candidate0_likelihood_math.py","4770","C471EB2A0C755B4C8512D246F11CFC7B6702F37FD2B3572075025124FEEC31AC"
"evaluation/candidate0_projection_solver.py","5340","20B2810124C5C6D19EBA75FD26A9DCDA3A94A68E6426FDD27821C97B30A45263"
"evaluation/direct_readout_paths.py","5339","A8EBC8CE6A205C6976EB6B85A5D6453118168FA1DAD6E35684AB49B5D80C83D2"
"evaluation/factorial_contrasts.py","1039","50F28DD67A209C86DD68CAF8B023A8D8FF8A6A6E6DE86DF96A93C17578BB030D"
"evaluation/factorial_oracles.py","4550","703A3A522B551670BCA843052D5553D95F5F3D906DC805533F47FA960F35CF43"
"evaluation/factorial_reachability.py","7589","8DF53AB682FD3420767634C999B388EBF98CB0A4E93D967E0F02C4C224E5E359"
"evaluation/gradient_decomposition.py","7366","C734C0230F621EAF76B1CA74DBE0BD006FB3F5FA4EE511B436BB7357F4102190"
"evaluation/gradient_optimizer.py","5878","CF739B34335763D6192248C87BC13F2A29FC9D8EBDB3BC80FDCFED9289D73F9E"
"evaluation/history_estimands.py","9282","1005292677BB1CEDA3363E8843BFEC4C983890FA475D0E86D4C49871447DB0CE"
"evaluation/json_types.py","240","291559EE7DE663F286978788092D4F937FB76A172732A747442ABAAA670A1554"
"evaluation/mechanistic_retina/__init__.py","638","660658D557324B80B48B1816615E34B7CACC52B0A7F6E885A9BCAB193E0643F7"
"evaluation/mechanistic_retina/ac_circuit_inputs.py","2586","48C09B646B3B5E4C8B3FFDE0CE73931D596C13F7E37228DD4B04965E9BE8A1A0"
"evaluation/mechanistic_retina/ac_circuit_lineage.py","1103","2F75994AD36FAB029D853A53F5C8ABE85F472341A260BB55AFCCD8BFE47EC444"
"evaluation/mechanistic_retina/ac_circuit_perturbation.py","9487","E68574384211E06D63344EC04A8E75FE13A366539847ECFB32633913CEE4EA18"
"evaluation/mechanistic_retina/ac_circuit_support.py","10332","9766934D16A900FCF3140D78C87EA6D941EDF04D32960723A072404A5788F82D"
"evaluation/mechanistic_retina/ac_temporal_lineage.py","4309","9C39E9888E289E6865CB1897C38A697EFD09F1A432D03F134A91961D0D154618"
"evaluation/mechanistic_retina/ac_temporal_perturbation.py","9195","B206C9F2D5575D80687D3F16BF45ECC181BB804A6D4CB4F992E013A6872A1C5B"
"evaluation/mechanistic_retina/ac_temporal_probe.py","4094","09C241C56AD4A85A10D44C5F6019594430C98F37A6F0909B3673C0FAC987B897"
"evaluation/mechanistic_retina/ac_temporal_support.py","8899","18F80109A8E1895B17049C787ED68902234D610B4FAF0CA5FA0F30B49B7F7035"
"evaluation/mechanistic_retina/artifacts.py","655","A2DCD707A6131B41004D8FC13815258F500541B52F205C90FACE58E5099A3FF5"
"evaluation/mechanistic_retina/atomic_artifacts.py","488","A3FCB5BD2EEA2B06AFAD32E80A3B0BE2C9ED420792BC533D510D3F8A78D1E39E"
"evaluation/mechanistic_retina/clean_sampled_artifacts.py","1168","32B40D7132F880FF5A75300173432BAB090BFB36165EFF981D6A84759CF100E9"
"evaluation/mechanistic_retina/clean_sampled_benchmark.py","12111","8A0D5E837D5D65EB0027B6CB6B24ED45FB056D19BF907124427969790B21A662"
"evaluation/mechanistic_retina/clean_sampled_data.py","9326","B3A639E12EE2A375B84C4AAF12E2097E604E55D0BC1412ACF46BAA279B765FFB"
"evaluation/mechanistic_retina/clean_sampled_reporting.py","12199","56422DB9BDE3A84B8E19668601D1529A0EE335F78F597A7D79354D7069D10B8B"
"evaluation/mechanistic_retina/clean_sampled_teacher.py","1598","06A9E02C310C7AABC31C450A39AC243A5ADE8F1DA7B37BC10D5A8FD8399A0EF8"
"evaluation/mechanistic_retina/clean_sampled_training.py","7210","EBE888098D67ECE10F492B98931929DFA01E3CA9D0CE7E09661E05BD98CAF41D"
"evaluation/mechanistic_retina/direct_metrics.py","4305","BE5C7BEB9B823673D66B64EE3936452143980A7F059CAD43B706A50068BDD330"
"evaluation/mechanistic_retina/direct_model_eval.py","5823","8F0EADD8B8E5D97EA84B5DEA57041FAD39E7C02BB215FFF1C04ACDF1759D9EA3"
"evaluation/mechanistic_retina/factorized_ln_split.py","3247","C38761E8471BE4118ABD54C84258AFF28BE8A3455E259A9331008B4D8144C327"
"evaluation/mechanistic_retina/gollisch_white_noise.py","2482","73335A929CD67AB93E6DBEDA8750483555F1FC99331F1AAF2C1AF0FD6FC68E01"
"evaluation/mechanistic_retina/h1_teachers.py","5728","B22CB3A6E7AEE6E69E755612DA6EE093589FCF5EEBD181A89EC07AEC9301EB06"
"evaluation/mechanistic_retina/karamanlis_baseline_reporting.py","8488","E5FBF74B3D0201F3DD56FE356E122D999D0B1BB7E4374C1D79279247F8F2AA3A"
"evaluation/mechanistic_retina/karamanlis_baseline_run.py","8176","A1E2EA036AB5FCF549B4C152846033D5ECDC58769FC609CE19F823823E967566"
"evaluation/mechanistic_retina/karamanlis_glm_math.py","2657","71B1B550BF136AFB74AA1253FD46963E3EA6923644AB531AC12517674A46117B"
"evaluation/mechanistic_retina/karamanlis_locality_artifacts.py","6277","11EE7406B7D975AD9931C8F90FC718908A9B963688B2DE2E8095EF2DC8276D33"
"evaluation/mechanistic_retina/karamanlis_locality_graph.py","7301","AD7DC2F065A77296F0C746FCE5E7D9A3CE12FA44386E3DCBAC6A2BEAAEE7B297"
"evaluation/mechanistic_retina/karamanlis_locality_io.py","7448","E132B9CEC565BCB39209DB7293821167148399BC87F882130CF1585F61DA924B"
"evaluation/mechanistic_retina/karamanlis_prediction_baselines.py","8006","FCA33D70CB58AAF998779A70BBF66A8DC7F0C3A579AF78AE5C4FE3F2B3F3836C"
"evaluation/mechanistic_retina/karamanlis_real_run.py","9645","290832D28F5A09C45C4AA71541AB6D7490968DFCBE419E14E228E17BE5D0178D"
"evaluation/mechanistic_retina/karamanlis_rf_centers.py","9359","ACDD42ADAE47EF2D99C3B8C033444084FE8C4B2E0B588C9499D9BD09D83031D8"
"evaluation/mechanistic_retina/karamanlis_rf_checkpoint.py","1231","A1A8BC2C6E9BEE5C7AF815FD247D59504D23CA2778F4B51BE68F28D279BFCAA6"
"evaluation/mechanistic_retina/karamanlis_rf_population_run.py","9995","191181E9B00A8AE2DE135693DC90CC971B2B6CDF6B18AED6CBC37918613D9FE8"
"evaluation/mechanistic_retina/karamanlis_running_sta.py","3444","CA9DC3367B24DEC542BDE43EE9EC625CDBC963F9D654578989DB161C7AE4DA0A"
"evaluation/mechanistic_retina/karamanlis_v1_ac_artifacts.py","9626","55796481AF2229D7AD562486E12E70F739319379262AF06BE409C927E738563F"
"evaluation/mechanistic_retina/karamanlis_v1_ac_metrics.py","5251","E43DFA1B96DA5B95504AF58DC9BBD451E01FABCFB9F9BA5263406D7DB0BD21A4"
"evaluation/mechanistic_retina/karamanlis_v1_ac_payload.py","3929","8827CA8E37961C967B733E84DCA5A1175FF8F6ED16798E4DD84707CA13690410"
"evaluation/mechanistic_retina/karamanlis_v1_ac_perturbation.py","9298","7F85297D28C6141C20F6DEB98922D61A9A2E41BAB1618C834CE1EFF907B329A2"
"evaluation/mechanistic_retina/karamanlis_v1_ac_reporting.py","5658","B70A7626AFA5FE9AD92F4D1CD8BBBA78D20D5DAB15874E8E2849247D55EEF263"
"evaluation/mechanistic_retina/karamanlis_v1_ac_runtime.py","5261","E7DE9CF11602E839DBC9AC45D56B68204D9079F1C5522298044CF328F7140EB0"
"evaluation/mechanistic_retina/karamanlis_v1_rf_artifacts.py","9040","43410DAE1DA6C4FD8895885B0F110493290F58B7A23CC15213D9B335EFB7727C"
"evaluation/mechanistic_retina/karamanlis_v1_rf_metrics.py","8101","A02A811AA0CA7851A48B2599D91633572C60B1A8674A58A8D7F8E301FF7639D5"
"evaluation/mechanistic_retina/karamanlis_v1_rf_validation_math.py","5334","8968594A0016F5C6DB27D43A45EDBE22BFE8D045863135F497C289D573FAD58C"
"evaluation/mechanistic_retina/karamanlis_v1_rf_validation.py","9114","B43DCD7F8F180EEE0A59A294FF80A137E569043C1A5B1A18F390BB874B5DA6A1"
"evaluation/mechanistic_retina/mechanism_artifacts.py","5354","D07514DFAFF3AB981A939822751663442FE5F3D99A76B2D478551EBC9750261D"
"evaluation/mechanistic_retina/mechanism_checkpoints.py","5044","41F72C8D3C6DC6BA5BBDF6F9DDF72DED256DEEEEF4EC45402DE320A19536FBFA"
"evaluation/mechanistic_retina/mechanism_decision_report.py","3756","604E380F3BC1E6957C4E9F568998A358AA70ABE3F1CD704C9F3C4C82E6F61666"
"evaluation/mechanistic_retina/mechanism_diagnosis_support.py","3032","969B336967713F731AF57CFB85498CE2C5E607ED7E916FC0673CABA159B09511"
"evaluation/mechanistic_retina/mechanism_diagnosis.py","6390","36F2A44411C9C24FB9AFBEACE67FCDC1A9DC639B1155CB5C9494EB974F8BC2E1"
"evaluation/mechanistic_retina/mechanism_false_positive.py","5259","05BF889964AC781E79B9F6C8077261094C55964CC6B92A75CA16CF2380D3CB69"
"evaluation/mechanistic_retina/mechanism_heldout_artifacts.py","8849","78BE1064794A3EA7EEEC3D6D0E7D02FFB957CCEF1EC58BF2F179B4C294802087"
"evaluation/mechanistic_retina/mechanism_heldout_metrics.py","9444","B05B85A25128D46837DE2A480EA851B9A6D6587010CF4A59ED33EDE836A258A3"
"evaluation/mechanistic_retina/mechanism_heldout.py","1905","7F2785F3034E9061B092795526649D53940E63E3763281ABED2882283F007A81"
"evaluation/mechanistic_retina/mechanism_identifiability.py","7588","52CE7BF60CA92498CF5566B9BABB79C283F0DE92C8EDF156D678781A19FC186B"
"evaluation/mechanistic_retina/mechanism_protocol_runs.py","3317","DFDA2A436F551E6280A7B90188BFC3DC5BBDB9E44DCEDBE8F195B87F816364B3"
"evaluation/mechanistic_retina/mechanism_protocol.py","7472","62F317CBF04EDA89E7A855095B5BFA2C0DAD567434298719192ACA1E8A3BFB0C"
"evaluation/mechanistic_retina/mechanism_replay_artifacts.py","3224","803DC871B990E780AE1E3330FC197C70E84A94E7B90BC382F22E4BB3B025D412"
"evaluation/mechanistic_retina/mechanism_replay_identity.py","9162","59010790A398F0D4A3301A8C44871102B255D97165266040AA5A9A886E23FB85"
"evaluation/mechanistic_retina/mechanism_replay_protocol.py","5909","D902C3348AB1AE5EC84E4F3C25FECC29EAECD3136A8A1BE09E97EEF7028B030D"
"evaluation/mechanistic_retina/mechanism_replay_runs.py","8616","5FF6D155C500EBBCA14A2320D7A80A7EBE65015E01DD36FDFA8CDA66EF268937"
"evaluation/mechanistic_retina/mechanism_replay_types.py","1952","741DA9E756997E39AAA121A973601B8FF3C861191633834345913481ABF249DC"
"evaluation/mechanistic_retina/mechanism_run_data.py","3130","A649BF4E9ED1944ACED688A25F5AD9A38B539AF67844343CA47F63DDD4B910CD"
"evaluation/mechanistic_retina/mechanism_run_types.py","2027","42BE25D4FA1DE670FC2D6DA7E78256CF5B02A5DDE3C829ABDB8559FC26581923"
"evaluation/mechanistic_retina/mechanism_runs.py","5669","A78A001E4C28E17E3F9768D0BD90D8FB1063F7E78744DD6C119DB6528F8D0EB6"
"evaluation/mechanistic_retina/mechanism_runtime.py","4450","1098EB2820D7F27CA254706946BBE879618B5524B007645B9AF9224DB447390C"
"evaluation/mechanistic_retina/mechanism_scoring.py","5028","EC45F00A1DC49931FBE28C167C38F1E4A75893309C0F5815D3CFD498866638E9"
"evaluation/mechanistic_retina/mechanism_teacher_support.py","4117","72727E75097AE7557D0EDD6D1AA1E6A8BCB51618C5BC8454FD86F64DB99E08E3"
"evaluation/mechanistic_retina/metrics.py","7859","38006FE9E87B6852E25ABF1147538DA4E7757318D4A97519E2D0A4B44FF84E3B"
"evaluation/mechanistic_retina/natural_exploratory.py","7138","8F475062C93752FF0B2CAA7FA4DF874B96C80D920EC3F0D6C8C969D75A6AF713"
"evaluation/mechanistic_retina/nested_spike_budget.py","8881","461C2F6B2E9AB3A1FFAC429B5BC4AB0930417AC16DDC9BCA14A6223C60EB55C6"
"evaluation/mechanistic_retina/noise_free_recovery_metrics.py","5591","E22060901A9C1A25202B608215827777D053DEA0CD6D85947283512C7E492948"
"evaluation/mechanistic_retina/noise_free_recovery.py","7926","3676DB477D66B7B254F24DEE0B9C51D5DA5DDF20F48266E45C6FF36B68819CD5"
"evaluation/mechanistic_retina/pathway_decomposition.py","2963","DE2170F6865F9349C5B4615F51E7D9314F1DDA3BCFD7A3F46CAF080BBC8288E3"
"evaluation/mechanistic_retina/rf_base.py","664","25EDCB1BF52B302434AAEFD90D4300F0EA1B8098B2D424B608A2C2C974AA6B89"
"evaluation/mechanistic_retina/rf_effective.py","946","DC87ED315F9145B8F9DA9886BB93C7B0CBA54CA7F1CC885308AF2CC45C81973A"
"evaluation/mechanistic_retina/sampled_robustness_metrics.py","4951","40635B39510DE8EA169F42F78C0920D00B31A8005A0E3CDE1FF4440E2B1981C7"
"evaluation/mechanistic_retina/sampled_robustness.py","8158","BC639FBFC6E4DABFD047D1EDFDCABA81E07B10A10FD6FD0AAB0998A385FC35A0"
"evaluation/mechanistic_retina/schottdorf_baseline_cell.py","9100","62B135F204A32EE117CE64DC446F8656F8F618A9E0A39AF91E7205931FFCF9BE"
"evaluation/mechanistic_retina/schottdorf_baseline_reporting.py","4568","598BDC2E1A65535697BDB03938CBB941CCC42CA635A2DE2D29C2C770B7F3D3FC"
"evaluation/mechanistic_retina/schottdorf_baseline_run.py","7143","047107E37A3220A6DE3411095CE6F5A6537A8D5834BCC8D018B4AA60EC54E519"
"evaluation/mechanistic_retina/schottdorf_baseline_types.py","2077","84EDE25DBA713937139D09133795220AFD2854A941CC61F0DCE05F3C77E41993"
"evaluation/mechanistic_retina/schottdorf_center_surround_ln.py","8114","E9BD363F1A4625DB6AFEE1F433F5DBF6AAC7F12511A8109A5861D55CACFD21B1"
"evaluation/mechanistic_retina/schottdorf_final_benchmark_cell.py","10602","87B1E436FFB4370E21E6F48A9B5B91EA8206357EAAD0F3687DC889A5AEB8D669"
"evaluation/mechanistic_retina/schottdorf_final_benchmark_reporting.py","3154","FE651FBED5031F36E5930DBC73EAAC92500E2432DC9CDEA8CF078B63A12B512A"
"evaluation/mechanistic_retina/schottdorf_final_benchmark_run.py","7440","3FB7A078599E209B5C05D5D7A6511BC63BFB0511E06D0EB93646B82F9961DEFD"
"evaluation/mechanistic_retina/schottdorf_final_benchmark_types.py","763","1DE81D8A554BFDDCEE1592E13C225E18AD3906D0A19BDF9333C8C274FBF6528D"
"evaluation/mechanistic_retina/schottdorf_fresh_evaluation.py","10946","3EA9F82411CBBA09B9EA84A04B5ACD3F732900213D3B74910B82AD8BF3DD9B13"
"evaluation/mechanistic_retina/schottdorf_ln_source.py","4534","5FD195FB6947727B6AD0E39DC238B5CFA55E6E52A9E4750A5171B837D23AAD62"
"evaluation/mechanistic_retina/schottdorf_multirecording_fit.py","7563","6764D8A81CEC6BB2223A0A768AD69B4316DC98C7232276086F720A9DF180D397"
"evaluation/mechanistic_retina/schottdorf_multirecording_reporting.py","5071","12208F61368E85EEEF3A613B751055224FFDF5A54D7AEFFCAC5301F3224EEACB"
"evaluation/mechanistic_retina/schottdorf_multirecording_run.py","6915","E4E34A86CAC54F2C6081D693FF102D31A5E1272F748FAB71DC89354F55B85D8F"
"evaluation/mechanistic_retina/schottdorf_multirecording_types.py","3038","59BA309ED2095FA1E9EFBACFD0514243C08FBA97C684238A6B70404DBB5B1A0C"
"evaluation/mechanistic_retina/schottdorf_neural_baseline.py","6464","550D2803F080967E16F9681423501DFB7F756AC5AD6D80FB939006124CC848F5"
"evaluation/mechanistic_retina/schottdorf_prediction_baselines.py","5864","F7963926AB23109BA95E8A346DB0E929B98799EE7DAB4551CEDC9567806CD584"
"evaluation/mechanistic_retina/schottdorf_r4_development.py","9217","08451339011692B97464739B1D3DAA06EA2B2D874969EE904C47B78079929D19"
"evaluation/mechanistic_retina/schottdorf_real_run.py","8839","DCA35192128E5EBAEECE2923C38A6E0532DAF5F0A66F63470D3C7D86851E3719"
"evaluation/mechanistic_retina/schottdorf_temporal_center_surround.py","8110","F011F930C36161940EE78B0BCD30B42FB489EADD095C6DCA6D87BFD449FE98AC"
"evaluation/mechanistic_retina/spatial_contrast_source.py","7606","5AA62FF50C4A3CF1DAE55F7439800BD7C8256865F230F7CDD93CACA67C9D1CFD"
"evaluation/mechanistic_retina/spike_banks.py","3469","E6B7C439B17115C56B120D444E5969CF615536B55AB3949468D04DD02772CF49"
"evaluation/mechanistic_retina/structural_ablation.py","6960","95A600A2C92CDF9DB995533734DDFCF70630D647407AA98395119DF88A2AAFC5"
"evaluation/mechanistic_retina/subspace_overlap.py","4358","FBCACEDE0BBDDA7E7DE685185BF7B798637EDB1D3AED025DF764DEE5CE73EF12"
"evaluation/mechanistic_retina/temporal_center_surround_plots.py","3981","A8A3894DC83831A497322D77F5BF05594D3A2CFEBEA7ADB355BA4C19EC324149"
"evaluation/mechanistic_retina/temporal_center_surround_reporting.py","6003","01E1966A75E03E0D88C829579815F8FCE10CD5F31987A4DC9121531056320CE9"
"evaluation/mechanistic_retina/temporal_center_surround.py","6837","8623EB93E8FC224B923DD5255D705AD826DA8D4ADA4C50D57909BC09F640F261"
"evaluation/model_comparison/__init__.py","0","E3B0C44298FC1C149AFBF4C8996FB92427AE41E4649B934CA495991B7852B855"
"evaluation/model_comparison/artifacts.py","3513","306E1CBF3B6DC83B95A1CA6169F48887445753545F65EDBEDBD7047432EF84B5"
"evaluation/model_comparison/baseline_runs.py","8248","6B877FF75B0109CD30A0913B305B6048DD90276DC299C50ADDA90DFD84696282"
"evaluation/model_comparison/config.py","2564","F7B6C1E7C242E6BC715CD1730EF82F3A1A1F58652575ECF55894CD458D41D7AB"
"evaluation/model_comparison/experiment.py","9749","9FD26AF11A361020B115852CB2982BADB75F8014B3CD7F71D9E84B1F4988CA88"
"evaluation/model_comparison/mechanistic_run.py","7904","927E95902FA9D9CA86FA76617D16413E026FACC0BFAF3E9F145B895768647811"
"evaluation/model_comparison/model_eval.py","2538","7F517CDEEBDD6B9E10B5A526C1CCF2986C171AFAA80D0BA8F0BF3CBDF7CB264F"
"evaluation/model_comparison/parameters.py","3371","314C573E7DE0B61AF88E906EE3EB1D11D982A9992DC1ACD5A8234C0130B712C4"
"evaluation/model_comparison/prediction.py","3785","B6B40E53AD3A0AD64981A2AB81C9A0F426AD5422B9B91980A4C16E3CC3D1B2D0"
"evaluation/model_comparison/presentation.py","3836","FA25CCD73A5C06E067564FB99F53ECFD289B4A9E51F2F500488F38FA316174CD"
"evaluation/model_comparison/reporting.py","8568","A2760B89123FD4B70F7EBE5AD52BA28F5537E4565765B4196D525F8E898E6090"
"evaluation/model_comparison/rf.py","3704","5D9F15FFC45B329289198FF04C4B73A65ED5DF33D279277CB2CD4AC5B3D04EBB"
"evaluation/model_comparison/run_data.py","888","B7F2964BFF28BE64D4373B15AB579BDE09EB5AB3C34A34F824D87E4588D9340C"
"evaluation/model_comparison/runner_support.py","1571","58CCA15D6F581CC0730F2F025DAD9C31F9FF1B98AB5BDEBB2C8E2C5461B2D27E"
"evaluation/model_comparison/sample_efficiency_experiment.py","11191","4DA2E69F322BF81C1854B5A5D8DF3F8378FD8B8AA936173C292FD54B2E612526"
"evaluation/model_comparison/sample_efficiency_presentation.py","8515","C16A11FD0E345D1DBF7AAB1502A735934ABD36A9C14FDE189BF50356ADCC8C2D"
"evaluation/model_comparison/sample_efficiency_profiles.py","9829","E8EB7802AB153C663FB58E63CF2E8E9F9BB7C472C3B6E4A5AF307CD9DE53C15C"
"evaluation/model_comparison/sample_efficiency_protocol.py","8879","77A221557340EEB572C5043540F07B0642C8B13CF8664F6D83BAD81F8E5B3877"
"evaluation/model_comparison/sample_efficiency_reporting.py","8239","D3C8BB072611DBFF276C5439A71846CAF212D58A1D02F6B2D67C51F1598EC1C1"
"evaluation/model_comparison/sample_efficiency_reuse.py","13157","C062002780683D429561BAE5020E2D62FA214E94CD87363B8E49329CD9B0E8A6"
"evaluation/model_comparison/sample_efficiency_rows.py","10406","2C033B3BD853E4723CBEF46B42F9C1C31599A004118553A1CD359512DDAEFB55"
"evaluation/model_comparison/sample_efficiency_runner.py","13916","BB4BBD90AB803BC11AD8E383EE86C9C3B4CAD944558F8F34C3CD84E5AF6EE6C6"
"evaluation/model_comparison/sample_efficiency_state.py","6324","7E2E464AA5F1CC18E961297A15FCDB06F93B8B6EFACD9FE1E4F34C8DF11B1F10"
"evaluation/model_comparison/stability.py","6144","0E7DF993259E18DA538A6B77016B858DBBC082A54AA03275E0325C69DC3252EE"
"evaluation/model_comparison/summary.py","6547","132F037A4C690A23919215B612BDC27E7B69DD05291A5FC6E286F0E6974DA689"
"evaluation/model_comparison/training.py","5941","EE6C5560D835FB288CB560BA616A4AC55DF1B661985A0ACC64BA65F39629CF31"
"evaluation/model_comparison/types.py","1057","2C4E1D3BF3F07266F794F20CEF6A6A114926EADFE4706F6FFFD27C1D56BE417B"
"evaluation/parameter_audit.py","7424","16D79ECA65A3CD5BEDFEBA677AD79D43412A048587A50F068ED4F4D952C34D94"
"evaluation/phase1_benchmark.py","6131","7B37D975C22523A4EC5E3A9108E994E45F87EF1A2640841EA3E0D475334D5025"
"evaluation/phase1_data.py","9162","A3037E4AA56502A96123355ABC86055453B2FE4E9FE794B651CF04A55213511F"
"evaluation/phase1_metrics.py","8645","CA6C149C85E81CFB7EED6D42666D2C39E5159FF9E18649B398E1CA6D9BC9A3AF"
"evaluation/probe_likelihood.py","3254","853913601D7D810326BC172CDAEAF1971725B9F2FEE50DCF8E88A0720D2B4230"
"evaluation/response_calibration.py","8235","5A9B8865E88793634FA84989030F5C09129D5BF94F032104D2294AB434FB6DE9"
"evaluation/response_metrics.py","8954","B7EC8E13BAF88FEBD9F97BA161D2B99F87CA118D5AA948A7AD7C18AC12009CE2"
"evaluation/response_pipeline.py","8867","CB9429EEE52740D73E617D65EAED7F4BA0D37D5803F6B7D784C3FCAF732A1B38"
"evaluation/response_prediction.py","961","499F9D27DE71A72887E630E69B9F435F1AF2F2F57773DDA3B05B3D7C51A1128C"
"evaluation/response_predictions.py","5149","64F899C10033797764370EA136EF201CFDE33DA19AE8D41823D2A7E7BD9C507B"
"evaluation/response_report_schema.py","2037","FE6F130E21C71F45F5A6FE3706D510F213607F9C075495261869D2834872AFCF"
"evaluation/response_reporting.py","10592","7D2D22494B9E3717879232CC3754C9EE0BAE8B7F775E95AC0C37C0BE403B2CAE"
"evaluation/rf_artifacts.py","9304","28A7B37C7CBC3910F18290BF9B2B46FB3A1ACC4BBE833FCF96D0345191C480E5"
"evaluation/rf_dynamic_compare.py","6035","E11EA02DBC762B7C06AB7E13A127E38D04BA0A618CDC236F0694477284555D9F"
"evaluation/rf_dynamic_conditioning.py","1977","68C81EBDC250C7B54B4E5FCBC062A647F5EE22C26A32EC69CA7D74EA72AC83C9"
"evaluation/rf_dynamic_metrics.py","6846","868EC1B676453E791627FC61DC8FEB97CCF580C42EE2C333BD98FD6DE442FE1F"
"evaluation/rf_dynamic_recovery.py","8866","E5F87C0D8B9DC1D39060DBA99EE6738CF14EC5A18BDF9926AB84E8655C233028"
"evaluation/rf_dynamic_result.py","2447","364608BD8294884BA42920923473C663642DCBB383ABFB0CCE553042E6297A61"
"evaluation/rf_dynamic_teacher.py","9299","38E691D39AC93A9C4231D2AE3A015510218DE14ACFFB200688D193C84F576A97"
"evaluation/rf_dynamic.py","8929","76157536CD59B4AB6EFB4CD0F5F579A580631DCA6F124BE0E4211CC2EAF6874E"
"evaluation/rf_geometry_metrics.py","5301","FB8892033993B5DA81EFD0A98C9E6488212AF7937B30143AF505126889DD47A6"
"evaluation/rf_history_contracts.py","2040","A91D28EA030D6A84D78188C949013E91912855380D6AEA4FA4BBC2D701D92B07"
"evaluation/rf_history_pipeline.py","4476","53ED112B9501B04D1435047783B315CE29408716CA1A2D6CFD16E4D8AAF2669D"
"evaluation/rf_static.py","4487","9E368B6CE0A050816E6D30519C11BA137C428B967E93821D15CC692F10E2F9DB"
"evaluation/static_teacher_preflight.py","3747","D5CC49FDC68924DC0A27BE298BFBBE18D6A1779EFB5C8201A01D768B1027AE39"
"evaluation/static_teacher.py","8136","7BE563D54A3C649C0755E453E792100BD386C8EA3C7234101633FAF29FCD53E9"
"evaluation/target_gradient_comparison.py","6219","18EA9BEEE91FD63E44EBBA4BAA2384D491A444F07CAB5362B43D3086BC51589E"
"evaluation/teacher_identifiability.py","7935","6015113874EAFFCA8147BED3DCF505BE741C3ADACEAF9F5F4C5BBD64500A87A2"
"evaluation/teacher_self_fit_metrics.py","7709","28A44DE77DA6C1D0A46824C03765423AE06EF0DC66EAA779482244B2D94389C2"
"evaluation/teacher_self_fit_model.py","3739","F971954727760FC955F58D46E03B61394A54262AE2756938D559BEB3860B8770"
"evaluation/teacher_self_fit.py","8506","AB9D31CD9BEA639FE9B55F796C5F4253335EBC61B61E10B6A5BE9757DADE02CD"
"evaluation/trial_power.py","7707","10D2E847118CAC486F63B36DC5646F0E758478693220F5B8C9FEE3FE2845CD83"
"evaluation/type_gain_oracle.py","7298","EA6D43490A50F3038D5243C38AC8CD31CE411042CBE3EA242C403607A7D6C4F2"
"evaluation/type_gain_reachability.py","6756","723C5F880945A5EA3F7B0278F0040ABC1E87F64BC5ECC591E242E27A44B7ECE1"
"evaluation/type_prior_comparison_io.py","10653","01EF4280B5EB781E30CD58FCCDFFB662F65EABBE171E3B98FD254630AA482151"
"evaluation/type_prior_comparison_stats.py","8548","7EA26E086408D244223E671C8EDF4E5502CB01B5758617D964AD31156204B07C"
"evaluation/type_prior_comparison_types.py","2363","A876502215ADBD8F3D210E1CDB13FC6F18EBECB3EC14D0C837B6B4D4854B9D1D"
"evaluation/type_prior_comparison.py","6733","EEE84A06B56F1427DDAD27507E33F5DCF0A35A280CC3B4FE7E984CD163671774"
"evaluation/type_prior_value_stats.py","7747","1472C0793AEB75622A6EB8ACEAE13A354BB35584F7181F969AB79E2A1821D169"
"evaluation/v3_watchdog.py","9423","D3793B6F6BFFFFD8EEB8E1FA10076CEFA2B357BA243FBF1665AA99BE7DD8C6E9"
"evaluation/v4_group_endpoint.py","7732","BC0B397E1BE3AAC9FC4E08CB5A82C9607EAD24854223B8C9E0EF88073C3F6804"
"evaluation/v4_group_scoring.py","4665","16CDBBCA8D9282FB817BEE66DC5DFEBE65D9A79A92E6B037E4092C28C593F745"
"evaluation/v4_identity_endpoint.py","6655","CE4A913A0F7F8D81009FA4AAA477018C97E63D9A88EFF5274961CB2276125F5E"
"loss/__init__.py","0","E3B0C44298FC1C149AFBF4C8996FB92427AE41E4649B934CA495991B7852B855"
"loss/rgc_response.py","2524","13327CB7A9515DD8AAB9BDC754F1C9E4008BE1BB43F6B7967746213AF118EEA0"
"models/__init__.py","0","E3B0C44298FC1C149AFBF4C8996FB92427AE41E4649B934CA495991B7852B855"
"models/cells/__init__.py","0","E3B0C44298FC1C149AFBF4C8996FB92427AE41E4649B934CA495991B7852B855"
"models/cells/amacrine_types.py","3485","530DEA4B1688113314A2334AFFEDD4901AC6417BDAD5563BFDCA104A8EF05472"
"models/cells/amacrine.py","7219","EC099953EA204A8E7A125419D2524FE3ABA531DFFCA32F7489B59593BEF753A7"
"models/cells/bipolar_nonlinearity.py","1061","9AEE8D6E857573865764F8479CC7CC7A56B0B6DCE2B76D7AB69452357D72BF37"
"models/cells/bipolar_types.py","6009","0B64ABE54DED730D1818E6BD31A46A1A6A6D1A774B317330B010387AA499EA22"
"models/cells/bipolar.py","9654","C5334C8B71F3F27FD9C715EA6E26B164F64757A75B53A3C7E388F32622FB6EDE"
"models/cells/horizontal.py","11609","EE74C1E6839A6FF344DEB9BB292B71970D67005BA93F2BD6D4DEFA607B30F0F2"
"models/cells/parameter_sharing.py","6686","DD9A0A8C891CDEF486EE9D6A1848A011CE131D7A484F964386835EE367333C7E"
"models/cells/temporal.py","3066","25A8A174D3DBB2F080D97BFBAAD2BC2FA6E2310B8A462F05668D82BA014B8ED5"
"models/cells/typed_rgc.py","19389","5EE8E345395D309BE22A8F17B92063122C50AB424D7892D4EACACB1A48B52245"
"models/mechanistic_retina/__init__.py","409","4F0B9E668C2DDC3C9BAE13553AEC50A52A133401DB6E9B2F2A2127F085882390"
"models/mechanistic_retina/amacrine_pathways.py","3754","DC8C3CE543B4AF2412F53A57FBCC60785433DE7A61D7E169E1094D1D7E247631"
"models/mechanistic_retina/bipolar_subunits.py","9241","C14CFF98435E3D5401AC5307FE4AF080D04A7321F572ADEFCFDD1B04305751E5"
"models/mechanistic_retina/canonical_contract.py","918","344E87EC2544AC49C12EF704A20FC428C7A5F308F1F9BAACFCD425B62AEE1EBB"
"models/mechanistic_retina/causal_contract.py","1254","0AACEE1E4B98F144F082D87EB77ABE03912CB086CCA6DD2D86802DD49BCEB726"
"models/mechanistic_retina/cell_specific_gains.py","3757","72FE52688E5C04211A711A720F443E361FC4E59F25D9CA4F25735F39CBBE01DB"
"models/mechanistic_retina/contracts.py","9627","3050E2EFA26490A0D6AC36564D184DFE3D7AC99F9B5280ED912E33A7BD4EE843"
"models/mechanistic_retina/delay_parameters.py","950","083816A26AA1D94D620B2460D6E1C7EFD0B04E5825AA01775272D2BF5BD37C02"
"models/mechanistic_retina/graph.py","2309","D647C5D042383772A675F5A9B59120BD5C783D931C92523578811634270153BD"
"models/mechanistic_retina/h1_pathway.py","3046","DAB8E1A687C3EC9CED59E29EE0B1FFB49D93BD2D7732049EB06C265A4321D156"
"models/mechanistic_retina/model.py","9405","040B631F93AFF307D06F5D354D971EA9E9D00BF1EB5595A0ECBA1C2BE76828EF"
"models/mechanistic_retina/neural_operators.py","1329","13B63E667CDDB54F17B0B0D1F1906180D71155FA7CDFFD26FDFFC81E0B86EFEF"
"models/mechanistic_retina/pathway_gates.py","4203","14C38959E47205546E029A2BA0FA826FD5CDE45D467834AE66597A0EE9476C11"
"models/mechanistic_retina/pathway_rf.py","3152","211D3FDAAE9F5C0FAB17F2332098948BBD2A7C6A0D22CC46E1FAE17CA4DBA521"
"models/mechanistic_retina/pathway_spatial_geometry.py","2475","DBD9C432668F6194CFC333778CFA178A2D2332230E9B4E11C571DC9E31ED9708"
"models/mechanistic_retina/pathway_temporal.py","996","BD0096ACC4138E26953CADE22D347C13AD0D4F3807CECA5F0E4A30EBC695A265"
"models/mechanistic_retina/phase1_run_contract.py","1498","939474D43BF05DD85D4DD152B48ABD636A686A489DF8ECB1749C75491A972E3A"
"models/mechanistic_retina/rgc_state.py","2977","859D29F65D2DF0A8785FA8087F873404ABA0F15585441D1DB251E69FEE8D7540"
"models/mechanistic_retina/shared_subunits.py","5036","78A9D7AF1C572851953BD8917F94E3149FA8823B33363FA04B903A575B25004D"
"models/mechanistic_retina/spatial_contract.py","3274","718923E8112175A2469460FB41D23CE974437A88670DB00EF75263DAF41A1A11"
"models/mechanistic_retina/state.py","3507","FB20576FA7C277DEB01261D0AD7F743211A7AAB2643986D8BFFD2BA47B3E486B"
"models/mechanistic_retina/support_partition.py","2366","E049DE5E3AB44F5089936EAA94904EA2B27EF43D043169C4D6BADDAAFACC36B4"
"models/mechanistic_retina/temporal_parameters.py","4488","3230165B0C7A86C340E76467B4BC2EB965ADD94B20F8832B5E99D6D973BF3505"
"models/response_snn.py","7455","6B45F221363D2E2A0FD35A50FEA8F3509DD55EF2B4B44CE55C9D35B37CEBDD06"
"README.md","4223","2A4C65D6B78F5AA9E3BA6CA921337CBF77AA830DEA10395FB2DDAA16424D6D0A"
"scripts/audit_response_gradients.py","4021","20D9E8985E47B9161D2E9E88B2FB6D3D6E23D47F34AA80A4D5DC69303E6B81AE"
"scripts/build_natural_motion_sequences.py","7617","066B12D925BA373E30AFF87C296E5731D1D69A53DDFE0ECCABF042CD5C0D0884"
"scripts/compare_type_prior_variants.py","1042","0833B871CD24E1432D80965CC36E254EA34654251798F7F9CE0A37CAB189C6CF"
"scripts/draw_retina_snn_signal_flow.py","12579","86135C70E8683DBD450522A1FE144B641BC924F374D5B315DFE7B031A54CC638"
"scripts/evaluation/estimand_report_status.py","2760","2A463767774D8E99895E7C83214704B4AF8769D0D34B7941D5AB9E8B192FC1FC"
"scripts/generate_synthetic_response_benchmark.py","5289","B4B0E4E7712F73653E8ABAF6119E2634A63FC35D3684FF1DDDC6072C968FD782"
"scripts/isetbio_h5_gate.py","4400","01E3263E607AA73B2F0B0413885C35318C056913F0BE0F819C473C8ED08E9EFF"
"scripts/run_ac_circuit_perturbation.py","1307","899C48C16ED7B8DFCC562E890B45AB6983FF8C2DF59FAA1C816BD87CEF18E7CF"
"scripts/run_ac_temporal_circuit_perturbation.py","1313","E58FB638AEC8BD52AAE2E739B4FDA89CB1BCDCBB61F8E25F8FC4A06076614C11"
"scripts/run_calibration_audit.py","8653","ECAB1327AC3388FB85BC556E76991F6DD9A76E60DEA42BF3EBFEDFF4C9B66FDE"
"scripts/run_clean_sampled_mechanistic_benchmark.py","1100","D1740E238EE1C45D273F2DB8A2DE527044ACF88D170A7F8DFD770968C5779CDF"
"scripts/run_decisive_experiments.py","9032","773A0EF2AC4CE437DCAD957E076AB392ADE8DBE140CA22D244709FF3AE5EBAC4"
"scripts/run_estimand_alignment_experiments.py","9035","564048C6C65903B8F96CB0ABA92702E1091BD98D8D15DA9819F02EF73F249780"
"scripts/run_experiment.py","13119","DF93878A0B4A63051FFF6E4B6FED5462E2E98F6B2AD5B9FBD4C3E77F605CEC1E"
"scripts/run_karamanlis_locality_graph.py","1198","8A7D5F949D3ABA2AB76F802CD953D5EBB470ADA670CD1FD1474A66D2FC9C862F"
"scripts/run_karamanlis_pathway_mixture_v2.py","918","7B8F9EFF9F6F71919038695FD440825758DE08ECC503671F76B8B1C580B756F2"
"scripts/run_karamanlis_rf_centers.py","10627","991A17BA8CF1B4935870CBC88FBE6CA03AF053007F26F1057B6E32D24E4F77B9"
"scripts/run_karamanlis_rf_population_training.py","795","148CE24CFCEFA290AD37BAEF152991A54E25FE8D86D92C8E59CF0A95658576EE"
"scripts/run_karamanlis_v1_ac_perturbation.py","1562","1D6A3CEB6A99EA6AF47E81E564EDCE26C64E3999A485FBC5966581969EEA9DCB"
"scripts/run_karamanlis_v1_rf_validation.py","1544","DAAE8F8393C159ACDEFE5D87244BE442BE3D020F2C34CC39B3BCC35180DB49A5"
"scripts/run_mechanism_checkpoint_replay.py","4944","6584E84BE6BA49049B4A0B6E340D5D6C3E2AE4A1AD0E42E7D2F8C6345BAACD73"
"scripts/run_mechanism_identifiability.py","3979","C0BCBA1240E9F48B616F95E99F4C129B3CB19F78BD0E2DCE26C3351DBEC9AD27"
"scripts/run_model_comparison.py","3581","E45B1CB6C0E6F369A77A0A416BCB20650944EA5C41269C0EE8722D0D32842A25"
"scripts/run_sample_efficiency.py","2263","DA5D9AC9B7FB0695F37367514D2ECE329D74927BFB81054AF4FC50905A169D4C"
"scripts/run_schottdorf_final_prediction_benchmark.py","2149","074EAD4903C90ED63940F1ECCB8E951BCCA45099450CF49012B6F2BA7ABBACF3"
"scripts/run_schottdorf_multirecording_training.py","1210","4368FF54DA2981A741410DFDA724CA741BE09E55C9621FA8B22CA3D11B98C995"
"tests/calibration_fixture.py","3448","8F9A0CA8FB4060277475B84E19EFA2AC9586BB18E67B8A78701F5F69507B1875"
"tests/decisive_variant_fixtures.py","3033","1AE76362CE8363F6B7909F9D35F4FCE9645234531D6BBFC4232BBE6403DC42B0"
"tests/response_pipeline_history_fixtures.py","7418","B9785C6811DE5BDFFA56E28F127A892677B7D4838F043E81C9DD464294CF5ABC"
"tests/sample_efficiency_cli_helpers.py","3754","D9D1FF7F4D6BA75CC654A8FCC8C5A214E9C68296E18FC39B97954E0FE993F27B"
"tests/test_ac_circuit_perturbation.py","7356","87A3D0B38DA451CCC621CE3C431FFD38111272CDC47F04128B3B1C605745AE29"
"tests/test_ac_temporal_circuit_perturbation.py","8864","69E008CA452F4C8419B1C851A8BD30484F93A3D25D8FA45ABCF9D200C6C2B5EE"
"tests/test_calibration_audit_cli.py","1086","CFABE35EE43667A60DF4112857B5EE4812F55232948F08EF9F2178525835182B"
"tests/test_candidate_teacher_contract.py","4966","679648F932A6031646D20D16A34E7B8A6E8955A3829809FD7DE417A34F2FCF39"
"tests/test_candidate0_likelihood_math.py","1883","4F9CC60140912128FB474A3339E9EA1A038E3F792C493E6975EB225228C69376"
"tests/test_candidate0_projection_math.py","2925","1B4869406216AF5535800747866B0AFF23C689AFC31A1EC0A199BEE723B323EE"
"tests/test_canonical_geometry_entry_correctness.py","9302","E5A377C772B7DB4754EC81FAE066C9357EDB2401E2176B73513DE15C53424920"
"tests/test_canonical_mixing_correctness.py","8848","3F503FAF68A10B19FE490A7394C0CFDE3A351F9D1946890CE5C643B66D1DF503"
"tests/test_causal_pathway_contract.py","10935","2BC8438855C07AEA5C5F86DAA640D9B72A59A015BADBF622B1FCE3CCF14B692A"
"tests/test_cell_specific_pathway_mixture_v2.py","5738","540EBE68FCFB959F415D74C0E90909938F5949ACAE5064162A0602B406C031D3"
"tests/test_cell_specific_physiological_gains.py","7596","CE27F716DB39F3EB2FFA815953FDF100F6AA297F713F59CCFDF039FA94A2B809"
"tests/test_center_surround_ln_training.py","4113","24EA0AE90EF77459B53461C3063297D9C3ECC56AB04789829260FEA92AC0C1CB"
"tests/test_center_surround_ln.py","5153","6EDEFBEBD711D8533F46DBC14E354A58990F2CC4CB59F80BC4F8748B63319D28"
"tests/test_clean_sampled_mechanistic_benchmark.py","9146","A21EA809816C6F6B0B53C8D30C0DD5D30AF50B002D10C6E0B03C822C2279D94C"
"tests/test_compact_causal_cnn.py","5102","D169BB5F8A38B01497044F65410B53378A9E6A94141AB8791C25D78FA1E643C3"
"tests/test_decisive_experiments.py","10449","63CF1A4A384B098DE0F815158D64B07336D7EEFA8AFD14270FF5A9209A90CDE6"
"tests/test_draw_retina_snn_evidence_flow.py","1793","A3CA567329E71E586565B014E4C3AABBA4CDB33EA592EA4528D48D99EAAEA0E3"
"tests/test_draw_retina_snn_signal_flow.py","2951","48B18B7F3DACFCFE4211E73C1C7E58FC831488D0CBDC7F4460A694E72DA9A04A"
"tests/test_draw_retina_snn_training_flow.py","1859","D2EC79BCFDF56F86EDA8B403B902BC6346F121451777B2E89C466422ADE72D47"
"tests/test_estimand_alignment.py","8762","182B6B26285D21DB773060258CFC8F14A88CE8326BACAF4BCC89E173F262E6C1"
"tests/test_estimand_status_gate.py","2616","073DE52E8A1C9645C7E6BBF5AAE04211CD74F3E7E8B7E7CABF174E2D6F03B221"
"tests/test_factorized_ln_protocol.py","4342","B63B4DF10183C5AED44556BAF4FE576A500C190774DE91F18FAE3856872C3F44"
"tests/test_glm_calibration_modes.py","2271","6DC738153F32A4C3686F49DA4CF6A5C215E78BAA05C906DD3F13407C32C1A1E2"
"tests/test_glm_evaluation_split.py","2344","F18A652D33EAD0B1DE882364B3FA9ADED1E44919EDDD7D181141E7FBE25934B7"
"tests/test_gradient_decomposition.py","467","5808A6228893D87D124FC1DD8C33771C191B131E4CCD17AE653A5A1DC6CB1134"
"tests/test_karamanlis_locality_graph.py","7651","1D4A213241F90FBAAA998B5B67DD5B629284DABDB51D42FC5D76408599D3F508"
"tests/test_karamanlis_marmoset_adapter.py","6000","24F639F15D62068A9D0DA7131C39ED63B473C012FA9B5749C79E17C300884292"
"tests/test_karamanlis_population_training.py","3536","D0567A57E1B34CB36E1DA1C4A33C2F40E829D5BD374A1DAE44268C6FB779ACD9"
"tests/test_karamanlis_prediction_baselines.py","5675","A0401CD08F1E3CE451C67C34DE8D83EB141729483F4EA1CC4FEC95BFDA269DEE"
"tests/test_karamanlis_rf_centers.py","4032","E88F1C95C2F82712C1F674F092D0B8C4A40530808265373DC894E013D976E808"
"tests/test_karamanlis_rf_geometry_training.py","9926","48CD6E3B5F4EAFE48E860225284CE78D4B544807E288AA84CB51AB70ACC8CF39"
"tests/test_karamanlis_rf_glm_baseline_run.py","3387","13873F2850FBD2D820128A62D515E5968B8B03885F8AB5C88658196893730E6E"
"tests/test_karamanlis_v1_ac_perturbation.py","9114","343C02E29633F26D224748D52D4439F1D830ABE359597822751A043F7F0DA763"
"tests/test_karamanlis_v1_rf_validation.py","6035","0F6C694EF59B480740B198BF60119EF38B599A813FFCC07E5FF58CD1BE1B1820"
"tests/test_mechanism_checkpoint_replay.py","8743","B4DCE9BFD29D2DDBA3232F78F5B3E9D3458972D985CA422B58349E4A710A1C13"
"tests/test_mechanism_identifiability_protocol.py","5900","BFF99367DEF5B3D4BC128EA44FE4507B7F2CB16FE90B3161053FEB17A8495908"
"tests/test_mechanism_identifiable_model.py","7363","E2FF442BBBA951975A2F2ADD0E76C8091C39FF48A64E9A8B0082B2FEB9FB7657"
"tests/test_mechanistic_retina_contract.py","5033","8D7C7DA01F7A2086A8CA7643DA33530CD1EE0D51F9D24FFED59CDCE35335ED44"
"tests/test_mechanistic_retina_direct.py","4379","5F0283B5219510C68654C5AF1B9A68ECB2245739666D9221067358D0304B131C"
"tests/test_mechanistic_retina_evaluation.py","2228","B64C01ED07ECE8D8B71DD94BFD644E9E38BE2A33676EAEE51C5D4A189178A2C2"
"tests/test_mechanistic_retina_operator.py","2392","DA8EE2162EA78B18C3D9CA6BC3246AE7D6ADE6131787B691B50BA92BA144FF17"
"tests/test_mechanistic_retina_training.py","6925","BC691F23D85E6DB58A79E8348A8304D8222FE4AF6EC69DC00761BAA995BB4B86"
"tests/test_mechanistic_temporal_parameters.py","7790","02957370DDDFCE2E6F176942F789447ACBE9C5AFBFA070042B399DBFD57DFF15"
"tests/test_model_comparison.py","8125","38CBF161B87E105A62BF000B293981D9666B050930CF35796B8A3900CE14A178"
"tests/test_parameter_contract_cleanup.py","3829","5193C3EE8BA3DEF64519EC15F59C3835502EF7617028C646654146C29760EFEF"
"tests/test_parameter_delta_audit.py","4993","00A59B873D767062AEC6AF50341EF9F512D740DE20CE04D1AF4DB6DF41A94920"
"tests/test_pathway_strength_parameterization.py","9870","98A624BC14DE3FB30E0875FC9206C5799D6BDBC16C7D20EA144FF4930308240F"
"tests/test_r4_development_run.py","1620","DB09ECC90B1450395608D3B23DB0621B9490F67AE7DC5EE5FE957F20EFACC312"
"tests/test_r4_development.py","6423","C9ACA25D9028446DCBBD84775C10D15A7A5495E1F670008B763247201542DFDB"
"tests/test_response_calibration.py","11155","E0B92FCBD9BE1FB37423831A9389FB1832CC13FD8810199834ED9928360B1328"
"tests/test_response_checkpoint_lineage.py","5082","008B9DC3153B707196FF736774DE539D9B91F656D06054B3117E42BF7128C4B1"
"tests/test_response_final_test_contract.py","989","8B548FC558C7E90C8E275A7ABFDB67BB069C73FDE44B0608D6787C7E7A74774B"
"tests/test_response_history_diagnostics.py","1811","044C5B2C762E2B0BA82CF6299CBC08F9CBD73E8E2FE383614C025DF210F690F7"
"tests/test_response_input_identity.py","4429","062499981C5B3D950DC761F622EB876F7D518E53E3024489DB19EE892F58CBB9"
"tests/test_response_metrics_contract.py","8402","DFCB5DC808E3DFBA2E0EAF966F4883915CC306AA6C46630979B686F6AF811086"
"tests/test_response_pipeline_contract.py","1085","406406B3DA232153DA478F8459A0E9B0315306448FA2EEE8731608A94C7CB1C2"
"tests/test_response_pipeline_history_contract.py","2913","4954C124BB0B411BC5EC299AFC126818ED7F06A5BF2C6DC710ABBEF38C7B189B"
"tests/test_response_pipeline_history_fd_toggle.py","2778","EF540DE059725FCE76266FF25FC0366E898F4E8E840BFCF6AC6F1FBFFBB9CF01"
"tests/test_response_prediction_collection.py","1777","E11A75069D1C256B9B0CCC5F4523FEF719A9FA2CFF8F3C71D8E17547955EB7E6"
"tests/test_response_probe_supervision.py","955","7B8D1157C66952C67B02BBB15DB73E45228D8181742A901CD9518158F679091C"
"tests/test_response_readout_calibration.py","9263","E47DF2A5E340FA55E1C3403B5A1B5614D51519A720AA891C4D1A9FB2B30F2466"
"tests/test_response_readout_checkpoint_audit.py","3390","BAE74DC1768D0AF9FF3C4D66A4F8174B7E4146070DF7959233468E3791D66C36"
"tests/test_response_recovery_modes.py","5109","44476C5C69EA1150FBEF5DDB9D0941E8F9007D2C1B04E4E7259EE45B031D7CFD"
"tests/test_response_reporting_contract.py","11861","33BBF0D9AAECD03918F60AD8B0113FF5E7FD882F86308387E23124C27009CB27"
"tests/test_response_rf_history_contract.py","8499","BA949BA8DF15739B3F1F98C5184C3A1F322AA4FDC59729D33951959C727DFF8A"
"tests/test_response_rf_standard_history_recovery.py","1404","379D4070AE323DA89F0EF53CBDEA0325118E5F9E0A72D2169220A5213F1DD599"
"tests/test_response_rf.py","9429","258812A4FD5BCCD364F5D825E787F177B68F17CE38F515CE166BAE18B8FB4D25"
"tests/test_response_scientific_contracts.py","7821","6E317475E8FABDFDAA6DEA2683E13990AB947D8B0F8977A6D150DF090D63F77F"
"tests/test_response_training_contract.py","11897","5057EC29B882CAD798876396F1314DC78EC45CD6AA39E7D42B6104CED6C97DE5"
"tests/test_retina_audit_corrections.py","7585","20A43CED65B359FA568E8142CFD9DD67FB0EE4A399D664AAD692E65606653C11"
"tests/test_rf_audit_diagnostics.py","4502","EA31083611099F9023726E37C8DE793D5A4300E233F78AB2731B3315BDC382EC"
"tests/test_rf_dynamic_teacher.py","5131","9B116255016E3CCC4E295D918B03A81C4F70A780B292F8265A3B5557C75C2C8A"
"tests/test_rf_history_map_contract.py","4424","E6F987E3513413204EBE64D1B3A99F30EDDAD731BABE9AC7624EDDFB6B01A033"
"tests/test_rf_identifiability_artifacts.py","4277","4C250B7CE4E7BA5C76CC4ACFC4BA11EBEDCAF69FD59698576412464C3A0F3412"
"tests/test_rf_identifiability_audit.py","6627","7A9518E1E144099C40C8EB00C0AAA438CF474BEE6563BF820FE335048D552064"
"tests/test_rf_math_readout_contract.py","5507","633B598C0FAAF08F5A15F05A462A61FB399B729FE39EA1B7AE6A572FD90A514A"
"tests/test_rgc_response_data.py","9296","846933B47A3AFE4790E1E6F821AF5FBD9475C5924ED8EAAA81983900F1897652"
"tests/test_rgc_response_loss.py","944","868F49A023E889978835E29E31F00BD0AA3158B47138E22F7CFDAB861AB7EE34"
"tests/test_rgc_type_priors.py","1954","E37B18F60D750EB1654B4E077BE043E87772DD0BFB64D1A4E6314FC9CCBB358F"
"tests/test_sample_efficiency_cli_execution.py","4810","097F64DF31D2F20EBB41E37B6A92AD5092DC98597210ADF3042F2726158E3222"
"tests/test_sample_efficiency_cli.py","8343","35EAA5FE598E40F4CE66B07933BB9306E6ABC8EF4C211EE38040C1A128AEB422"
"tests/test_sample_efficiency_profiles.py","7734","A4216C1DDFE4664F12F6239821A8B1A01BC8913550615A759A820B39A307BE6A"
"tests/test_sample_efficiency_protocol.py","9351","B1FBE699CF2568527C51C1475DFFA16F055A0E5F0F87A9A23D5F394C80032353"
"tests/test_sample_efficiency_reporting.py","11476","5081670B1AEB207A6D122EDC244590F09370E645DE8CD53C96813AE69368BFA7"
"tests/test_sample_efficiency_reuse.py","8620","52F34EBBF65C76FB5BFD1739A0EA5073E1472C1D3A2787DC578E2C80B2C78195"
"tests/test_sampled_spike_robustness.py","2921","B3D1C454540435EA4A3CB0DB78FAE4C588E71C1C4CF9B89F8ED444FF4F882683"
"tests/test_schottdorf_factorized_ln.py","2033","B9741105C986C256C03AFB7DC1B3A9F78ABFE9D261B4EAD1AAE5DDF39E42D4AC"
"tests/test_schottdorf_final_benchmark.py","4336","B4A0D054B9E26E7CB3969AE3A5514244C0BCF9B34E96F43830CDAA22E6B1F5F2"
"tests/test_schottdorf_macaque_adapter.py","6058","DF25905AB1AE7931B42A8E9425DDF408F336C02E47D77FFBDD3D728420D6A888"
"tests/test_schottdorf_multirecording.py","8900","E0A52746EEBFE13A86D7DE76932CD18EDAC343562F0FD3E42F161D65796644B1"
"tests/test_schottdorf_prediction_baselines.py","5263","EB05F298F33F53AA6A1A74956D8981D09DE60E4E1BDD7F9F2DFBE6225ABD12B8"
"tests/test_schottdorf_spike_parser.py","3900","2C5ABFDF60F615156E9D67E36FFB74864BFE4A61C50E340394C3E531C2344CE5"
"tests/test_spatial_checkpoint_contract.py","3725","6C29F30A664E32DEEDE4918D693FB6839283A3A29DE88E7094A06AE593B7B72D"
"tests/test_spatial_contrast_adapted.py","5235","FD2A778BB94356DD551797326D8BEA259B730F9A789E71E42F57C7EFFF30DF8F"
"tests/test_spatial_pathway_contract.py","9529","8564983DE13A31009F9ED6C05B78B913C7888DCE1623349E83E29AA47F937F55"
"tests/test_static_teacher_preflight.py","1207","75EB6DC35FC3BF67014D2C54E7AF05BE63DDE4E25282C9BEE19451AB06A86F1F"
"tests/test_synthetic_response_benchmark.py","7243","2456F798A103CCC7CD6B7F0CAEF445FEF3C2E9FC3265205C2110C0B7FF9D9BD9"
"tests/test_synthetic_teacher_history.py","7800","F7AF944F5AE208A17AF19061EE1D666B2460B986C32C416E8F330C90D16FCC21"
"tests/test_synthetic_teacher_identity.py","5653","3EE617FE227E2809E60F794912497CD029854A4D04888F56D1D44746A43CA033"
"tests/test_temporal_center_surround.py","2713","002FC1FA1108B83262BFD3625DD4CB879A776DC743DAFDCC11C622F83C463CBB"
"tests/test_type_prior_comparison.py","8685","A16BD62723AF1D0CF177CA13D15A29D62E7AB7C80E242A53A76ADC6F82DEBDC3"
"tests/test_type_prior_rf_artifact_validation.py","3743","8F253183562603F29137BC239BD287172606D574938CD3210D746925F39FFEB3"
"tests/test_typed_rgc_population.py","20611","6594A84943494B2FD2EE7BEC4B365CA63564678A2DB252668D0AC6C967CDFE4D"
"tests/test_v3_watchdog.py","3729","AA4C3993DF24A46BA343DBBCDAF7271E8471BB21EE66A6648B61D0BAE77AC2B3"
"tests/test_v4_group_endpoint.py","2757","C6F2912902BA1EE106FCF0A7C0C4B2CFC102B063D037EBCB60FE0B87C19D6E6F"
"tests/test_v4_identity_endpoint.py","2289","5BB18F1AFD385736C1DEAAEC7BF98DB410B2C913D06E949A91EFB54DC0F06529"
"tests/type_prior_fixture.py","8908","A62667C2BB9CF726A75D6A9759808060475ED8FED01B8FF1781639FB8FE8B035"
"training/__init__.py","0","E3B0C44298FC1C149AFBF4C8996FB92427AE41E4649B934CA495991B7852B855"
"training/mechanistic_retina/__init__.py","365","06DBC0CA9A548BEC4FCAE1692FBB49BD39785BAA08C0F42674CD1206B178FE09"
"training/mechanistic_retina/center_surround_ln.py","8124","D87070F6E87E32D7F7FDBB678525B9FE775A117348D9F92848E0498031719007"
"training/mechanistic_retina/compact_causal_cnn.py","7355","29A89279889BED4CDF3AE9B932802D0EBFA3EB5FB0DBF953152CF591F17C0D77"
"training/mechanistic_retina/gain_audit.py","494","E5F9A2F76B1441D05398AD34138EA8120912C61AD05ED9C2CF48890BF508AA50"
"training/mechanistic_retina/losses.py","990","6E26F7B0AC7D08B681D2B4A291E457D8159E170AFC41C6B39ABA4166FB9CC91A"
"training/mechanistic_retina/optimizer.py","1206","06D169AE1EBB6A258D844C7F3038E28ECE78A8CDCAA78FCDB6F8C9B3F08ABA17"
"training/mechanistic_retina/r4_development.py","5731","1BF301B0684A87AD714E51E3CCC886DB9FF4B7FE277B2FFACFAC60BB69B637BA"
"training/mechanistic_retina/real_early_stopping.py","9225","736B19F9EAD119F31F53D6A4A32E716CDB70D37A0659D620EFB8E2BA90B46926"
"training/mechanistic_retina/real_sampled.py","7141","91EE5ABC3C6AFB204C6142F52CB3675045E7E2B4E19BE8760B7581BD29513D20"
"training/mechanistic_retina/sampled.py","5823","235E18D93CBB9C462CE1C77506987BA84B9B58C21449A8B50CF25A2C05423B57"
"training/mechanistic_retina/stages.py","8421","380B32F6ACDB12BD5A4C5D76A97321221A5918FB7137696240A84D1BFBCFCD19"
"training/mechanistic_retina/trainer.py","7454","954A092177E3C0B8A12A121E7B0685B670C39EC07C648421530760595C29097D"
"training/response_checkpointing.py","8171","5755B4617C4A02DDD9B1864619F1C8EB6729284DA5C6DBEEE1C901B2CB6D9C32"
"training/response_config_types.py","2724","5A0BED73679D6FDB2199A3176D8DBAD8FBC52FD0CC9BD757B3616A10D5E5CDD7"
"training/response_config.py","7756","81E1D8B81799ACAE62E10A82521E080DA899AB5504BB9B9E3169EF46491C77A0"
"training/response_data.py","8910","A2AD6823D3D61A96B8B64E1940A97DCED8B788F862369B296CA94CC79BDFC769"
"training/response_optimizer.py","1750","801C64778C5379926F674FC312DDDD74FB3F7260553166310BE616E02B93D5EA"
"training/response_readout_calibration.py","7548","960CBF005C0508E0C3D1121B2C9339447022974C3C986FED1E391919992329E6"
"training/response_trainer.py","8166","ABBC6483308798F06117090E947B13C03B2C326AD29A380A7A2908BBDC7017F9"
"training/response_unroll.py","3933","5478AC4CADA5BBA8B95CE0FA88F36011DF15FAC946A36A5D554B69CD6BF5D2A3"
"utils/__init__.py","0","E3B0C44298FC1C149AFBF4C8996FB92427AE41E4649B934CA495991B7852B855"
