combination_id,69#4,67#6,68#4,67#4,Mach dark_normal,Mach dark_AC_off,Mach dark_reversed,Mach bright_normal,Mach bright_AC_off,Mach bright_reversed,SBC_normal,SBC_AC_off,SBC_reversed,Hermann_normal,Hermann_AC_off,Hermann_reversed,White_normal,White_AC_off,White_reversed
C01,primary,primary,primary,primary,-0.0037158323056770094,0.0026779384324044893,True,0.0037158350149790447,-0.002677935000621911,True,-0.03890332001628298,0.00305592038414695,True,-0.0199128710862362,0.0010529100894927977,True,0.01944584720062487,-0.0015421202688506155,True
C02,primary,primary,primary,fresh_1,-0.0037164657404928497,0.002654508569023826,True,0.003716468088554614,-0.002654504595380841,True,-0.03869755665461223,0.00305366443865227,True,-0.019810204433672356,0.001052116805856878,True,0.01934295730157332,-0.0015409646612225157,True
C03,primary,primary,primary,fresh_2,-0.0037936508655548097,0.00268433437202916,True,0.0037936528523763026,-0.0026843307596264463,True,-0.03946867512934136,0.0030274687391338927,True,-0.020192886121345288,0.001043019692103068,True,0.01972911592685815,-0.0015276392300923663,True
C04,primary,primary,fresh_1,primary,-0.00366082408211448,0.0026804891499606046,True,0.003660826791416515,-0.002680485718178027,True,-0.03893003590179212,0.003054981159441399,True,-0.019925316897305576,0.001052587501930468,True,0.01945929906585,-0.0015416484890562116,True
C05,primary,primary,fresh_1,fresh_1,-0.0036614575169303205,0.0026570592865799414,True,0.0036614598649920838,-0.0026570553129369565,True,-0.03872427254012137,0.003052725213946718,True,-0.019822650244741728,0.0010517942182945482,True,0.019356409166798448,-0.0015404928814281118,True
C06,primary,primary,fresh_1,fresh_2,-0.0037386426419922804,0.0026868850895852754,True,0.0037386446288137725,-0.0026868814771825616,True,-0.0394953910148505,0.0030265295144283407,True,-0.020205331932414663,0.001042697104540738,True,0.01974256779208328,-0.0015271674502979624,True
C07,primary,primary,fresh_2,primary,-0.0036708188779426346,0.0026977484876459295,True,0.003670821948484941,-0.002697745055863352,True,-0.03921816475463636,0.0030621640609972407,True,-0.02006722002318411,0.0010550970380956476,True,0.019603082808581265,-0.0015453085754856919,True
C08,primary,primary,fresh_2,fresh_1,-0.003671452312758475,0.002674318624265266,True,0.00367145502206051,-0.0026743146506222814,True,-0.03901240139296561,0.0030599081155025594,True,-0.019964553370620267,0.0010543037544597277,True,0.019500192909529715,-0.001544152967857592,True
C09,primary,primary,fresh_2,fresh_2,-0.003748637437820435,0.0027041444272706003,True,0.003748639785882198,-0.0027041408148678866,True,-0.03978351986769474,0.003033712415984183,True,-0.0203472350582932,0.0010452066407059177,True,0.019886351534814547,-0.0015308275367274429,True
C10,primary,fresh_1,primary,primary,-0.0036764038331580885,0.0025747752550876503,True,0.003676406361839988,-0.002574772003925208,True,-0.038265423883091315,0.002550750428980047,True,-0.019543036186333858,0.0008807202180226643,True,0.019132064508669305,-0.0012901233904289476,True
C11,primary,fresh_1,primary,fresh_1,-0.003677037267973929,0.0025513453917069867,True,0.0036770394354155573,-0.0025513415986841374,True,-0.03805966052142056,0.0025484944834853664,True,-0.01944036953377001,0.0008799269343867446,True,0.01902917460961775,-0.0012889677828008478,True
C12,primary,fresh_1,primary,fresh_2,-0.0037542223930358888,0.002581171194712321,True,0.003754224199237245,-0.002581167762929743,True,-0.0388307789961497,0.002522298783966989,True,-0.019823051221442945,0.0008708298206329345,True,0.019415333234902583,-0.0012756423516706984,True
C13,primary,fresh_1,fresh_1,primary,-0.0036213956095955593,0.0025773259726437655,True,0.0036213981382774586,-0.0025773227214813234,True,-0.038292139768600464,0.0025498112042744952,True,-0.019555481997403232,0.0008803976304603344,True,0.01914551637389443,-0.0012896516106345437,True
C14,primary,fresh_1,fresh_1,fresh_1,-0.0036220290444113996,0.0025538961092631024,True,0.0036220312118530273,-0.002553892316240253,True,-0.03808637640692971,0.002547555258779815,True,-0.019452815344839385,0.0008796043468244148,True,0.01904262647484288,-0.0012884960030064437,True
C15,primary,fresh_1,fresh_1,fresh_2,-0.0036992141694733595,0.0025837219122684363,True,0.003699215975674716,-0.0025837184804858586,True,-0.03885749488165884,0.0025213595592614374,True,-0.019835497032512316,0.0008705072330706047,True,0.019428785100127712,-0.0012751705718762945,True
C16,primary,fresh_1,fresh_2,primary,-0.0036313904054237137,0.0025945853103290905,True,0.0036313932953458846,-0.0025945820591666484,True,-0.0385802686214447,0.002556994105830337,True,-0.019697385123281768,0.0008829071666255141,True,0.0192893001166257,-0.0012933116970640238,True
C17,primary,fresh_1,fresh_2,fresh_1,-0.003632023840239554,0.002571155446948427,True,0.003632026368921453,-0.002571151653925578,True,-0.03837450525977395,0.002554738160335656,True,-0.01959471847071792,0.0008821138829895943,True,0.019186410217574147,-0.001292156089435924,True
C18,primary,fresh_1,fresh_2,fresh_2,-0.003709208965301514,0.0026009812499537613,True,0.0037092111327431416,-0.0026009778181711836,True,-0.03914562373450308,0.0025285424608172792,True,-0.019977400158390855,0.0008730167692357842,True,0.01957256884285898,-0.001278830658305775,True
C19,primary,fresh_2,primary,primary,-0.0036662313071164215,0.002765928253983006,True,0.0036662338357983213,-0.0027659248222004283,True,-0.03920181863235705,0.003075736580473004,True,-0.02006108399593469,0.0010598675771193071,True,0.019594626173828587,-0.0015520363142996123,True
C20,primary,fresh_2,primary,fresh_1,-0.003666864741932262,0.002742498390602343,True,0.0036668669093738904,-0.002742494416959358,True,-0.038996055270686295,0.0030734806349783234,True,-0.01995841734337084,0.0010590742934833872,True,0.019491736274777037,-0.0015508807066715125,True
C21,primary,fresh_2,primary,fresh_2,-0.003744049866994222,0.0027723241936076773,True,0.003744051673195579,-0.0027723205812049635,True,-0.03976717374541543,0.003047284935459946,True,-0.020341099031043777,0.0010499771797295773,True,0.01987789490006187,-0.0015375552755413633,True
C22,primary,fresh_2,fresh_1,primary,-0.0036112230835538923,0.0027684789715391217,True,0.003611225612235792,-0.002768475539756544,True,-0.03922853451786619,0.0030747973557674526,True,-0.02007352980700406,0.001059544989556977,True,0.019608078039053716,-0.0015515645345052084,True
C23,primary,fresh_2,fresh_1,fresh_1,-0.0036118565183697326,0.002745049108158458,True,0.003611858685811361,-0.0027450451345154736,True,-0.039022771156195436,0.0030725414102727717,True,-0.019970863154440213,0.0010587517059210574,True,0.019505188140002162,-0.0015504089268771086,True
C24,primary,fresh_2,fresh_1,fresh_2,-0.0036890416434316926,0.0027748749111637925,True,0.0036890434496330495,-0.0027748712987610787,True,-0.03979388963092457,0.0030463457107543944,True,-0.020353544842113148,0.0010496545921672472,True,0.019891346765286994,-0.0015370834957469592,True
C25,primary,fresh_2,fresh_2,primary,-0.0036212178793820467,0.0027857383092244467,True,0.0036212207693042176,-0.002785734877441869,True,-0.03951666337071043,0.003081980257323294,True,-0.020215432932882596,0.0010620545257221568,True,0.019751861781784983,-0.0015552246209346887,True
C26,primary,fresh_2,fresh_2,fresh_1,-0.003621851314197887,0.002762308445843783,True,0.0036218538428797868,-0.002762304472200798,True,-0.039310900009039675,0.003079724311828613,True,-0.02011276628031875,0.001061261242086237,True,0.019648971882733433,-0.0015540690133065888,True
C27,primary,fresh_2,fresh_2,fresh_2,-0.003699036439259847,0.0027921342488491175,True,0.0036990386067014755,-0.0027921306364464037,True,-0.04008201848376881,0.0030535286123102366,True,-0.020495447967991683,0.001052164128332427,True,0.020035130508018265,-0.0015407435821764397,True
C28,fresh_1,primary,primary,primary,-0.0036388928239995785,0.0026583118872209027,True,0.003638895894541885,-0.0026583089972987317,True,-0.03810913255720428,0.0030760891509778576,True,-0.01951471567153931,0.001059770222866174,True,0.01904765927430355,-0.001552177198005445,True
C29,fresh_1,primary,primary,fresh_1,-0.003639526258815419,0.0026348820238402395,True,0.003639528968117454,-0.002634878592057662,True,-0.037903369195533526,0.0030738332054831767,True,-0.01941204901897546,0.0010589769392302542,True,0.018944769375252,-0.0015510215903773452,True
C30,fresh_1,primary,primary,fresh_2,-0.003716711383877379,0.002664707826845574,True,0.003716713731939142,-0.002664704756303267,True,-0.03867448767026266,0.0030476375059647993,True,-0.019794730706648393,0.001049879825476444,True,0.01933092800053683,-0.001537696159247196,True
C31,fresh_1,primary,fresh_1,primary,-0.0035838846004370493,0.0026608626047770183,True,0.003583887670979356,-0.0026608597148548474,True,-0.03813584844271342,0.0030751499262723055,True,-0.019527161482608676,0.001059447635303844,True,0.01906111113952868,-0.0015517054182110411,True
C32,fresh_1,primary,fresh_1,fresh_1,-0.003584518035252889,0.0026374327413963548,True,0.003584520744554924,-0.002637429309613777,True,-0.03793008508104267,0.0030728939807776246,True,-0.019424494830044832,0.0010586543516679244,True,0.01895822124047713,-0.0015505498105829413,True
C33,fresh_1,primary,fresh_1,fresh_2,-0.0036617031603148487,0.002667258544401689,True,0.003661705508376613,-0.002667255473859382,True,-0.0387012035557718,0.003046698281259248,True,-0.019807176517717764,0.0010495572379141142,True,0.01934437986576196,-0.0015372243794527921,True
C34,fresh_1,primary,fresh_2,primary,-0.0035938793962652037,0.0026781219424623433,True,0.0035938828280477815,-0.0026781190525401724,True,-0.03842397729555766,0.003082332827828147,True,-0.019669064608487215,0.0010619571714690238,True,0.019204894882259946,-0.0015553655046405214,True
C35,fresh_1,primary,fresh_2,fresh_1,-0.0035945128310810436,0.0026546920790816797,True,0.00359451590162335,-0.002654688647299102,True,-0.038218213933886906,0.003080076882333467,True,-0.019566397955923368,0.001061163887833104,True,0.019102004983208395,-0.0015542098970124216,True
C36,fresh_1,primary,fresh_2,fresh_2,-0.0036716979561430036,0.0026845178820870137,True,0.003671700665445039,-0.002684514811544707,True,-0.03898933240861604,0.0030538811828150895,True,-0.0199490796435963,0.0010520667740792939,True,0.019488163608493227,-0.0015408844658822724,True
C37,fresh_1,fresh_1,primary,primary,-0.0035994643514806576,0.0025551487099040636,True,0.0035994672414028286,-0.0025551460006020287,True,-0.037471236424012615,0.002570919195810954,True,-0.019144880771636962,0.0008875803513960404,True,0.018733876582347986,-0.0013001803195837771,True
C38,fresh_1,fresh_1,primary,fresh_1,-0.003600097786296498,0.0025317188465234005,True,0.0036001003149783977,-0.0025317155953609584,True,-0.03726547306234186,0.002568663250316273,True,-0.019042214119073118,0.0008867870677601207,True,0.018630986683296435,-0.0012990247119556773,True
C39,fresh_1,fresh_1,primary,fresh_2,-0.003677282911358458,0.002561544649528735,True,0.0036772850788000856,-0.002561541759606564,True,-0.038036591537071,0.002542467550797896,True,-0.01942489580674605,0.0008776899540063107,True,0.019017145308581264,-0.0012856992808255282,True
C40,fresh_1,fresh_1,fresh_1,primary,-0.0035444561279181284,0.002557699427460179,True,0.003544459017840299,-0.002557696718158144,True,-0.03749795230952176,0.0025699799711054023,True,-0.019157326582706333,0.0008872577638337105,True,0.01874732844757311,-0.0012997085397893733,True
C41,fresh_1,fresh_1,fresh_1,fresh_1,-0.003545089562733968,0.0025342695640795158,True,0.0035450920914158676,-0.0025342663129170736,True,-0.03729218894785101,0.0025677240256107214,True,-0.01905465993014249,0.0008864644801977908,True,0.01864443854852156,-0.0012985529321612732,True
C42,fresh_1,fresh_1,fresh_1,fresh_2,-0.003622274687795928,0.00256409536708485,True,0.0036222768552375563,-0.002564092477162679,True,-0.03806330742258014,0.0025415283260923445,True,-0.01943734161781542,0.0008773673664439807,True,0.019030597173806393,-0.0012852275010311243,True
C43,fresh_1,fresh_1,fresh_2,primary,-0.003554450923746283,0.0025749587651455043,True,0.003554454174908725,-0.002574956055843469,True,-0.037786081162366,0.0025771628726612436,True,-0.019299229708584872,0.0008897672999988903,True,0.01889111219030438,-0.0013033686262188535,True
C44,fresh_1,fresh_1,fresh_2,fresh_1,-0.0035550843585621227,0.0025515289017648407,True,0.0035550872484842936,-0.0025515256506023986,True,-0.03758031780069525,0.002574906927166563,True,-0.019196563056021024,0.0008889740163629704,True,0.01878822229125283,-0.0013022130185907537,True
C45,fresh_1,fresh_1,fresh_2,fresh_2,-0.0036322694836240827,0.0025813547047701746,True,0.003632272012305982,-0.002581351814848004,True,-0.03835143627542438,0.002548711227648186,True,-0.01957924474369396,0.0008798769026091603,True,0.01917438091653766,-0.0012888875874606045,True
C46,fresh_1,fresh_2,primary,primary,-0.0035892918254389907,0.00274630170879942,True,0.0035892947153611616,-0.002746298818877249,True,-0.03840763117327835,0.003095905347303911,True,-0.019662928581237794,0.001066727710492683,True,0.01919643824750727,-0.0015620932434544418,True
C47,fresh_1,fresh_2,primary,fresh_1,-0.003589925260254831,0.0027228718454187567,True,0.0035899277889367308,-0.002722868413636179,True,-0.038201867811607594,0.00309364940180923,True,-0.019560261928673946,0.0010659344268567634,True,0.019093548348455718,-0.001560937635826342,True
C48,fresh_1,fresh_2,primary,fresh_2,-0.003667110385316791,0.0027526976484240906,True,0.0036671125527584195,-0.002752694577881784,True,-0.038972986286336726,0.0030674537022908526,True,-0.019942943616346877,0.0010568373131029532,True,0.01947970697374055,-0.0015476122046961928,True
C49,fresh_1,fresh_2,fresh_1,primary,-0.0035342836018764615,0.0027488524263555355,True,0.0035342864917986324,-0.0027488495364333646,True,-0.03843434705878749,0.003094966122598359,True,-0.019675374392307165,0.0010664051229303533,True,0.019209890112732397,-0.001561621463660038,True
C50,fresh_1,fresh_2,fresh_1,fresh_1,-0.003534917036692302,0.002725422562974872,True,0.0035349195653742015,-0.002725419131192294,True,-0.038228583697116736,0.003092710177103678,True,-0.01957270773974332,0.0010656118392944336,True,0.019107000213680846,-0.001560465856031938,True
C51,fresh_1,fresh_2,fresh_1,fresh_2,-0.0036121021617542617,0.002755248365980206,True,0.0036121043291958894,-0.0027552452954378993,True,-0.03899970217184587,0.0030665144775853014,True,-0.019955389427416252,0.0010565147255406236,True,0.019493158838965675,-0.001547140424901789,True
C52,fresh_1,fresh_2,fresh_2,primary,-0.003544278397704616,0.0027661117640408604,True,0.003544281648867058,-0.0027661088741186895,True,-0.03872247591163173,0.0031021490241542006,True,-0.019817277518185704,0.001068914659095533,True,0.019353673855463664,-0.0015652815500895182,True
C53,fresh_1,fresh_2,fresh_2,fresh_1,-0.003544911832520456,0.002742681900660197,True,0.003544914722442627,-0.0027426784688776187,True,-0.038516712549960974,0.00309989307865952,True,-0.019714610865621856,0.0010681213754596133,True,0.019250783956412113,-0.0015641259424614183,True
C54,fresh_1,fresh_2,fresh_2,fresh_2,-0.003622096957582416,0.002772507703665531,True,0.0036220994862643154,-0.0027725046331232243,True,-0.039287831024690106,0.0030736973791411428,True,-0.020097292553294788,0.001059024261705803,True,0.019636942581696945,-0.0015508005113312692,True
C55,fresh_2,primary,primary,primary,-0.003716949621836344,0.002663506161082875,True,0.0037169530536189225,-0.0026635029099204327,True,-0.03876687812082696,0.0030507770451632414,True,-0.01984391537579623,0.0010511530168128736,True,0.01937752871802359,-0.0015395504055601176,True
C56,fresh_2,primary,primary,fresh_1,-0.0037175830566521847,0.0026400762977022113,True,0.003717586127194491,-0.002640072504679362,True,-0.0385611147591562,0.0030485210996685605,True,-0.019741248723232383,0.0010503597331769537,True,0.01927463881897204,-0.0015383947979320178,True
C57,fresh_2,primary,primary,fresh_2,-0.0037947681817141446,0.002669902100707545,True,0.00379477089101618,-0.0026698986689249675,True,-0.039332233233885336,0.0030223254001501836,True,-0.02012393041090532,0.0010412626194231437,True,0.019660797444256868,-0.0015250693668018686,True
C58,fresh_2,primary,fresh_1,primary,-0.0036619413982738147,0.00266605687863899,True,0.0036619448300563924,-0.002666053627476548,True,-0.03879359400633609,0.0030498378204576893,True,-0.019856361186865602,0.0010508304292505437,True,0.019390980583248715,-0.0015390786257657137,True
C59,fresh_2,primary,fresh_1,fresh_1,-0.003662574833089655,0.002642627015258327,True,0.0036625779036319616,-0.002642623222235477,True,-0.03858783064466534,0.0030475818749630093,True,-0.019753694534301758,0.0010500371456146238,True,0.019288090684197165,-0.0015379230181376139,True
C60,fresh_2,primary,fresh_1,fresh_2,-0.0037397599581516154,0.002672452818263661,True,0.0037397626674536503,-0.002672449386481083,True,-0.03935894911939448,0.003021386175444632,True,-0.02013637622197469,0.0010409400318608139,True,0.019674249309481997,-0.0015245975870074647,True
C61,fresh_2,primary,fresh_2,primary,-0.0036719361941019695,0.0026833162163243146,True,0.0036719399871248184,-0.0026833129651618725,True,-0.03908172285918033,0.0030570207220135316,True,-0.019998264312744138,0.0010533399654157232,True,0.019534764325979986,-0.0015427387121951942,True
C62,fresh_2,primary,fresh_2,fresh_1,-0.00367256962891781,0.0026598863529436515,True,0.0036725730607003876,-0.0026598825599208026,True,-0.03887595949750958,0.0030547647765188507,True,-0.019895597660180293,0.0010525466817798035,True,0.019431874426928435,-0.0015415831045670944,True
C63,fresh_2,primary,fresh_2,fresh_2,-0.00374975475397977,0.002689712155948986,True,0.0037497578245220763,-0.002689708724166408,True,-0.039647077972238716,0.0030285690770004733,True,-0.020278279347853225,0.0010434495680259935,True,0.019818033052213264,-0.0015282576734369452,True
C64,fresh_2,fresh_1,primary,primary,-0.003677521149317423,0.002560342983766036,True,0.003677524400479866,-0.0025603399132237293,True,-0.03812898198763529,0.002545607089996338,True,-0.019474080475893888,0.00087896314534274,True,0.019063746026068026,-0.0012875535271384497,True
C65,fresh_2,fresh_1,primary,fresh_1,-0.0036781545841332638,0.0025369131203853723,True,0.0036781574740554347,-0.002536909507982659,True,-0.03792321862596454,0.002543351144501657,True,-0.019371413823330044,0.0008781698617068203,True,0.018960856127016472,-0.00128639791951035,True
C66,fresh_2,fresh_1,primary,fresh_2,-0.0037553397091952237,0.002566738923390706,True,0.003755342237877123,-0.002566735672228264,True,-0.03869433710069367,0.00251715544498328,True,-0.019754095511002975,0.0008690727479530102,True,0.019347014752301304,-0.0012730724883802007,True
C67,fresh_2,fresh_1,fresh_1,primary,-0.003622512925754894,0.002562893701322151,True,0.003622516176917336,-0.0025628906307798445,True,-0.03815569787314444,0.002544667865290786,True,-0.01948652628696326,0.0008786405577804103,True,0.01907719789129315,-0.0012870817473440458,True
C68,fresh_2,fresh_1,fresh_1,fresh_1,-0.003623146360570734,0.0025394638379414875,True,0.003623149250492905,-0.002539460225538774,True,-0.03794993451147369,0.0025424119197961057,True,-0.01938385963439941,0.0008778472741444905,True,0.0189743079922416,-0.001285926139715946,True
C69,fresh_2,fresh_1,fresh_1,fresh_2,-0.0037003314856326945,0.002569289640946822,True,0.0037003340143145938,-0.0025692863897843793,True,-0.03872105298620282,0.0025162162202777283,True,-0.019766541322072347,0.0008687501603906804,True,0.01936046661752643,-0.0012726007085857968,True
C70,fresh_2,fresh_1,fresh_2,primary,-0.0036325077215830486,0.0025801530390074756,True,0.003632511333985762,-0.0025801499684651695,True,-0.03844382672598868,0.002551850766846628,True,-0.019628429412841795,0.0008811500939455898,True,0.019220981634024418,-0.0012907418337735261,True
C71,fresh_2,fresh_1,fresh_2,fresh_1,-0.003633141156398889,0.0025567231756268125,True,0.003633144407561331,-0.002556719563224099,True,-0.038238063364317926,0.002549594821351947,True,-0.01952576276027795,0.0008803568103096702,True,0.019118091734972868,-0.0012895862261454263,True
C72,fresh_2,fresh_1,fresh_2,fresh_2,-0.003710326281460849,0.002586548978632147,True,0.00371032917138302,-0.0025865457274697047,True,-0.03900918183904706,0.00252339912183357,True,-0.019908444447950882,0.0008712596965558601,True,0.0195042503602577,-0.0012762607950152771,True
C73,fresh_2,fresh_2,primary,primary,-0.003667348623275757,0.0027514959826613916,True,0.003667351874438199,-0.0027514927314989494,True,-0.039065376736901025,0.0030705932414892946,True,-0.019992128285494716,0.0010581105044393828,True,0.019526307691227304,-0.0015494664510091146,True
C74,fresh_2,fresh_2,primary,fresh_1,-0.0036679820580915973,0.0027280661192807284,True,0.003667984948013768,-0.002728062326257879,True,-0.03885961337523027,0.0030683372959946138,True,-0.01988946163293087,0.0010573172208034629,True,0.019423417792175754,-0.0015483108433810148,True
C75,fresh_2,fresh_2,primary,fresh_2,-0.003745167183153557,0.0027578919222860624,True,0.0037451697118354565,-0.0027578884905034846,True,-0.039630731849959404,0.0030421415964762373,True,-0.020272143320603803,0.0010482201070496529,True,0.019809576417460586,-0.0015349854122508654,True
C76,fresh_2,fresh_2,fresh_1,primary,-0.0036123403997132277,0.002754046700217507,True,0.00361234365087567,-0.0027540434490550647,True,-0.03909209262241017,0.003069654016783743,True,-0.02000457409656409,0.001057787916877053,True,0.019539759556452433,-0.0015489946712147105,True
C77,fresh_2,fresh_2,fresh_1,fresh_1,-0.0036129738345290676,0.0027306168368368437,True,0.0036129767244512385,-0.0027306130438139943,True,-0.03888632926073941,0.0030673980712890626,True,-0.019901907444000246,0.0010569946332411333,True,0.019436869657400883,-0.0015478390635866107,True
C78,fresh_2,fresh_2,fresh_1,fresh_2,-0.0036901589595910275,0.002760442639842178,True,0.003690161488272927,-0.0027604392080596003,True,-0.039657447735468546,0.003041202371770685,True,-0.020284589131673178,0.001047897519487323,True,0.019823028282685715,-0.0015345136324564615,True
C79,fresh_2,fresh_2,fresh_2,primary,-0.003622335195541382,0.0027713060379028318,True,0.003622338807944096,-0.0027713027867403896,True,-0.039380221475254405,0.003076836918339585,True,-0.020146477222442626,0.0010602974530422324,True,0.0196835432991837,-0.001552654757644191,True
C80,fresh_2,fresh_2,fresh_2,fresh_1,-0.003622968630357222,0.0027478761745221686,True,0.003622971881519664,-0.0027478723814993197,True,-0.03917445811358365,0.003074580972844904,True,-0.020043810569878782,0.0010595041694063127,True,0.01958065340013215,-0.0015514991500160911,True
C81,fresh_2,fresh_2,fresh_2,fresh_2,-0.003700153755419182,0.002777701977527503,True,0.003700156645341353,-0.002777698545744925,True,-0.039945576588312784,0.003048385273326527,True,-0.020426492257551714,0.0010504070556525027,True,0.01996681202541698,-0.001538173718885942,True
