aggregation,metric,family,signature,contrast,extent_px,mean,ci95_low,ci95_high
raw_22cell,normal_width_minus_width0,Mach,dark_ramp_minus_uniform,0.0,2,0.0,0.0,0.0
raw_22cell,normal_width_minus_width0,Mach,dark_ramp_minus_uniform,0.0,4,0.0,0.0,0.0
raw_22cell,normal_width_minus_width0,Mach,dark_ramp_minus_uniform,0.0,8,0.0,0.0,0.0
raw_22cell,normal_width_minus_width0,Mach,dark_ramp_minus_uniform,0.0,12,0.0,0.0,0.0
raw_22cell,normal_width_minus_width0,Mach,dark_ramp_minus_uniform,0.0,16,0.0,0.0,0.0
raw_22cell,normal_width_minus_width0,Mach,dark_ramp_minus_uniform,0.0625,2,0.0014401109223068818,-0.001914034751768089,0.004974872027494051
raw_22cell,normal_width_minus_width0,Mach,dark_ramp_minus_uniform,0.0625,4,0.0033899069266309116,-0.0004830655662689506,0.007578155583773464
raw_22cell,normal_width_minus_width0,Mach,dark_ramp_minus_uniform,0.0625,8,0.0043246943268141795,0.00018707240818581687,0.008886327948130199
raw_22cell,normal_width_minus_width0,Mach,dark_ramp_minus_uniform,0.0625,12,0.00463482308226627,0.0004021230723165816,0.009331159774236852
raw_22cell,normal_width_minus_width0,Mach,dark_ramp_minus_uniform,0.0625,16,0.00478988980367748,0.0005089133131977262,0.00955644014896031
raw_22cell,normal_width_minus_width0,Mach,dark_ramp_minus_uniform,0.125,2,0.00287792038513792,-0.0038273462629314797,0.009944345897979056
raw_22cell,normal_width_minus_width0,Mach,dark_ramp_minus_uniform,0.125,4,0.006775669117235917,-0.0009663549760840722,0.015147059605442333
raw_22cell,normal_width_minus_width0,Mach,dark_ramp_minus_uniform,0.125,8,0.008644332267894324,0.0003729248077764751,0.01776333043050148
raw_22cell,normal_width_minus_width0,Mach,dark_ramp_minus_uniform,0.125,12,0.009264288445675365,0.0008028518279884757,0.018651577265105013
raw_22cell,normal_width_minus_width0,Mach,dark_ramp_minus_uniform,0.125,16,0.0095742575196544,0.0010153837404604103,0.019103589454723326
raw_22cell,normal_width_minus_width0,Mach,dark_ramp_minus_uniform,0.25,2,0.0057466187863610685,-0.007652194837415167,0.019865982478421005
raw_22cell,normal_width_minus_width0,Mach,dark_ramp_minus_uniform,0.25,4,0.01353480286409401,-0.0019367528628208663,0.030261220661023713
raw_22cell,normal_width_minus_width0,Mach,dark_ramp_minus_uniform,0.25,8,0.017268476068486714,0.0007416583542759656,0.03548936978636033
raw_22cell,normal_width_minus_width0,Mach,dark_ramp_minus_uniform,0.25,12,0.018507132452214137,0.0016014244670011315,0.03726119348952618
raw_22cell,normal_width_minus_width0,Mach,dark_ramp_minus_uniform,0.25,16,0.01912644405687884,0.0020235541915099037,0.038163448514205785
raw_22cell,normal_width_minus_width0,Mach,dark_ramp_minus_uniform,0.375,2,0.008606143437315372,-0.011474591374644662,0.02976582584302708
raw_22cell,normal_width_minus_width0,Mach,dark_ramp_minus_uniform,0.375,4,0.02027747420784594,-0.0029048331286916904,0.04534772694579178
raw_22cell,normal_width_minus_width0,Mach,dark_ramp_minus_uniform,0.375,8,0.02587251277344132,0.0011080001916773427,0.053168224441932664
raw_22cell,normal_width_minus_width0,Mach,dark_ramp_minus_uniform,0.375,12,0.027728624528125776,0.002396521767580205,0.055837358647576454
raw_22cell,normal_width_minus_width0,Mach,dark_ramp_minus_uniform,0.375,16,0.028656646113218318,0.0030285979347271777,0.05717975685544261
raw_22cell,normal_width_minus_width0,Mach,dark_ramp_minus_uniform,0.5,2,0.011456519095438787,-0.01529684277087323,0.03964759637376773
raw_22cell,normal_width_minus_width0,Mach,dark_ramp_minus_uniform,0.5,4,0.027003732150081883,-0.003879793472217648,0.060391895856380176
raw_22cell,normal_width_minus_width0,Mach,dark_ramp_minus_uniform,0.5,8,0.03445651449675841,0.0014667872346763053,0.07080923348330542
raw_22cell,normal_width_minus_width0,Mach,dark_ramp_minus_uniform,0.5,12,0.03692885785924525,0.0031860684083023266,0.07435940359910913
raw_22cell,normal_width_minus_width0,Mach,dark_ramp_minus_uniform,0.5,16,0.03816496595787943,0.00402508345531797,0.07615448338113888
raw_22cell,normal_width_minus_width0,Mach,bright_ramp_minus_uniform,0.0,2,0.0,0.0,0.0
raw_22cell,normal_width_minus_width0,Mach,bright_ramp_minus_uniform,0.0,4,0.0,0.0,0.0
raw_22cell,normal_width_minus_width0,Mach,bright_ramp_minus_uniform,0.0,8,0.0,0.0,0.0
raw_22cell,normal_width_minus_width0,Mach,bright_ramp_minus_uniform,0.0,12,0.0,0.0,0.0
raw_22cell,normal_width_minus_width0,Mach,bright_ramp_minus_uniform,0.0,16,0.0,0.0,0.0
raw_22cell,normal_width_minus_width0,Mach,bright_ramp_minus_uniform,0.0625,2,0.0014396514303701804,-0.001913857090411594,0.004973484204558852
raw_22cell,normal_width_minus_width0,Mach,bright_ramp_minus_uniform,0.0625,4,-0.0005101426107681949,-0.003509917024149961,0.002604584104483365
raw_22cell,normal_width_minus_width0,Mach,bright_ramp_minus_uniform,0.0625,8,-0.0014449318167118524,-0.004396901347420433,0.0016246705330558995
raw_22cell,normal_width_minus_width0,Mach,bright_ramp_minus_uniform,0.0625,12,-0.0017550596643228676,-0.004709723922422365,0.0013148148730909841
raw_22cell,normal_width_minus_width0,Mach,bright_ramp_minus_uniform,0.0625,16,-0.0019101267511855854,-0.00486597512859093,0.0011654201225031657
raw_22cell,normal_width_minus_width0,Mach,bright_ramp_minus_uniform,0.125,2,0.002876066901080776,-0.003826825179153688,0.00993927713537811
raw_22cell,normal_width_minus_width0,Mach,bright_ramp_minus_uniform,0.125,4,-0.0010216825625816869,-0.007017566415015606,0.005204178044170309
raw_22cell,normal_width_minus_width0,Mach,bright_ramp_minus_uniform,0.125,8,-0.00289034546982624,-0.008791595962380102,0.003246720972013212
raw_22cell,normal_width_minus_width0,Mach,bright_ramp_minus_uniform,0.125,12,-0.003510299873596523,-0.009416805707686845,0.002626572992630823
raw_22cell,normal_width_minus_width0,Mach,bright_ramp_minus_uniform,0.125,16,-0.003820270045583708,-0.009728803216446313,0.002328224268091035
raw_22cell,normal_width_minus_width0,Mach,bright_ramp_minus_uniform,0.25,2,0.005739227572286671,-0.007650319611473772,0.019846804483941834
raw_22cell,normal_width_minus_width0,Mach,bright_ramp_minus_uniform,0.25,4,-0.0020489572012923995,-0.014027449933134695,0.010391600757099113
raw_22cell,normal_width_minus_width0,Mach,bright_ramp_minus_uniform,0.25,8,-0.005782627286283638,-0.01757404719220093,0.0064808013442829455
raw_22cell,normal_width_minus_width0,Mach,bright_ramp_minus_uniform,0.25,12,-0.007021279861377975,-0.018823001244791988,0.0052409482508334075
raw_22cell,normal_width_minus_width0,Mach,bright_ramp_minus_uniform,0.25,16,-0.007640595969860442,-0.019448728468441086,0.004645591593196677
raw_22cell,normal_width_minus_width0,Mach,bright_ramp_minus_uniform,0.375,2,0.008589561459798873,-0.011468827391151784,0.029723060077826206
raw_22cell,normal_width_minus_width0,Mach,bright_ramp_minus_uniform,0.375,4,-0.0030817645601928234,-0.021033828079023143,0.015559908683644595
raw_22cell,normal_width_minus_width0,Mach,bright_ramp_minus_uniform,0.375,8,-0.008676810026041825,-0.02634793246410978,0.009701675268892844
raw_22cell,normal_width_minus_width0,Mach,bright_ramp_minus_uniform,0.375,12,-0.01053291836896361,-0.028218741352644756,0.00784316856995492
raw_22cell,normal_width_minus_width0,Mach,bright_ramp_minus_uniform,0.375,16,-0.011460946745831858,-0.02915666998114003,0.006952025390637566
raw_22cell,normal_width_minus_width0,Mach,bright_ramp_minus_uniform,0.5,2,0.011427131980202499,-0.015285524020542984,0.03957720825191328
raw_22cell,normal_width_minus_width0,Mach,bright_ramp_minus_uniform,0.5,4,-0.004120078202421692,-0.02802930591728496,0.020715683950799167
raw_22cell,normal_width_minus_width0,Mach,bright_ramp_minus_uniform,0.5,8,-0.011572857183637097,-0.03511143791712874,0.01290879042141814
raw_22cell,normal_width_minus_width0,Mach,bright_ramp_minus_uniform,0.5,12,-0.014045196860520677,-0.037606233250963586,0.010435269189606912
raw_22cell,normal_width_minus_width0,Mach,bright_ramp_minus_uniform,0.5,16,-0.01528131362812763,-0.038852338026547584,0.009244122982967055
ON_OFF_equal,normal_width_minus_width0,Mach,dark_ramp_minus_uniform,0.0,2,0.0,0.0,0.0
ON_OFF_equal,normal_width_minus_width0,Mach,dark_ramp_minus_uniform,0.0,4,0.0,0.0,0.0
ON_OFF_equal,normal_width_minus_width0,Mach,dark_ramp_minus_uniform,0.0,8,0.0,0.0,0.0
ON_OFF_equal,normal_width_minus_width0,Mach,dark_ramp_minus_uniform,0.0,12,0.0,0.0,0.0
ON_OFF_equal,normal_width_minus_width0,Mach,dark_ramp_minus_uniform,0.0,16,0.0,0.0,0.0
ON_OFF_equal,normal_width_minus_width0,Mach,dark_ramp_minus_uniform,0.0625,2,0.0032458461154679496,0.001153404592652611,0.005503997427591195
ON_OFF_equal,normal_width_minus_width0,Mach,dark_ramp_minus_uniform,0.0625,4,0.005186608315593081,0.002321879500608962,0.008411070389092857
ON_OFF_equal,normal_width_minus_width0,Mach,dark_ramp_minus_uniform,0.0625,8,0.006091889427937401,0.0028126084526905156,0.009812214156272602
ON_OFF_equal,normal_width_minus_width0,Mach,dark_ramp_minus_uniform,0.0625,12,0.0063915991133529,0.0029705404468424084,0.010281040224703832
ON_OFF_equal,normal_width_minus_width0,Mach,dark_ramp_minus_uniform,0.0625,16,0.006541454627300222,0.003050930066365254,0.01051818300101266
ON_OFF_equal,normal_width_minus_width0,Mach,dark_ramp_minus_uniform,0.125,2,0.006487730264650184,0.00230391573345839,0.011002103816924447
ON_OFF_equal,normal_width_minus_width0,Mach,dark_ramp_minus_uniform,0.125,4,0.010367124683138431,0.00464057843000124,0.01681166930297877
ON_OFF_equal,normal_width_minus_width0,Mach,dark_ramp_minus_uniform,0.125,8,0.012176640901608542,0.005621608880827418,0.019613289308628212
ON_OFF_equal,normal_width_minus_width0,Mach,dark_ramp_minus_uniform,0.125,12,0.012775710685543475,0.005937860946820756,0.020549976733777186
ON_OFF_equal,normal_width_minus_width0,Mach,dark_ramp_minus_uniform,0.125,16,0.01307523551486156,0.006098065453185036,0.021024813886106133
ON_OFF_equal,normal_width_minus_width0,Mach,dark_ramp_minus_uniform,0.25,2,0.012959602191196089,0.0045991393710469956,0.021982806874750946
ON_OFF_equal,normal_width_minus_width0,Mach,dark_ramp_minus_uniform,0.25,4,0.020709932535412787,0.00927078463417794,0.03358538602065632
ON_OFF_equal,normal_width_minus_width0,Mach,dark_ramp_minus_uniform,0.25,8,0.024324779080156338,0.011230678571480114,0.039184274965516255
ON_OFF_equal,normal_width_minus_width0,Mach,dark_ramp_minus_uniform,0.25,12,0.025521477964762847,0.01186156362901524,0.041051246885886676
ON_OFF_equal,normal_width_minus_width0,Mach,dark_ramp_minus_uniform,0.25,16,0.02611980895549745,0.012179624230806702,0.041999459562404286
ON_OFF_equal,normal_width_minus_width0,Mach,dark_ramp_minus_uniform,0.375,2,0.01941568388766817,0.006887972337238224,0.03293918202902465
ON_OFF_equal,normal_width_minus_width0,Mach,dark_ramp_minus_uniform,0.375,4,0.03102852299967448,0.013885751878530883,0.05031567064189792
ON_OFF_equal,normal_width_minus_width0,Mach,dark_ramp_minus_uniform,0.375,8,0.03644452305940961,0.016825968200204704,0.05870943478559118
ON_OFF_equal,normal_width_minus_width0,Mach,dark_ramp_minus_uniform,0.375,12,0.038237424410908716,0.017771691182679208,0.0615008631929543
ON_OFF_equal,normal_width_minus_width0,Mach,dark_ramp_minus_uniform,0.375,16,0.03913383423293583,0.01824886594384095,0.06292163757887335
ON_OFF_equal,normal_width_minus_width0,Mach,dark_ramp_minus_uniform,0.5,2,0.025856019732600544,0.009167430275452455,0.043876802250243985
ON_OFF_equal,normal_width_minus_width0,Mach,dark_ramp_minus_uniform,0.5,4,0.04132297150291769,0.018492069076455668,0.06700300498596334
ON_OFF_equal,normal_width_minus_width0,Mach,dark_ramp_minus_uniform,0.5,8,0.048535975771561164,0.022401150718308473,0.07817074792137646
ON_OFF_equal,normal_width_minus_width0,Mach,dark_ramp_minus_uniform,0.5,12,0.05092367474467859,0.023669219940113964,0.0819109078506309
ON_OFF_equal,normal_width_minus_width0,Mach,dark_ramp_minus_uniform,0.5,16,0.05211744962356794,0.024302174110126935,0.08378987509034751
ON_OFF_equal,normal_width_minus_width0,Mach,bright_ramp_minus_uniform,0.0,2,0.0,0.0,0.0
ON_OFF_equal,normal_width_minus_width0,Mach,bright_ramp_minus_uniform,0.0,4,0.0,0.0,0.0
ON_OFF_equal,normal_width_minus_width0,Mach,bright_ramp_minus_uniform,0.0,8,0.0,0.0,0.0
ON_OFF_equal,normal_width_minus_width0,Mach,bright_ramp_minus_uniform,0.0,12,0.0,0.0,0.0
ON_OFF_equal,normal_width_minus_width0,Mach,bright_ramp_minus_uniform,0.0,16,0.0,0.0,0.0
ON_OFF_equal,normal_width_minus_width0,Mach,bright_ramp_minus_uniform,0.0625,2,0.003245071417885421,0.0011532245928768657,0.0055026404203869905
ON_OFF_equal,normal_width_minus_width0,Mach,bright_ramp_minus_uniform,0.0625,4,0.0013043117175714413,-0.00016405015545128005,0.0027600168180340135
ON_OFF_equal,normal_width_minus_width0,Mach,bright_ramp_minus_uniform,0.0625,8,0.00039902854872967243,-0.0008808819526555974,0.0016417093755665385
ON_OFF_equal,normal_width_minus_width0,Mach,bright_ramp_minus_uniform,0.0625,12,9.931947137634513e-05,-0.001155219004593684,0.0013162135774239555
ON_OFF_equal,normal_width_minus_width0,Mach,bright_ramp_minus_uniform,0.0625,16,-5.053633049101336e-05,-0.0012975282325344648,0.0011612217182801034
ON_OFF_equal,normal_width_minus_width0,Mach,bright_ramp_minus_uniform,0.125,2,0.006484619495755136,0.0023031952960764096,0.01099664340087786
ON_OFF_equal,normal_width_minus_width0,Mach,bright_ramp_minus_uniform,0.125,4,0.002605224058892678,-0.0003295900508939141,0.005514322286437941
ON_OFF_equal,normal_width_minus_width0,Mach,bright_ramp_minus_uniform,0.125,8,0.0007957083676696387,-0.0017629941239712397,0.0032801597876446716
ON_OFF_equal,normal_width_minus_width0,Mach,bright_ramp_minus_uniform,0.125,12,0.00019663976555810755,-0.0023116310906126656,0.0026294617182949357
ON_OFF_equal,normal_width_minus_width0,Mach,bright_ramp_minus_uniform,0.125,16,-0.00010288571833630845,-0.002596612760724578,0.0023198722915107554
ON_OFF_equal,normal_width_minus_width0,Mach,bright_ramp_minus_uniform,0.25,2,0.01294718872148743,0.004597360460632315,0.021961077823341054
ON_OFF_equal,normal_width_minus_width0,Mach,bright_ramp_minus_uniform,0.25,4,0.0051968573362890826,-0.0006658742784955904,0.011009432881733769
ON_OFF_equal,normal_width_minus_width0,Mach,bright_ramp_minus_uniform,0.25,8,0.0015820142918008574,-0.003530865765709936,0.006546161049534153
ON_OFF_equal,normal_width_minus_width0,Mach,bright_ramp_minus_uniform,0.25,12,0.0003853192470809775,-0.00462684798371161,0.005247556643462301
ON_OFF_equal,normal_width_minus_width0,Mach,bright_ramp_minus_uniform,0.25,16,-0.0002130164505485619,-0.005197826115025753,0.004629677722258358
ON_OFF_equal,normal_width_minus_width0,Mach,bright_ramp_minus_uniform,0.375,2,0.0193878211986365,0.00687975730636806,0.032889791136312845
ON_OFF_equal,normal_width_minus_width0,Mach,bright_ramp_minus_uniform,0.375,4,0.007774985983685059,-0.001007684745179303,0.01648513412354597
ON_OFF_equal,normal_width_minus_width0,Mach,bright_ramp_minus_uniform,0.375,8,0.00235897875297399,-0.005303693583612452,0.009799473162300789
ON_OFF_equal,normal_width_minus_width0,Mach,bright_ramp_minus_uniform,0.375,12,0.0005660821830783154,-0.006948496780419839,0.007855842156628308
ON_OFF_equal,normal_width_minus_width0,Mach,bright_ramp_minus_uniform,0.375,16,-0.0003303352010074652,-0.0078013952243119475,0.006932949076099245
ON_OFF_equal,normal_width_minus_width0,Mach,bright_ramp_minus_uniform,0.5,2,0.025806616365766137,0.009152211254760394,0.04378999190739054
ON_OFF_equal,normal_width_minus_width0,Mach,bright_ramp_minus_uniform,0.5,4,0.010339666380397312,-0.001358802983824197,0.021940718210316835
ON_OFF_equal,normal_width_minus_width0,Mach,bright_ramp_minus_uniform,0.5,8,0.0031266680551717795,-0.007087685964350904,0.013040155858444837
ON_OFF_equal,normal_width_minus_width0,Mach,bright_ramp_minus_uniform,0.5,12,0.0007389720012724865,-0.00927590962549272,0.010452831597350661
ON_OFF_equal,normal_width_minus_width0,Mach,bright_ramp_minus_uniform,0.5,16,-0.00045481251800083555,-0.010409768362777478,0.009221969757579367
four_group_equal,normal_width_minus_width0,Mach,dark_ramp_minus_uniform,0.0,2,0.0,0.0,0.0
four_group_equal,normal_width_minus_width0,Mach,dark_ramp_minus_uniform,0.0,4,0.0,0.0,0.0
four_group_equal,normal_width_minus_width0,Mach,dark_ramp_minus_uniform,0.0,8,0.0,0.0,0.0
four_group_equal,normal_width_minus_width0,Mach,dark_ramp_minus_uniform,0.0,12,0.0,0.0,0.0
four_group_equal,normal_width_minus_width0,Mach,dark_ramp_minus_uniform,0.0,16,0.0,0.0,0.0
four_group_equal,normal_width_minus_width0,Mach,dark_ramp_minus_uniform,0.0625,2,0.0026470701238597233,0.0012022878040157696,0.004285092821237412
four_group_equal,normal_width_minus_width0,Mach,dark_ramp_minus_uniform,0.0625,4,0.004504977138559399,0.0022487964005065606,0.007083784243460387
four_group_equal,normal_width_minus_width0,Mach,dark_ramp_minus_uniform,0.0625,8,0.005371146352667388,0.0027039801176063825,0.008425429546283945
four_group_equal,normal_width_minus_width0,Mach,dark_ramp_minus_uniform,0.0625,12,0.005657841129818229,0.0028531066842116264,0.008870876988947502
four_group_equal,normal_width_minus_width0,Mach,dark_ramp_minus_uniform,0.0625,16,0.005801190023885283,0.0029287530039401747,0.009096523491690375
four_group_equal,normal_width_minus_width0,Mach,dark_ramp_minus_uniform,0.125,2,0.00529039728452416,0.0024032554436553247,0.008564350043074126
four_group_equal,normal_width_minus_width0,Mach,dark_ramp_minus_uniform,0.125,4,0.00900417699210973,0.004495420249418708,0.01415725905745603
four_group_equal,normal_width_minus_width0,Mach,dark_ramp_minus_uniform,0.125,8,0.010735530551230315,0.005404866416650596,0.016838837537238253
four_group_equal,normal_width_minus_width0,Mach,dark_ramp_minus_uniform,0.125,12,0.011308593411154613,0.005703623654087803,0.01772955235407304
four_group_equal,normal_width_minus_width0,Mach,dark_ramp_minus_uniform,0.125,16,0.011595114678382541,0.0058552913258330995,0.018180484916191633
four_group_equal,normal_width_minus_width0,Mach,dark_ramp_minus_uniform,0.25,2,0.010565806880994287,0.004801040230789416,0.017104247148793852
four_group_equal,normal_width_minus_width0,Mach,dark_ramp_minus_uniform,0.25,4,0.017985290327891965,0.008982777300196984,0.02827541387814562
four_group_equal,normal_width_minus_width0,Mach,dark_ramp_minus_uniform,0.25,8,0.021444058519894803,0.010798193044114062,0.03362672225610567
four_group_equal,normal_width_minus_width0,Mach,dark_ramp_minus_uniform,0.25,12,0.02258883085924026,0.01139831612441008,0.035411632805157245
four_group_equal,normal_width_minus_width0,Mach,dark_ramp_minus_uniform,0.25,16,0.023161200571626572,0.011699100354781979,0.03631168539019654
four_group_equal,normal_width_minus_width0,Mach,dark_ramp_minus_uniform,0.375,2,0.01582629700775821,0.007191941798601975,0.0256169836843916
four_group_equal,normal_width_minus_width0,Mach,dark_ramp_minus_uniform,0.375,4,0.026943438951922062,0.013460227625368538,0.042358395692887504
four_group_equal,normal_width_minus_width0,Mach,dark_ramp_minus_uniform,0.375,8,0.03212569049962137,0.016181253667430912,0.050375868805735476
four_group_equal,normal_width_minus_width0,Mach,dark_ramp_minus_uniform,0.375,12,0.03384083473364525,0.017083361585102666,0.05304410254334974
four_group_equal,normal_width_minus_width0,Mach,dark_ramp_minus_uniform,0.375,16,0.03469837059104369,0.017529243685124433,0.05439175385893577
four_group_equal,normal_width_minus_width0,Mach,dark_ramp_minus_uniform,0.5,2,0.02107191371437188,0.00957928897613278,0.03410791414016987
four_group_equal,normal_width_minus_width0,Mach,dark_ramp_minus_uniform,0.5,4,0.035878698650695796,0.0179296513848951,0.0564090432829673
four_group_equal,normal_width_minus_width0,Mach,dark_ramp_minus_uniform,0.5,8,0.042780526720242865,0.021552185769123756,0.06707439092931758
four_group_equal,normal_width_minus_width0,Mach,dark_ramp_minus_uniform,0.5,12,0.04506472630714092,0.022753126831392162,0.07062729232762643
four_group_equal,normal_width_minus_width0,Mach,dark_ramp_minus_uniform,0.5,16,0.04620675741231632,0.023350759677999426,0.07242185819192752
four_group_equal,normal_width_minus_width0,Mach,bright_ramp_minus_uniform,0.0,2,0.0,0.0,0.0
four_group_equal,normal_width_minus_width0,Mach,bright_ramp_minus_uniform,0.0,4,0.0,0.0,0.0
four_group_equal,normal_width_minus_width0,Mach,bright_ramp_minus_uniform,0.0,8,0.0,0.0,0.0
four_group_equal,normal_width_minus_width0,Mach,bright_ramp_minus_uniform,0.0,12,0.0,0.0,0.0
four_group_equal,normal_width_minus_width0,Mach,bright_ramp_minus_uniform,0.0,16,0.0,0.0,0.0
four_group_equal,normal_width_minus_width0,Mach,bright_ramp_minus_uniform,0.0625,2,0.002646394911577469,0.0012020321410419555,0.004283891926340856
four_group_equal,normal_width_minus_width0,Mach,bright_ramp_minus_uniform,0.0625,4,0.0007884903375573533,0.00012282912663067678,0.0015113428996806348
four_group_equal,normal_width_minus_width0,Mach,bright_ramp_minus_uniform,0.0625,8,-7.768062819700906e-05,-0.00046360738496736744,0.0002988725506899448
four_group_equal,normal_width_minus_width0,Mach,bright_ramp_minus_uniform,0.0625,12,-0.00036437516548378174,-0.0007199375152807384,-1.4206765872586802e-05
four_group_equal,normal_width_minus_width0,Mach,bright_ramp_minus_uniform,0.0625,16,-0.0005077244604560997,-0.0008719155515609601,-0.00014309566783494054
four_group_equal,normal_width_minus_width0,Mach,bright_ramp_minus_uniform,0.125,2,0.005287680368342585,0.002402054811859671,0.008559471178208593
four_group_equal,normal_width_minus_width0,Mach,bright_ramp_minus_uniform,0.125,4,0.0015738999905200517,0.0002446574052555656,0.003017049637453762
four_group_equal,normal_width_minus_width0,Mach,bright_ramp_minus_uniform,0.125,8,-0.00015745351205017277,-0.0009280153238877473,0.0005944520295401564
four_group_equal,normal_width_minus_width0,Mach,bright_ramp_minus_uniform,0.125,12,-0.0007305150336833323,-0.0014409697018593053,-3.073069107964908e-05
four_group_equal,normal_width_minus_width0,Mach,bright_ramp_minus_uniform,0.125,16,-0.0010170370558727072,-0.0017447883457402395,-0.0002883116038098407
four_group_equal,normal_width_minus_width0,Mach,bright_ramp_minus_uniform,0.25,2,0.0105549696098832,0.004797867315598218,0.01708550309443833
four_group_equal,normal_width_minus_width0,Mach,bright_ramp_minus_uniform,0.25,4,0.0031354856972433884,0.0004852953246679835,0.006012857278302458
four_group_equal,normal_width_minus_width0,Mach,bright_ramp_minus_uniform,0.25,8,-0.0003232787832934663,-0.0018600382110627025,0.0011758964807753122
four_group_equal,normal_width_minus_width0,Mach,bright_ramp_minus_uniform,0.25,12,-0.0014680488401306027,-0.0028861635903538437,-7.034517754315713e-05
four_group_equal,normal_width_minus_width0,Mach,bright_ramp_minus_uniform,0.25,16,-0.0020404224673256973,-0.0034934621023805647,-0.0005846621967632222
four_group_equal,normal_width_minus_width0,Mach,bright_ramp_minus_uniform,0.375,2,0.01580197650805025,0.007186118698191422,0.025575345477049653
four_group_equal,normal_width_minus_width0,Mach,bright_ramp_minus_uniform,0.375,4,0.004684838125184696,0.0007207097944046836,0.008989479319845683
four_group_equal,normal_width_minus_width0,Mach,bright_ramp_minus_uniform,0.375,8,-0.000497420072578178,-0.0027964344305574872,0.0017431648150826112
four_group_equal,normal_width_minus_width0,Mach,bright_ramp_minus_uniform,0.375,12,-0.002212559591336885,-0.004333818010998382,-0.00011919412228053402
four_group_equal,normal_width_minus_width0,Mach,bright_ramp_minus_uniform,0.375,16,-0.003070102479210213,-0.005245854848630592,-0.0008897364885908471
four_group_equal,normal_width_minus_width0,Mach,bright_ramp_minus_uniform,0.5,2,0.021028799259551707,0.009564074869364654,0.03403662324350282
four_group_equal,normal_width_minus_width0,Mach,bright_ramp_minus_uniform,0.5,4,0.006222016884647828,0.0009500650558281151,0.011943137459618608
four_group_equal,normal_width_minus_width0,Mach,bright_ramp_minus_uniform,0.5,8,-0.0006798060209095846,-0.003736043019414667,0.0022979855806766437
four_group_equal,normal_width_minus_width0,Mach,bright_ramp_minus_uniform,0.5,12,-0.0029640027922545834,-0.005785375560574017,-0.00017813711698383942
four_group_equal,normal_width_minus_width0,Mach,bright_ramp_minus_uniform,0.5,16,-0.004106043651457487,-0.007002271073797601,-0.0012045828562986603
raw_22cell,ACoff_width_minus_width0,Mach,dark_ramp_minus_uniform,0.0,2,0.0,0.0,0.0
raw_22cell,ACoff_width_minus_width0,Mach,dark_ramp_minus_uniform,0.0,4,0.0,0.0,0.0
raw_22cell,ACoff_width_minus_width0,Mach,dark_ramp_minus_uniform,0.0,8,0.0,0.0,0.0
raw_22cell,ACoff_width_minus_width0,Mach,dark_ramp_minus_uniform,0.0,12,0.0,0.0,0.0
raw_22cell,ACoff_width_minus_width0,Mach,dark_ramp_minus_uniform,0.0,16,0.0,0.0,0.0
raw_22cell,ACoff_width_minus_width0,Mach,dark_ramp_minus_uniform,0.0625,2,-0.002338288775221868,-0.008509562625973062,0.004216916471275243
raw_22cell,ACoff_width_minus_width0,Mach,dark_ramp_minus_uniform,0.0625,4,-0.0035890897693620486,-0.012724196733589368,0.0061300509969111185
raw_22cell,ACoff_width_minus_width0,Mach,dark_ramp_minus_uniform,0.0625,8,-0.0042552500910295,-0.014811254941345064,0.006991343296646265
raw_22cell,ACoff_width_minus_width0,Mach,dark_ramp_minus_uniform,0.0625,12,-0.004478778557809578,-0.01550903178179975,0.007270431157005735
raw_22cell,ACoff_width_minus_width0,Mach,dark_ramp_minus_uniform,0.0625,16,-0.004590541240759194,-0.01585947095167781,0.007406458542655766
raw_22cell,ACoff_width_minus_width0,Mach,dark_ramp_minus_uniform,0.125,2,-0.004675250542773442,-0.017010093593588942,0.008428059607236221
raw_22cell,ACoff_width_minus_width0,Mach,dark_ramp_minus_uniform,0.125,4,-0.007175811301832172,-0.025432654547991908,0.012246839346533462
raw_22cell,ACoff_width_minus_width0,Mach,dark_ramp_minus_uniform,0.125,8,-0.008507469457320192,-0.029602881774983623,0.013970171049004422
raw_22cell,ACoff_width_minus_width0,Mach,dark_ramp_minus_uniform,0.125,12,-0.008954287400807847,-0.0309974452570631,0.014526655011154192
raw_22cell,ACoff_width_minus_width0,Mach,dark_ramp_minus_uniform,0.125,16,-0.009177693022965368,-0.031697570953242986,0.014799674962044018
raw_22cell,ACoff_width_minus_width0,Mach,dark_ramp_minus_uniform,0.25,2,-0.00934517959302122,-0.03398743437349119,0.016828291880136164
raw_22cell,ACoff_width_minus_width0,Mach,dark_ramp_minus_uniform,0.25,4,-0.014342151688073169,-0.050803893155799335,0.024447109922766663
raw_22cell,ACoff_width_minus_width0,Mach,dark_ramp_minus_uniform,0.25,8,-0.017002800532447345,-0.05912950423054016,0.027881549308817297
raw_22cell,ACoff_width_minus_width0,Mach,dark_ramp_minus_uniform,0.25,12,-0.017895488026128573,-0.06191999093756419,0.029002333961067342
raw_22cell,ACoff_width_minus_width0,Mach,dark_ramp_minus_uniform,0.25,16,-0.018341821094509214,-0.06330917484658792,0.029541115030323487
raw_22cell,ACoff_width_minus_width0,Mach,dark_ramp_minus_uniform,0.375,2,-0.014009762978689238,-0.050925333893180574,0.025202204615131688
raw_22cell,ACoff_width_minus_width0,Mach,dark_ramp_minus_uniform,0.375,4,-0.021499012215909632,-0.07611466128781269,0.03659819303905928
raw_22cell,ACoff_width_minus_width0,Mach,dark_ramp_minus_uniform,0.375,8,-0.0254859770224853,-0.08858109991362488,0.04173164722425005
raw_22cell,ACoff_width_minus_width0,Mach,dark_ramp_minus_uniform,0.375,12,-0.026823598383502525,-0.09275982228150083,0.0434061780989974
raw_22cell,ACoff_width_minus_width0,Mach,dark_ramp_minus_uniform,0.375,16,-0.027492370244792917,-0.09484322103724645,0.04422808402450754
raw_22cell,ACoff_width_minus_width0,Mach,dark_ramp_minus_uniform,0.5,2,-0.018669000911441715,-0.06782922341742299,0.03354840679094192
raw_22cell,ACoff_width_minus_width0,Mach,dark_ramp_minus_uniform,0.5,4,-0.02864634740928357,-0.10136059614808553,0.048698327765503695
raw_22cell,ACoff_width_minus_width0,Mach,dark_ramp_minus_uniform,0.5,8,-0.03395697749643163,-0.11795822729949246,0.05552106474589719
raw_22cell,ACoff_width_minus_width0,Mach,dark_ramp_minus_uniform,0.5,12,-0.03573857438327237,-0.12351049593522805,0.057760457196061245
raw_22cell,ACoff_width_minus_width0,Mach,dark_ramp_minus_uniform,0.5,16,-0.036629305707968095,-0.1262934789363168,0.058843011014290424
raw_22cell,ACoff_width_minus_width0,Mach,bright_ramp_minus_uniform,0.0,2,0.0,0.0,0.0
raw_22cell,ACoff_width_minus_width0,Mach,bright_ramp_minus_uniform,0.0,4,0.0,0.0,0.0
raw_22cell,ACoff_width_minus_width0,Mach,bright_ramp_minus_uniform,0.0,8,0.0,0.0,0.0
raw_22cell,ACoff_width_minus_width0,Mach,bright_ramp_minus_uniform,0.0,12,0.0,0.0,0.0
raw_22cell,ACoff_width_minus_width0,Mach,bright_ramp_minus_uniform,0.0,16,0.0,0.0,0.0
raw_22cell,ACoff_width_minus_width0,Mach,bright_ramp_minus_uniform,0.0625,2,-0.0023380157687246206,-0.00850731693671233,0.004215360543722368
raw_22cell,ACoff_width_minus_width0,Mach,bright_ramp_minus_uniform,0.0625,4,-0.0010872151555800388,-0.004299884422239715,0.002321441436619022
raw_22cell,ACoff_width_minus_width0,Mach,bright_ramp_minus_uniform,0.0625,8,-0.0004210544529169883,-0.0022280501961921056,0.0014999105358914344
raw_22cell,ACoff_width_minus_width0,Mach,bright_ramp_minus_uniform,0.0625,12,-0.00019752724553902888,-0.0015483062833895518,0.0012449740518191395
raw_22cell,ACoff_width_minus_width0,Mach,bright_ramp_minus_uniform,0.0625,16,-8.576348310188305e-05,-0.0012125059760860906,0.0011253241800163354
raw_22cell,ACoff_width_minus_width0,Mach,bright_ramp_minus_uniform,0.125,2,-0.004674132433137856,-0.017001251700970565,0.008420127069753513
raw_22cell,ACoff_width_minus_width0,Mach,bright_ramp_minus_uniform,0.125,4,-0.002173570086597465,-0.00859280999628192,0.004636259515841212
raw_22cell,ACoff_width_minus_width0,Mach,bright_ramp_minus_uniform,0.125,8,-0.0008419145451625809,-0.0044520769122093715,0.002995906030264449
raw_22cell,ACoff_width_minus_width0,Mach,bright_ramp_minus_uniform,0.125,12,-0.00039509648525960404,-0.003093647687306987,0.0024868770962546633
raw_22cell,ACoff_width_minus_width0,Mach,bright_ramp_minus_uniform,0.125,16,-0.00017169283687094733,-0.0024228634204932443,0.0022479180884891472
raw_22cell,ACoff_width_minus_width0,Mach,bright_ramp_minus_uniform,0.25,2,-0.009340711162870073,-0.03395115433039875,0.016800917398822172
raw_22cell,ACoff_width_minus_width0,Mach,bright_ramp_minus_uniform,0.25,4,-0.004343737141673707,-0.017157708950385726,0.009248331583115603
raw_22cell,ACoff_width_minus_width0,Mach,bright_ramp_minus_uniform,0.25,8,-0.0016830874612258578,-0.008888604882998731,0.005976015742106195
raw_22cell,ACoff_width_minus_width0,Mach,bright_ramp_minus_uniform,0.25,12,-0.000790395808342675,-0.006176576944628984,0.004961907836563607
raw_22cell,ACoff_width_minus_width0,Mach,bright_ramp_minus_uniform,0.25,16,-0.00034406738070009106,-0.0048373920229178935,0.004485717803485881
raw_22cell,ACoff_width_minus_width0,Mach,bright_ramp_minus_uniform,0.375,2,-0.01399972050884654,-0.050846355989514536,0.025141089912887583
raw_22cell,ACoff_width_minus_width0,Mach,bright_ramp_minus_uniform,0.375,4,-0.006510477748551321,-0.025693725706646957,0.013836538866995726
raw_22cell,ACoff_width_minus_width0,Mach,bright_ramp_minus_uniform,0.375,8,-0.0025235100421758198,-0.013309824246706821,0.008940622909126837
raw_22cell,ACoff_width_minus_width0,Mach,bright_ramp_minus_uniform,0.375,12,-0.0011858901628081433,-0.009249456740442178,0.007424432590050853
raw_22cell,ACoff_width_minus_width0,Mach,bright_ramp_minus_uniform,0.375,16,-0.0005171170421156355,-0.0072430034969081375,0.006712114680968541
raw_22cell,ACoff_width_minus_width0,Mach,bright_ramp_minus_uniform,0.5,2,-0.01865114556858316,-0.06768966003450755,0.03344261772475542
raw_22cell,ACoff_width_minus_width0,Mach,bright_ramp_minus_uniform,0.5,4,-0.00867379813941873,-0.034200664675286555,0.018402947406469698
raw_22cell,ACoff_width_minus_width0,Mach,bright_ramp_minus_uniform,0.5,8,-0.0033631664859554307,-0.017715365781094245,0.011892204057155385
raw_22cell,ACoff_width_minus_width0,Mach,bright_ramp_minus_uniform,0.5,12,-0.0015815702129409394,-0.012312481517437843,0.009876870047645002
raw_22cell,ACoff_width_minus_width0,Mach,bright_ramp_minus_uniform,0.5,16,-0.0006908393221568655,-0.00963952822811817,0.008928203290799335
ON_OFF_equal,ACoff_width_minus_width0,Mach,dark_ramp_minus_uniform,0.0,2,0.0,0.0,0.0
ON_OFF_equal,ACoff_width_minus_width0,Mach,dark_ramp_minus_uniform,0.0,4,0.0,0.0,0.0
ON_OFF_equal,ACoff_width_minus_width0,Mach,dark_ramp_minus_uniform,0.0,8,0.0,0.0,0.0
ON_OFF_equal,ACoff_width_minus_width0,Mach,dark_ramp_minus_uniform,0.0,12,0.0,0.0,0.0
ON_OFF_equal,ACoff_width_minus_width0,Mach,dark_ramp_minus_uniform,0.0,16,0.0,0.0,0.0
ON_OFF_equal,ACoff_width_minus_width0,Mach,dark_ramp_minus_uniform,0.0625,2,0.00172153309020879,-0.0005950477606217768,0.004049669709222919
ON_OFF_equal,ACoff_width_minus_width0,Mach,dark_ramp_minus_uniform,0.0625,4,0.0024108195336469043,-0.001086566313356991,0.005914631822919806
ON_OFF_equal,ACoff_width_minus_width0,Mach,dark_ramp_minus_uniform,0.0625,8,0.0026696783586105857,-0.0014256875317576992,0.00676675113047947
ON_OFF_equal,ACoff_width_minus_width0,Mach,dark_ramp_minus_uniform,0.0625,12,0.002752822924646483,-0.0015438255114401853,0.0070490012801331225
ON_OFF_equal,ACoff_width_minus_width0,Mach,dark_ramp_minus_uniform,0.0625,16,0.002794393405825499,-0.0016025619032266796,0.007191132868917652
ON_OFF_equal,ACoff_width_minus_width0,Mach,dark_ramp_minus_uniform,0.125,2,0.0034391757050928253,-0.0011906547823205694,0.008091682096710425
ON_OFF_equal,ACoff_width_minus_width0,Mach,dark_ramp_minus_uniform,0.125,4,0.004815505391369306,-0.0021737039129220604,0.011818996307556513
ON_OFF_equal,ACoff_width_minus_width0,Mach,dark_ramp_minus_uniform,0.125,8,0.005332138015156879,-0.002851232679677197,0.013519177849437769
ON_OFF_equal,ACoff_width_minus_width0,Mach,dark_ramp_minus_uniform,0.125,12,0.005498058183418055,-0.0030884509200404895,0.014082373467265687
ON_OFF_equal,ACoff_width_minus_width0,Mach,dark_ramp_minus_uniform,0.125,16,0.005581012994558217,-0.003205505636002016,0.014368235149387534
ON_OFF_equal,ACoff_width_minus_width0,Mach,dark_ramp_minus_uniform,0.25,2,0.006862838054075837,-0.002386809546234353,0.01615554034776452
ON_OFF_equal,ACoff_width_minus_width0,Mach,dark_ramp_minus_uniform,0.25,4,0.009606546227587387,-0.00434872920668568,0.02359181018359128
ON_OFF_equal,ACoff_width_minus_width0,Mach,dark_ramp_minus_uniform,0.25,8,0.010635502513780794,-0.005704231585800043,0.026982916184299804
ON_OFF_equal,ACoff_width_minus_width0,Mach,dark_ramp_minus_uniform,0.25,12,0.010965872917690182,-0.0061820646262536385,0.028104122033047508
ON_OFF_equal,ACoff_width_minus_width0,Mach,dark_ramp_minus_uniform,0.25,16,0.011131031610213019,-0.0064091440006710096,0.02867106930064308
ON_OFF_equal,ACoff_width_minus_width0,Mach,dark_ramp_minus_uniform,0.375,2,0.01027109063163932,-0.0035843537517523914,0.024192588011750817
ON_OFF_equal,ACoff_width_minus_width0,Mach,dark_ramp_minus_uniform,0.375,4,0.014373271085787565,-0.006530679677130783,0.035316355513558446
ON_OFF_equal,ACoff_width_minus_width0,Mach,dark_ramp_minus_uniform,0.375,8,0.015910284859793525,-0.008563492612613884,0.04039680813730228
ON_OFF_equal,ACoff_width_minus_width0,Mach,dark_ramp_minus_uniform,0.375,12,0.016403640516468185,-0.009276977752909128,0.04206883025731907
ON_OFF_equal,ACoff_width_minus_width0,Mach,dark_ramp_minus_uniform,0.375,16,0.01665026989732203,-0.009618880011008246,0.04291079385106318
ON_OFF_equal,ACoff_width_minus_width0,Mach,dark_ramp_minus_uniform,0.5,2,0.013664012076333165,-0.004790122326396937,0.0321965639778812
ON_OFF_equal,ACoff_width_minus_width0,Mach,dark_ramp_minus_uniform,0.5,4,0.01911586780001276,-0.008713844486088154,0.04699653843563281
ON_OFF_equal,ACoff_width_minus_width0,Mach,dark_ramp_minus_uniform,0.5,8,0.021156688495206508,-0.011418359836638298,0.053753664723730506
ON_OFF_equal,ACoff_width_minus_width0,Mach,dark_ramp_minus_uniform,0.5,12,0.021811595278060328,-0.012375447600165236,0.05597494422670155
ON_OFF_equal,ACoff_width_minus_width0,Mach,dark_ramp_minus_uniform,0.5,16,0.02213895997348507,-0.012839958116923561,0.05708483525096586
ON_OFF_equal,ACoff_width_minus_width0,Mach,bright_ramp_minus_uniform,0.0,2,0.0,0.0,0.0
ON_OFF_equal,ACoff_width_minus_width0,Mach,bright_ramp_minus_uniform,0.0,4,0.0,0.0,0.0
ON_OFF_equal,ACoff_width_minus_width0,Mach,bright_ramp_minus_uniform,0.0,8,0.0,0.0,0.0
ON_OFF_equal,ACoff_width_minus_width0,Mach,bright_ramp_minus_uniform,0.0,12,0.0,0.0,0.0
ON_OFF_equal,ACoff_width_minus_width0,Mach,bright_ramp_minus_uniform,0.0,16,0.0,0.0,0.0
ON_OFF_equal,ACoff_width_minus_width0,Mach,bright_ramp_minus_uniform,0.0625,2,0.001720690883043322,-0.0005947302819874615,0.004047550085822742
ON_OFF_equal,ACoff_width_minus_width0,Mach,bright_ramp_minus_uniform,0.0625,4,0.001031404165197663,-0.00012969772639215572,0.00219198363895105
ON_OFF_equal,ACoff_width_minus_width0,Mach,bright_ramp_minus_uniform,0.0625,8,0.0007725458516298594,9.049438646278378e-05,0.0014130587576866153
ON_OFF_equal,ACoff_width_minus_width0,Mach,bright_ramp_minus_uniform,0.0625,12,0.000689399984236973,0.00012057331098925969,0.0012212840282440343
ON_OFF_equal,ACoff_width_minus_width0,Mach,bright_ramp_minus_uniform,0.0625,16,0.0006478307690745819,0.00011963684587824134,0.0011578049490935881
ON_OFF_equal,ACoff_width_minus_width0,Mach,bright_ramp_minus_uniform,0.125,2,0.0034358334801904023,-0.0011892422684403354,0.00808347273923573
ON_OFF_equal,ACoff_width_minus_width0,Mach,bright_ramp_minus_uniform,0.125,4,0.0020595058145512924,-0.0002604829849003298,0.004377710582437949
ON_OFF_equal,ACoff_width_minus_width0,Mach,bright_ramp_minus_uniform,0.125,8,0.001542870357297943,0.00018026335970457134,0.0028221850084264592
ON_OFF_equal,ACoff_width_minus_width0,Mach,bright_ramp_minus_uniform,0.125,12,0.0013769506796441938,0.00024048656198049587,0.0024394252890228276
ON_OFF_equal,ACoff_width_minus_width0,Mach,bright_ramp_minus_uniform,0.125,16,0.0012939935880110299,0.00023850678074138296,0.0023129411183682737
ON_OFF_equal,ACoff_width_minus_width0,Mach,bright_ramp_minus_uniform,0.25,2,0.00684951791169754,-0.002381488353317502,0.01612436268101841
ON_OFF_equal,ACoff_width_minus_width0,Mach,bright_ramp_minus_uniform,0.25,4,0.004105811613304209,-0.0005233243630495317,0.008732200873055264
ON_OFF_equal,ACoff_width_minus_width0,Mach,bright_ramp_minus_uniform,0.25,8,0.0030768561773584224,0.0003577887096071211,0.0056282899959114695
ON_OFF_equal,ACoff_width_minus_width0,Mach,bright_ramp_minus_uniform,0.25,12,0.002746489035156888,0.0004789562431402118,0.004866321821022471
ON_OFF_equal,ACoff_width_minus_width0,Mach,bright_ramp_minus_uniform,0.25,16,0.0025813267244042693,0.00047463416445420366,0.004616134984800218
ON_OFF_equal,ACoff_width_minus_width0,Mach,bright_ramp_minus_uniform,0.375,2,0.010241220556054031,-0.003573335697209187,0.024121067704683294
ON_OFF_equal,ACoff_width_minus_width0,Mach,bright_ramp_minus_uniform,0.375,4,0.006139033541070864,-0.0007881519587109738,0.013059704659333093
ON_OFF_equal,ACoff_width_minus_width0,Mach,bright_ramp_minus_uniform,0.375,8,0.00460202168376002,0.0005344880754169683,0.008421015967698104
ON_OFF_equal,ACoff_width_minus_width0,Mach,bright_ramp_minus_uniform,0.375,12,0.004108664738201436,0.0007145051286897793,0.007281870133114613
ON_OFF_equal,ACoff_width_minus_width0,Mach,bright_ramp_minus_uniform,0.375,16,0.003862035367741815,0.0007088581817177856,0.006908696370010147
ON_OFF_equal,ACoff_width_minus_width0,Mach,bright_ramp_minus_uniform,0.5,2,0.013611108456513775,-0.004766669522359739,0.032068758918493194
ON_OFF_equal,ACoff_width_minus_width0,Mach,bright_ramp_minus_uniform,0.5,4,0.008159254362648687,-0.001054105917916917,0.017363955711386672
ON_OFF_equal,ACoff_width_minus_width0,Mach,bright_ramp_minus_uniform,0.5,8,0.006118434299423825,0.0007068936293373026,0.011197818122049546
ON_OFF_equal,ACoff_width_minus_width0,Mach,bright_ramp_minus_uniform,0.5,12,0.005463526597720505,0.0009480782322498257,0.009684428138903705
ON_OFF_equal,ACoff_width_minus_width0,Mach,bright_ramp_minus_uniform,0.5,16,0.0051361617671708305,0.0009405474496556326,0.009190168306330241
four_group_equal,ACoff_width_minus_width0,Mach,dark_ramp_minus_uniform,0.0,2,0.0,0.0,0.0
four_group_equal,ACoff_width_minus_width0,Mach,dark_ramp_minus_uniform,0.0,4,0.0,0.0,0.0
four_group_equal,ACoff_width_minus_width0,Mach,dark_ramp_minus_uniform,0.0,8,0.0,0.0,0.0
four_group_equal,ACoff_width_minus_width0,Mach,dark_ramp_minus_uniform,0.0,12,0.0,0.0,0.0
four_group_equal,ACoff_width_minus_width0,Mach,dark_ramp_minus_uniform,0.0,16,0.0,0.0,0.0
four_group_equal,ACoff_width_minus_width0,Mach,dark_ramp_minus_uniform,0.0625,2,0.0009810360704755614,-0.00027440637091381706,0.0023816128138827884
four_group_equal,ACoff_width_minus_width0,Mach,dark_ramp_minus_uniform,0.0625,4,0.001311613552712111,-0.0006393894202645039,0.0034693612703995294
four_group_equal,ACoff_width_minus_width0,Mach,dark_ramp_minus_uniform,0.0625,8,0.0013973083311510787,-0.000944486703285493,0.003972517294637832
four_group_equal,ACoff_width_minus_width0,Mach,dark_ramp_minus_uniform,0.0625,12,0.001422998070322339,-0.0010533688463369285,0.0041398800878030455
four_group_equal,ACoff_width_minus_width0,Mach,dark_ramp_minus_uniform,0.0625,16,0.0014358418222400367,-0.0011066391683966198,0.004224128693850716
four_group_equal,ACoff_width_minus_width0,Mach,dark_ramp_minus_uniform,0.125,2,0.001958785892929882,-0.000548431610158231,0.004755641674823385
four_group_equal,ACoff_width_minus_width0,Mach,dark_ramp_minus_uniform,0.125,4,0.002618239235663268,-0.0012782544743014223,0.006926914251453125
four_group_equal,ACoff_width_minus_width0,Mach,dark_ramp_minus_uniform,0.125,8,0.002788866353997341,-0.001887831731857863,0.007930897587163295
four_group_equal,ACoff_width_minus_width0,Mach,dark_ramp_minus_uniform,0.125,12,0.0028399910616119274,-0.002105274705010947,0.008265086903847982
four_group_equal,ACoff_width_minus_width0,Mach,dark_ramp_minus_uniform,0.125,16,0.002865551475972297,-0.0022112583234532674,0.00843329020336063
four_group_equal,ACoff_width_minus_width0,Mach,dark_ramp_minus_uniform,0.25,2,0.003904470992791984,-0.001096053087773424,0.009480306946465528
four_group_equal,ACoff_width_minus_width0,Mach,dark_ramp_minus_uniform,0.25,4,0.005216588951104011,-0.002554069326482328,0.013805568211230102
four_group_equal,ACoff_width_minus_width0,Mach,dark_ramp_minus_uniform,0.25,8,0.0055548121399220315,-0.0037720106646803387,0.015806447834466875
four_group_equal,ACoff_width_minus_width0,Mach,dark_ramp_minus_uniform,0.25,12,0.0056560504799967395,-0.004204906292256458,0.01646885390456494
four_group_equal,ACoff_width_minus_width0,Mach,dark_ramp_minus_uniform,0.25,16,0.005706656546842874,-0.004417346227350613,0.016808566689821114
four_group_equal,ACoff_width_minus_width0,Mach,dark_ramp_minus_uniform,0.375,2,0.005837153237209552,-0.0016448212671093657,0.01417740942548132
four_group_equal,ACoff_width_minus_width0,Mach,dark_ramp_minus_uniform,0.375,4,0.007795185493564026,-0.003826896244168495,0.02064234404417218
four_group_equal,ACoff_width_minus_width0,Mach,dark_ramp_minus_uniform,0.375,8,0.008298011827800007,-0.00565059600533762,0.023626586075988592
four_group_equal,ACoff_width_minus_width0,Mach,dark_ramp_minus_uniform,0.375,12,0.008448355420518458,-0.006298255388230453,0.024612138203455182
four_group_equal,ACoff_width_minus_width0,Mach,dark_ramp_minus_uniform,0.375,16,0.008523508328168342,-0.0066170327382860765,0.025124038171278593
four_group_equal,ACoff_width_minus_width0,Mach,dark_ramp_minus_uniform,0.5,2,0.007756905180091662,-0.00219071101914677,0.01884533145814201
four_group_equal,ACoff_width_minus_width0,Mach,dark_ramp_minus_uniform,0.5,4,0.010354204195189391,-0.005097458279989151,0.027438852338269083
four_group_equal,ACoff_width_minus_width0,Mach,dark_ramp_minus_uniform,0.5,8,0.011018650351454405,-0.007522456203069957,0.03139198709062638
four_group_equal,ACoff_width_minus_width0,Mach,dark_ramp_minus_uniform,0.5,12,0.011217119101072766,-0.008385016777319836,0.032701841005117686
four_group_equal,ACoff_width_minus_width0,Mach,dark_ramp_minus_uniform,0.5,16,0.011316314883556014,-0.008813255958569553,0.033381164977424
four_group_equal,ACoff_width_minus_width0,Mach,bright_ramp_minus_uniform,0.0,2,0.0,0.0,0.0
four_group_equal,ACoff_width_minus_width0,Mach,bright_ramp_minus_uniform,0.0,4,0.0,0.0,0.0
four_group_equal,ACoff_width_minus_width0,Mach,bright_ramp_minus_uniform,0.0,8,0.0,0.0,0.0
four_group_equal,ACoff_width_minus_width0,Mach,bright_ramp_minus_uniform,0.0,12,0.0,0.0,0.0
four_group_equal,ACoff_width_minus_width0,Mach,bright_ramp_minus_uniform,0.0,16,0.0,0.0,0.0
four_group_equal,ACoff_width_minus_width0,Mach,bright_ramp_minus_uniform,0.0625,2,0.0009805424995041295,-0.0002743003378746936,0.002380365823889103
four_group_equal,ACoff_width_minus_width0,Mach,bright_ramp_minus_uniform,0.0625,4,0.0006499646305100112,4.854331149191322e-05,0.001311951146635187
four_group_equal,ACoff_width_minus_width0,Mach,bright_ramp_minus_uniform,0.0625,8,0.0005642705460357117,0.00016626689704682783,0.0009753682976639133
four_group_equal,ACoff_width_minus_width0,Mach,bright_ramp_minus_uniform,0.0625,12,0.0005385794519194558,0.00016269746866378728,0.0009708775283696818
four_group_equal,ACoff_width_minus_width0,Mach,bright_ramp_minus_uniform,0.0625,16,0.000525737258350192,0.00015061400071974483,0.0009923001086023452
four_group_equal,ACoff_width_minus_width0,Mach,bright_ramp_minus_uniform,0.125,2,0.0019568337528956667,-0.0005477162366797632,0.004750555434946159
four_group_equal,ACoff_width_minus_width0,Mach,bright_ramp_minus_uniform,0.125,4,0.0012973827552842624,9.708189329810651e-05,0.00261874408024596
four_group_equal,ACoff_width_minus_width0,Mach,bright_ramp_minus_uniform,0.125,8,0.001126752739178806,0.0003318380324647782,0.0019475477283756638
four_group_equal,ACoff_width_minus_width0,Mach,bright_ramp_minus_uniform,0.125,12,0.0010756282682753714,0.0003249429761934957,0.001939443377136235
four_group_equal,ACoff_width_minus_width0,Mach,bright_ramp_minus_uniform,0.125,16,0.0010500659708971702,0.0003008076155512955,0.00198235964648221
four_group_equal,ACoff_width_minus_width0,Mach,bright_ramp_minus_uniform,0.25,2,0.0038966915274310527,-0.0010934443957133556,0.009460300756323295
four_group_equal,ACoff_width_minus_width0,Mach,bright_ramp_minus_uniform,0.25,4,0.0025845753806707852,0.00019401601161209427,0.005215677539674489
four_group_equal,ACoff_width_minus_width0,Mach,bright_ramp_minus_uniform,0.25,8,0.0022463534915004857,0.0006613877599435596,0.003882855307862578
four_group_equal,ACoff_width_minus_width0,Mach,bright_ramp_minus_uniform,0.25,12,0.002145117312546871,0.0006473709309628041,0.003869419281699164
four_group_equal,ACoff_width_minus_width0,Mach,bright_ramp_minus_uniform,0.25,16,0.002094508901387194,0.0005992429149450293,0.0039556174063303225
four_group_equal,ACoff_width_minus_width0,Mach,bright_ramp_minus_uniform,0.375,2,0.005819718465580891,-0.0016365554662560364,0.014131117238870904
four_group_equal,ACoff_width_minus_width0,Mach,bright_ramp_minus_uniform,0.375,4,0.003861679846482325,0.00029065394364604513,0.007790964204177725
four_group_equal,ACoff_width_minus_width0,Mach,bright_ramp_minus_uniform,0.375,8,0.0033588559330382847,0.0009892661763559677,0.005806556178568926
four_group_equal,ACoff_width_minus_width0,Mach,bright_ramp_minus_uniform,0.375,12,0.0032085096588869216,0.0009680620031374721,0.005790092567120961
four_group_equal,ACoff_width_minus_width0,Mach,bright_ramp_minus_uniform,0.375,16,0.0031333578245216313,0.00089575912089155,0.005919581251980869
four_group_equal,ACoff_width_minus_width0,Mach,bright_ramp_minus_uniform,0.5,2,0.007726058405791665,-0.0021794276076495143,0.018762103765451055
four_group_equal,ACoff_width_minus_width0,Mach,bright_ramp_minus_uniform,0.5,4,0.0051287612895571846,0.00038694305995805734,0.01034370680537298
four_group_equal,ACoff_width_minus_width0,Mach,bright_ramp_minus_uniform,0.5,8,0.004464316721714568,0.0013153407372293348,0.007718336559874938
four_group_equal,ACoff_width_minus_width0,Mach,bright_ramp_minus_uniform,0.5,12,0.004265845913485261,0.001288520949759307,0.00770002699836671
four_group_equal,ACoff_width_minus_width0,Mach,bright_ramp_minus_uniform,0.5,16,0.004166650753500613,0.0011899773568640932,0.007873909977590502
raw_22cell,AC_effect_interaction,Mach,dark_ramp_minus_uniform,0.0,2,0.0,0.0,0.0
raw_22cell,AC_effect_interaction,Mach,dark_ramp_minus_uniform,0.0,4,0.0,0.0,0.0
raw_22cell,AC_effect_interaction,Mach,dark_ramp_minus_uniform,0.0,8,0.0,0.0,0.0
raw_22cell,AC_effect_interaction,Mach,dark_ramp_minus_uniform,0.0,12,0.0,0.0,0.0
raw_22cell,AC_effect_interaction,Mach,dark_ramp_minus_uniform,0.0,16,0.0,0.0,0.0
raw_22cell,AC_effect_interaction,Mach,dark_ramp_minus_uniform,0.0625,2,-0.00377839969752875,-0.0071752269626648,-0.0002188869961504355
raw_22cell,AC_effect_interaction,Mach,dark_ramp_minus_uniform,0.0625,4,-0.00697899669599296,-0.013341137524052596,-0.0002949232293097105
raw_22cell,AC_effect_interaction,Mach,dark_ramp_minus_uniform,0.0625,8,-0.00857994441784368,-0.016409597454929262,-0.0003753303383332943
raw_22cell,AC_effect_interaction,Mach,dark_ramp_minus_uniform,0.0625,12,-0.009113601640075847,-0.017431238524733834,-0.00040223602838358334
raw_22cell,AC_effect_interaction,Mach,dark_ramp_minus_uniform,0.0625,16,-0.009380431044436673,-0.017941232508035847,-0.0004153583488831968
raw_22cell,AC_effect_interaction,Mach,dark_ramp_minus_uniform,0.125,2,-0.007553170927911362,-0.01434241466737479,-0.00043973519297486245
raw_22cell,AC_effect_interaction,Mach,dark_ramp_minus_uniform,0.125,4,-0.01395148041906809,-0.026667656234415266,-0.0005927894734751037
raw_22cell,AC_effect_interaction,Mach,dark_ramp_minus_uniform,0.125,8,-0.017151801725214518,-0.03280085629290128,-0.0007537613609615327
raw_22cell,AC_effect_interaction,Mach,dark_ramp_minus_uniform,0.125,12,-0.01821857584648321,-0.03483931716835452,-0.0008108746801636906
raw_22cell,AC_effect_interaction,Mach,dark_ramp_minus_uniform,0.125,16,-0.01875195054261977,-0.035860133956273126,-0.0008352728152121176
raw_22cell,AC_effect_interaction,Mach,dark_ramp_minus_uniform,0.25,2,-0.015091798379382288,-0.028652768065512643,-0.0008857519660854163
raw_22cell,AC_effect_interaction,Mach,dark_ramp_minus_uniform,0.25,4,-0.02787695455216718,-0.05327764113079122,-0.001203079855159514
raw_22cell,AC_effect_interaction,Mach,dark_ramp_minus_uniform,0.25,8,-0.034271276600934056,-0.06552249130763811,-0.0015248247124625398
raw_22cell,AC_effect_interaction,Mach,dark_ramp_minus_uniform,0.25,12,-0.03640262047834271,-0.0695911622886673,-0.00164091659161476
raw_22cell,AC_effect_interaction,Mach,dark_ramp_minus_uniform,0.25,16,-0.037468265151388055,-0.07163155705506638,-0.0016892079715200312
raw_22cell,AC_effect_interaction,Mach,dark_ramp_minus_uniform,0.375,2,-0.022615906416004607,-0.04292995264113415,-0.001337123738432477
raw_22cell,AC_effect_interaction,Mach,dark_ramp_minus_uniform,0.375,4,-0.041776486423755574,-0.07981940963985505,-0.0018277719370830832
raw_22cell,AC_effect_interaction,Mach,dark_ramp_minus_uniform,0.375,8,-0.051358489795926617,-0.09816531753412246,-0.0023181641189943605
raw_22cell,AC_effect_interaction,Mach,dark_ramp_minus_uniform,0.375,12,-0.054552222911628305,-0.10425184897692154,-0.0024749637446472247
raw_22cell,AC_effect_interaction,Mach,dark_ramp_minus_uniform,0.375,16,-0.056149016358011235,-0.10731966265818549,-0.0025643733356198323
raw_22cell,AC_effect_interaction,Mach,dark_ramp_minus_uniform,0.5,2,-0.030125520006880502,-0.057166941585918805,-0.0017936981186556502
raw_22cell,AC_effect_interaction,Mach,dark_ramp_minus_uniform,0.5,4,-0.055650079559365455,-0.10631588568397671,-0.002457697272554745
raw_22cell,AC_effect_interaction,Mach,dark_ramp_minus_uniform,0.5,8,-0.06841349199319004,-0.13070525166251834,-0.003110039664567389
raw_22cell,AC_effect_interaction,Mach,dark_ramp_minus_uniform,0.5,12,-0.07266743224251761,-0.13884154754771522,-0.0033305996859616287
raw_22cell,AC_effect_interaction,Mach,dark_ramp_minus_uniform,0.5,16,-0.07479427166584753,-0.14291727727716286,-0.0034505126012267075
raw_22cell,AC_effect_interaction,Mach,bright_ramp_minus_uniform,0.0,2,0.0,0.0,0.0
raw_22cell,AC_effect_interaction,Mach,bright_ramp_minus_uniform,0.0,4,0.0,0.0,0.0
raw_22cell,AC_effect_interaction,Mach,bright_ramp_minus_uniform,0.0,8,0.0,0.0,0.0
raw_22cell,AC_effect_interaction,Mach,bright_ramp_minus_uniform,0.0,12,0.0,0.0,0.0
raw_22cell,AC_effect_interaction,Mach,bright_ramp_minus_uniform,0.0,16,0.0,0.0,0.0
raw_22cell,AC_effect_interaction,Mach,bright_ramp_minus_uniform,0.0625,2,-0.003777667199094801,-0.007173288297723379,-0.00021950275463909435
raw_22cell,AC_effect_interaction,Mach,bright_ramp_minus_uniform,0.0625,4,-0.0005770725448118438,-0.0012115238848392355,1.8862509552325806e-05
raw_22cell,AC_effect_interaction,Mach,bright_ramp_minus_uniform,0.0625,8,0.0010238773637948643,-0.00018593311906442956,0.00222966794112422
raw_22cell,AC_effect_interaction,Mach,bright_ramp_minus_uniform,0.0625,12,0.0015575324187838387,-0.00014300008678302112,0.00321465015930781
raw_22cell,AC_effect_interaction,Mach,bright_ramp_minus_uniform,0.0625,16,0.0018243632680837022,-0.0001239618252095004,0.003714434992533907
raw_22cell,AC_effect_interaction,Mach,bright_ramp_minus_uniform,0.125,2,-0.007550199334218632,-0.0143346534388415,-0.0004415787552385486
raw_22cell,AC_effect_interaction,Mach,bright_ramp_minus_uniform,0.125,4,-0.0011518875240157781,-0.0024195215458762093,3.7790351614768676e-05
raw_22cell,AC_effect_interaction,Mach,bright_ramp_minus_uniform,0.125,8,0.002048430924663659,-0.000371927139117774,0.004460782785033434
raw_22cell,AC_effect_interaction,Mach,bright_ramp_minus_uniform,0.125,12,0.003115203388336919,-0.0002855658741530289,0.006429630689936774
raw_22cell,AC_effect_interaction,Mach,bright_ramp_minus_uniform,0.125,16,0.0036485772087127607,-0.0002478350042606918,0.007428481381975869
raw_22cell,AC_effect_interaction,Mach,bright_ramp_minus_uniform,0.25,2,-0.015079938735156744,-0.028622660186705284,-0.0008920728647023134
raw_22cell,AC_effect_interaction,Mach,bright_ramp_minus_uniform,0.25,4,-0.0022947799403813074,-0.004822942558332049,7.698767949477685e-05
raw_22cell,AC_effect_interaction,Mach,bright_ramp_minus_uniform,0.25,8,0.00409953982505778,-0.0007447902269301592,0.008927073770742436
raw_22cell,AC_effect_interaction,Mach,bright_ramp_minus_uniform,0.25,12,0.006230884053035301,-0.0005702801473406987,0.012859894637453675
raw_22cell,AC_effect_interaction,Mach,bright_ramp_minus_uniform,0.25,16,0.007296528589160351,-0.0004952799708421065,0.014855563063544895
raw_22cell,AC_effect_interaction,Mach,bright_ramp_minus_uniform,0.375,2,-0.022589281968645413,-0.04285762441398798,-0.0013537411353767835
raw_22cell,AC_effect_interaction,Mach,bright_ramp_minus_uniform,0.375,4,-0.003428713188358498,-0.007212012247923253,0.00011910271516006055
raw_22cell,AC_effect_interaction,Mach,bright_ramp_minus_uniform,0.375,8,0.006153299983866004,-0.0011192566865991624,0.013400083175590473
raw_22cell,AC_effect_interaction,Mach,bright_ramp_minus_uniform,0.375,12,0.009347028206155466,-0.000853968290506269,0.019291470814410287
raw_22cell,AC_effect_interaction,Mach,bright_ramp_minus_uniform,0.375,16,0.010943829703716223,-0.0007433551674528798,0.022280593581440782
raw_22cell,AC_effect_interaction,Mach,bright_ramp_minus_uniform,0.5,2,-0.03007827754878566,-0.05704172090223768,-0.0018393764903686933
raw_22cell,AC_effect_interaction,Mach,bright_ramp_minus_uniform,0.5,4,-0.004553719936997037,-0.009582655563347293,0.00015999153944324963
raw_22cell,AC_effect_interaction,Mach,bright_ramp_minus_uniform,0.5,8,0.008209690697681666,-0.0014931184418277212,0.01787949832737054
raw_22cell,AC_effect_interaction,Mach,bright_ramp_minus_uniform,0.5,12,0.012463626647579738,-0.0011361479126869441,0.025722154538512263
raw_22cell,AC_effect_interaction,Mach,bright_ramp_minus_uniform,0.5,16,0.014590474305970763,-0.0009889576004669923,0.029702016840284076
ON_OFF_equal,AC_effect_interaction,Mach,dark_ramp_minus_uniform,0.0,2,0.0,0.0,0.0
ON_OFF_equal,AC_effect_interaction,Mach,dark_ramp_minus_uniform,0.0,4,0.0,0.0,0.0
ON_OFF_equal,AC_effect_interaction,Mach,dark_ramp_minus_uniform,0.0,8,0.0,0.0,0.0
ON_OFF_equal,AC_effect_interaction,Mach,dark_ramp_minus_uniform,0.0,12,0.0,0.0,0.0
ON_OFF_equal,AC_effect_interaction,Mach,dark_ramp_minus_uniform,0.0,16,0.0,0.0,0.0
ON_OFF_equal,AC_effect_interaction,Mach,dark_ramp_minus_uniform,0.0625,2,-0.0015243130252591596,-0.0025293107501170196,-0.000639546911731616
ON_OFF_equal,AC_effect_interaction,Mach,dark_ramp_minus_uniform,0.0625,4,-0.0027757887819461757,-0.004763897450837768,-0.0009173277840480806
ON_OFF_equal,AC_effect_interaction,Mach,dark_ramp_minus_uniform,0.0625,8,-0.0034222110693268148,-0.005908216810628021,-0.0010783848498444313
ON_OFF_equal,AC_effect_interaction,Mach,dark_ramp_minus_uniform,0.0625,12,-0.0036387761887064184,-0.006295597771060911,-0.0011330600052864232
ON_OFF_equal,AC_effect_interaction,Mach,dark_ramp_minus_uniform,0.0625,16,-0.0037470612214747234,-0.00649066866902623,-0.001160213885701263
ON_OFF_equal,AC_effect_interaction,Mach,dark_ramp_minus_uniform,0.125,2,-0.0030485545595573572,-0.005058000057679887,-0.0012796933638518175
ON_OFF_equal,AC_effect_interaction,Mach,dark_ramp_minus_uniform,0.125,4,-0.0055516192917691234,-0.009527014122464348,-0.001836631010590801
ON_OFF_equal,AC_effect_interaction,Mach,dark_ramp_minus_uniform,0.125,8,-0.006844502886451664,-0.011813529039454807,-0.002158501516247008
ON_OFF_equal,AC_effect_interaction,Mach,dark_ramp_minus_uniform,0.125,12,-0.00727765250212542,-0.012588424999181108,-0.002268747972480666
ON_OFF_equal,AC_effect_interaction,Mach,dark_ramp_minus_uniform,0.125,16,-0.007494222520303344,-0.012977838628428018,-0.0023230082398997985
ON_OFF_equal,AC_effect_interaction,Mach,dark_ramp_minus_uniform,0.25,2,-0.006096764137120254,-0.010115641282962834,-0.002561695509055951
ON_OFF_equal,AC_effect_interaction,Mach,dark_ramp_minus_uniform,0.25,4,-0.011103386307825404,-0.019046852161435316,-0.003678100434782602
ON_OFF_equal,AC_effect_interaction,Mach,dark_ramp_minus_uniform,0.25,8,-0.013689276566375544,-0.0236187598986232,-0.0043227953403792135
ON_OFF_equal,AC_effect_interaction,Mach,dark_ramp_minus_uniform,0.25,12,-0.014555605047072664,-0.025162269312750143,-0.004547954793367485
ON_OFF_equal,AC_effect_interaction,Mach,dark_ramp_minus_uniform,0.25,16,-0.014988777345284428,-0.025946204043036998,-0.004658313966345825
ON_OFF_equal,AC_effect_interaction,Mach,dark_ramp_minus_uniform,0.375,2,-0.00914459325602885,-0.015172392515751197,-0.003844157051480582
ON_OFF_equal,AC_effect_interaction,Mach,dark_ramp_minus_uniform,0.375,4,-0.016655251913886913,-0.028564720958820546,-0.005528127669146801
ON_OFF_equal,AC_effect_interaction,Mach,dark_ramp_minus_uniform,0.375,8,-0.020534238199616084,-0.03541620770894432,-0.006498788043557279
ON_OFF_equal,AC_effect_interaction,Mach,dark_ramp_minus_uniform,0.375,12,-0.02183378389444053,-0.03773071269154441,-0.006838434470007213
ON_OFF_equal,AC_effect_interaction,Mach,dark_ramp_minus_uniform,0.375,16,-0.022483564335613798,-0.038905928852026206,-0.006998846160545968
ON_OFF_equal,AC_effect_interaction,Mach,dark_ramp_minus_uniform,0.5,2,-0.012192007656267378,-0.020228730627189044,-0.005129923647785162
ON_OFF_equal,AC_effect_interaction,Mach,dark_ramp_minus_uniform,0.5,4,-0.02220710370290492,-0.038075924110151906,-0.00737836358218504
ON_OFF_equal,AC_effect_interaction,Mach,dark_ramp_minus_uniform,0.5,8,-0.02737928727635465,-0.04721339591316272,-0.008684110362121697
ON_OFF_equal,AC_effect_interaction,Mach,dark_ramp_minus_uniform,0.5,12,-0.02911207946661827,-0.05029190486597403,-0.009135564625259067
ON_OFF_equal,AC_effect_interaction,Mach,dark_ramp_minus_uniform,0.5,16,-0.02997848965008286,-0.05184731697001034,-0.009360552019240631
ON_OFF_equal,AC_effect_interaction,Mach,bright_ramp_minus_uniform,0.0,2,0.0,0.0,0.0
ON_OFF_equal,AC_effect_interaction,Mach,bright_ramp_minus_uniform,0.0,4,0.0,0.0,0.0
ON_OFF_equal,AC_effect_interaction,Mach,bright_ramp_minus_uniform,0.0,8,0.0,0.0,0.0
ON_OFF_equal,AC_effect_interaction,Mach,bright_ramp_minus_uniform,0.0,12,0.0,0.0,0.0
ON_OFF_equal,AC_effect_interaction,Mach,bright_ramp_minus_uniform,0.0,16,0.0,0.0,0.0
ON_OFF_equal,AC_effect_interaction,Mach,bright_ramp_minus_uniform,0.0625,2,-0.001524380534842099,-0.0025290021942104036,-0.0006400498972668955
ON_OFF_equal,AC_effect_interaction,Mach,bright_ramp_minus_uniform,0.0625,4,-0.0002729075523737785,-0.0006604754525856801,8.285028694509885e-05
ON_OFF_equal,AC_effect_interaction,Mach,bright_ramp_minus_uniform,0.0625,8,0.0003735173029001868,-0.00033642620746507314,0.001100236638386116
ON_OFF_equal,AC_effect_interaction,Mach,bright_ramp_minus_uniform,0.0625,12,0.0005900805128606279,-0.0002686712253080257,0.001467591005894064
ON_OFF_equal,AC_effect_interaction,Mach,bright_ramp_minus_uniform,0.0625,16,0.000698367099565595,-0.0002360445330785821,0.00165194883512478
ON_OFF_equal,AC_effect_interaction,Mach,bright_ramp_minus_uniform,0.125,2,-0.003048786015564733,-0.005057406160134241,-0.0012818423591267783
ON_OFF_equal,AC_effect_interaction,Mach,bright_ramp_minus_uniform,0.125,4,-0.000545718244341385,-0.0013215550091639928,0.00016659717513383448
ON_OFF_equal,AC_effect_interaction,Mach,bright_ramp_minus_uniform,0.125,8,0.0007471619896283039,-0.0006728971494404897,0.0022009777896982983
ON_OFF_equal,AC_effect_interaction,Mach,bright_ramp_minus_uniform,0.125,12,0.0011803109140860867,-0.0005371245687066618,0.002935085014532238
ON_OFF_equal,AC_effect_interaction,Mach,bright_ramp_minus_uniform,0.125,16,0.0013968793063473383,-0.0004716937278171178,0.003304065802634728
ON_OFF_equal,AC_effect_interaction,Mach,bright_ramp_minus_uniform,0.25,2,-0.006097670809789894,-0.01011243482190756,-0.0025683749070594783
ON_OFF_equal,AC_effect_interaction,Mach,bright_ramp_minus_uniform,0.25,4,-0.0010910457229848752,-0.002645641977116092,0.00033697942881190027
ON_OFF_equal,AC_effect_interaction,Mach,bright_ramp_minus_uniform,0.25,8,0.0014948418855575641,-0.0013460280630559806,0.004403432680179061
ON_OFF_equal,AC_effect_interaction,Mach,bright_ramp_minus_uniform,0.25,12,0.00236116978807591,-0.00107385905900758,0.005869963506419087
ON_OFF_equal,AC_effect_interaction,Mach,bright_ramp_minus_uniform,0.25,16,0.002794343174952831,-0.0009415480378850468,0.006608629756348299
ON_OFF_equal,AC_effect_interaction,Mach,bright_ramp_minus_uniform,0.375,2,-0.009146600642582468,-0.015164652801818836,-0.003864050149344882
ON_OFF_equal,AC_effect_interaction,Mach,bright_ramp_minus_uniform,0.375,4,-0.0016359524426141957,-0.003972789289660535,0.0005116186770724845
ON_OFF_equal,AC_effect_interaction,Mach,bright_ramp_minus_uniform,0.375,8,0.0022430429307860322,-0.0020196615963868694,0.006608084978090897
ON_OFF_equal,AC_effect_interaction,Mach,bright_ramp_minus_uniform,0.375,12,0.003542582555123122,-0.0016090325557732788,0.008807743295145491
ON_OFF_equal,AC_effect_interaction,Mach,bright_ramp_minus_uniform,0.375,16,0.004192370568749279,-0.0014115442787117772,0.009912319665844336
ON_OFF_equal,AC_effect_interaction,Mach,bright_ramp_minus_uniform,0.5,2,-0.012195507909252355,-0.020213126497979572,-0.005163999613770497
ON_OFF_equal,AC_effect_interaction,Mach,bright_ramp_minus_uniform,0.5,4,-0.0021804120177486242,-0.0053031591423600075,0.0006901993777189199
ON_OFF_equal,AC_effect_interaction,Mach,bright_ramp_minus_uniform,0.5,8,0.0029917662442520455,-0.002692281304072303,0.008813434339377367
ON_OFF_equal,AC_effect_interaction,Mach,bright_ramp_minus_uniform,0.5,12,0.004724554596448018,-0.002145951702615484,0.011744461452937163
ON_OFF_equal,AC_effect_interaction,Mach,bright_ramp_minus_uniform,0.5,16,0.005590974285171666,-0.001882357891645371,0.013216741781564319
four_group_equal,AC_effect_interaction,Mach,dark_ramp_minus_uniform,0.0,2,0.0,0.0,0.0
four_group_equal,AC_effect_interaction,Mach,dark_ramp_minus_uniform,0.0,4,0.0,0.0,0.0
four_group_equal,AC_effect_interaction,Mach,dark_ramp_minus_uniform,0.0,8,0.0,0.0,0.0
four_group_equal,AC_effect_interaction,Mach,dark_ramp_minus_uniform,0.0,12,0.0,0.0,0.0
four_group_equal,AC_effect_interaction,Mach,dark_ramp_minus_uniform,0.0,16,0.0,0.0,0.0
four_group_equal,AC_effect_interaction,Mach,dark_ramp_minus_uniform,0.0625,2,-0.0016660340533841615,-0.0024145506036138105,-0.0010703686405976343
four_group_equal,AC_effect_interaction,Mach,dark_ramp_minus_uniform,0.0625,4,-0.0031933635858472876,-0.004533243941742614,-0.0020939566874919073
four_group_equal,AC_effect_interaction,Mach,dark_ramp_minus_uniform,0.0625,8,-0.003973838021516308,-0.005618159395065353,-0.002614442650167097
four_group_equal,AC_effect_interaction,Mach,dark_ramp_minus_uniform,0.0625,12,-0.00423484305949589,-0.0059810323137771265,-0.002788349039340119
four_group_equal,AC_effect_interaction,Mach,dark_ramp_minus_uniform,0.0625,16,-0.004365348201645247,-0.006162109758603137,-0.0028747981532064345
four_group_equal,AC_effect_interaction,Mach,dark_ramp_minus_uniform,0.125,2,-0.003331611391594278,-0.0048285531780543865,-0.002140623434020199
four_group_equal,AC_effect_interaction,Mach,dark_ramp_minus_uniform,0.125,4,-0.0063859377564464605,-0.009064112658782807,-0.004187699239297826
four_group_equal,AC_effect_interaction,Mach,dark_ramp_minus_uniform,0.125,8,-0.007946664197232976,-0.011234365727834504,-0.005228772948660968
four_group_equal,AC_effect_interaction,Mach,dark_ramp_minus_uniform,0.125,12,-0.008468602349542683,-0.011960129434177765,-0.005576631997740959
four_group_equal,AC_effect_interaction,Mach,dark_ramp_minus_uniform,0.125,16,-0.00872956320241024,-0.012322384066344004,-0.005750562963575149
four_group_equal,AC_effect_interaction,Mach,dark_ramp_minus_uniform,0.25,2,-0.0066613358882023025,-0.00965513766187036,-0.004280227354304065
four_group_equal,AC_effect_interaction,Mach,dark_ramp_minus_uniform,0.25,4,-0.012768701376787955,-0.018119979107205936,-0.00837273043903729
four_group_equal,AC_effect_interaction,Mach,dark_ramp_minus_uniform,0.25,8,-0.01588924637997277,-0.02246057858874338,-0.01045655063703533
four_group_equal,AC_effect_interaction,Mach,dark_ramp_minus_uniform,0.25,12,-0.01693278037924352,-0.02391103365163973,-0.011152106060693164
four_group_equal,AC_effect_interaction,Mach,dark_ramp_minus_uniform,0.25,16,-0.0174545440247837,-0.02463493666272471,-0.011500938947491096
four_group_equal,AC_effect_interaction,Mach,dark_ramp_minus_uniform,0.375,2,-0.009989143770548659,-0.014479133242340242,-0.006418201423609087
four_group_equal,AC_effect_interaction,Mach,dark_ramp_minus_uniform,0.375,4,-0.019148253458358036,-0.027170781743859857,-0.012557440004125564
four_group_equal,AC_effect_interaction,Mach,dark_ramp_minus_uniform,0.375,8,-0.02382767867182136,-0.03367594831160507,-0.015686673020126274
four_group_equal,AC_effect_interaction,Mach,dark_ramp_minus_uniform,0.375,12,-0.02539247931312679,-0.03585240859632905,-0.016727823934181502
four_group_equal,AC_effect_interaction,Mach,dark_ramp_minus_uniform,0.375,16,-0.026174862262875347,-0.03694027451838338,-0.017251163825366244
four_group_equal,AC_effect_interaction,Mach,dark_ramp_minus_uniform,0.5,2,-0.01331500853428022,-0.019299498457237656,-0.008555782040222972
four_group_equal,AC_effect_interaction,Mach,dark_ramp_minus_uniform,0.5,4,-0.025524494455506405,-0.036215789343720335,-0.016743400828288752
four_group_equal,AC_effect_interaction,Mach,dark_ramp_minus_uniform,0.5,8,-0.03176187636878846,-0.04488291057353005,-0.020908705570923825
four_group_equal,AC_effect_interaction,Mach,dark_ramp_minus_uniform,0.5,12,-0.03384760720606816,-0.0477868094743139,-0.02230137898484828
four_group_equal,AC_effect_interaction,Mach,dark_ramp_minus_uniform,0.5,16,-0.03489044252876031,-0.04923230135014111,-0.023003709616522344
four_group_equal,AC_effect_interaction,Mach,bright_ramp_minus_uniform,0.0,2,0.0,0.0,0.0
four_group_equal,AC_effect_interaction,Mach,bright_ramp_minus_uniform,0.0,4,0.0,0.0,0.0
four_group_equal,AC_effect_interaction,Mach,bright_ramp_minus_uniform,0.0,8,0.0,0.0,0.0
four_group_equal,AC_effect_interaction,Mach,bright_ramp_minus_uniform,0.0,12,0.0,0.0,0.0
four_group_equal,AC_effect_interaction,Mach,bright_ramp_minus_uniform,0.0,16,0.0,0.0,0.0
four_group_equal,AC_effect_interaction,Mach,bright_ramp_minus_uniform,0.0625,2,-0.0016658524120733396,-0.002414302016805373,-0.0010703045860673739
four_group_equal,AC_effect_interaction,Mach,bright_ramp_minus_uniform,0.0625,4,-0.00013852570704734214,-0.0003299098777688413,4.940484217917024e-07
four_group_equal,AC_effect_interaction,Mach,bright_ramp_minus_uniform,0.0625,8,0.0006419511742327207,0.000425382632122617,0.0008805337435145098
four_group_equal,AC_effect_interaction,Mach,bright_ramp_minus_uniform,0.0625,12,0.0009029546174032373,0.0006085123571180401,0.0012285292821151315
four_group_equal,AC_effect_interaction,Mach,bright_ramp_minus_uniform,0.0625,16,0.001033461718806292,0.0006980710216137394,0.0014055558576152789
four_group_equal,AC_effect_interaction,Mach,bright_ramp_minus_uniform,0.125,2,-0.0033308466154469193,-0.004827607578852923,-0.0021401009656821985
four_group_equal,AC_effect_interaction,Mach,bright_ramp_minus_uniform,0.125,4,-0.0002765172352357898,-0.0006594329605347107,1.6611740486243172e-06
four_group_equal,AC_effect_interaction,Mach,bright_ramp_minus_uniform,0.125,8,0.0012842062512289786,0.000851244794901302,0.0017611475551146014
four_group_equal,AC_effect_interaction,Mach,bright_ramp_minus_uniform,0.125,12,0.0018061433019587033,0.0012175749933299412,0.002456785085618725
four_group_equal,AC_effect_interaction,Mach,bright_ramp_minus_uniform,0.125,16,0.002067103026769878,0.001396664723779648,0.002810926085935282
four_group_equal,AC_effect_interaction,Mach,bright_ramp_minus_uniform,0.25,2,-0.006658278082452144,-0.009650015272363817,-0.004278411083477196
four_group_equal,AC_effect_interaction,Mach,bright_ramp_minus_uniform,0.25,4,-0.0005509103165726023,-0.0013170338297418813,6.177998172158294e-06
four_group_equal,AC_effect_interaction,Mach,bright_ramp_minus_uniform,0.25,8,0.002569632274793953,0.0017041490246770586,0.003523075851505078
four_group_equal,AC_effect_interaction,Mach,bright_ramp_minus_uniform,0.25,12,0.0036131661526774723,0.0024373696101247333,0.004913548256869642
four_group_equal,AC_effect_interaction,Mach,bright_ramp_minus_uniform,0.25,16,0.0041349313687128915,0.002795613752341524,0.005619804293377858
four_group_equal,AC_effect_interaction,Mach,bright_ramp_minus_uniform,0.375,2,-0.009982258042469362,-0.014468122136580254,-0.006414618744761862
four_group_equal,AC_effect_interaction,Mach,bright_ramp_minus_uniform,0.375,4,-0.0008231582787023703,-0.0019736472467472284,1.3701495178489612e-05
four_group_equal,AC_effect_interaction,Mach,bright_ramp_minus_uniform,0.375,8,0.0038562760056164627,0.0025586793140084615,0.005284826112749419
four_group_equal,AC_effect_interaction,Mach,bright_ramp_minus_uniform,0.375,12,0.005421069250223809,0.0036592537637271665,0.007368467928202639
four_group_equal,AC_effect_interaction,Mach,bright_ramp_minus_uniform,0.375,16,0.006203460303731844,0.004196228803442259,0.00842873444717851
four_group_equal,AC_effect_interaction,Mach,bright_ramp_minus_uniform,0.5,2,-0.013302740853760042,-0.019281165449047975,-0.008549342044285976
four_group_equal,AC_effect_interaction,Mach,bright_ramp_minus_uniform,0.5,4,-0.0010932555950906434,-0.0026284305362989677,2.4471050730628255e-05
four_group_equal,AC_effect_interaction,Mach,bright_ramp_minus_uniform,0.5,8,0.0051441227426241515,0.003414738818460642,0.007047712597638261
four_group_equal,AC_effect_interaction,Mach,bright_ramp_minus_uniform,0.5,12,0.007229848705739842,0.004883059837367102,0.009824523611463923
four_group_equal,AC_effect_interaction,Mach,bright_ramp_minus_uniform,0.5,16,0.008272694404958102,0.005598508263157985,0.011236523113430952
