group,mode,channel,profile,region,n_cells,current_overshoot_above_plateaus,previous_overshoot_above_plateaus,delta_overshoot_above_plateaus,current_undershoot_below_plateaus,previous_undershoot_below_plateaus,delta_undershoot_below_plateaus,current_max_minus_upper_plateau,previous_max_minus_upper_plateau,delta_max_minus_upper_plateau,current_min_minus_lower_plateau,previous_min_minus_lower_plateau,delta_min_minus_lower_plateau,current_max_x_pixels,previous_max_x_pixels,delta_max_x_pixels,current_min_x_pixels,previous_min_x_pixels,delta_min_x_pixels
PC_OFF,normal,logit,ramp,dark_boundary,4,0.0023121386766433716,0.0029635876417160034,-0.0006514489650726318,0.0,0.0,0.0,0.0023121386766433716,0.0029635876417160034,-0.0006514489650726318,0.2829383760690689,0.27946077287197113,0.0034776031970977783,-5.0,-4.5,-0.5,-2.0,-2.0,0.0
all,normal,logit,ramp,dark_boundary,22,0.0012891861525448885,0.0017469064755873246,-0.00045772032304243606,-0.0025267275896939364,-0.003263565627011386,0.0007368380373174494,-0.06705171682617882,-0.06691377542235634,-0.0001379414038224654,0.09295438636432994,0.08976564353162592,0.003188742832704024,-3.272727272727273,-3.1818181818181817,-0.09090909090909091,-3.590909090909091,-3.5454545454545454,-0.045454545454545456
PC_OFF,normal,logit,ramp,bright_boundary,4,0.0,0.0,0.0,-0.002312213182449341,-0.002963647246360779,0.000651434063911438,-0.2829384207725525,-0.2794608175754547,-0.0034776031970977783,-0.002312213182449341,-0.002963647246360779,0.000651434063911438,2.0,2.0,0.0,5.0,4.5,0.5
all,normal,logit,ramp,bright_boundary,22,0.0025267492641102185,0.003263522278178822,-0.0007367730140686035,-0.0012892051176591353,-0.0017469389872117476,0.0004577338695526123,-0.0929544053294442,-0.08976570042696866,-0.0031887049024755306,0.06705171411687677,0.06691368872469122,0.00013802539218555796,3.590909090909091,3.5454545454545454,0.045454545454545456,3.272727272727273,3.1818181818181817,0.09090909090909091
PC_OFF,normal,logit,matched_uniform,dark_boundary,4,0.0,0.0,0.0,0.0,0.0,0.0,0.0,0.0,0.0,0.2825918644666672,0.27920226752758026,0.003389596939086914,-6.0,-6.0,0.0,-2.0,-2.0,0.0
all,normal,logit,matched_uniform,dark_boundary,22,0.0,0.0,0.0,0.0,0.0,0.0,-0.06830198114568536,-0.06848630038174716,0.00018431923606178978,0.09534912488677284,0.0927734835581346,0.0025756413286382503,-3.6363636363636362,-3.6363636363636362,0.0,-4.363636363636363,-4.363636363636363,0.0
PC_OFF,normal,logit,matched_uniform,bright_boundary,4,0.0,0.0,0.0,0.0,0.0,0.0,-0.28259189426898956,-0.27920232713222504,-0.0033895671367645264,0.0,0.0,0.0,2.0,2.0,0.0,4.0,4.0,0.0
all,normal,logit,matched_uniform,bright_boundary,22,0.0,0.0,0.0,0.0,0.0,0.0,-0.09534913572398099,-0.0927735214883631,-0.0025756142356178975,0.06830199740149757,0.06848630038174716,-0.0001843029802495783,3.1818181818181817,3.1818181818181817,0.0,2.8181818181818183,2.8181818181818183,0.0
PC_OFF,normal,probability,ramp,dark_boundary,4,0.0004924796521663666,0.000642821192741394,-0.00015034154057502747,0.0,0.0,0.0,0.0004924796521663666,0.000642821192741394,-0.00015034154057502747,0.04671546630561352,0.045331353321671486,0.0013841129839420319,-5.0,-4.5,-0.5,-2.0,-2.0,0.0
all,normal,probability,ramp,dark_boundary,22,0.0002476959065957503,0.00033408403396606445,-8.638812737031417e-05,-0.000374898991801522,-0.0004745254462415522,9.962645444003019e-05,-0.009622924368489872,-0.009443806653672998,-0.00017911771481687373,0.014867150309410963,0.014218388971957293,0.0006487613374536687,-3.272727272727273,-3.1818181818181817,-0.09090909090909091,-3.590909090909091,-3.5454545454545454,-0.045454545454545456
PC_OFF,normal,probability,ramp,bright_boundary,4,0.0,0.0,0.0,-0.00039385072886943817,-0.0005380213260650635,0.0001441705971956253,-0.050328467041254044,-0.04910871759057045,-0.0012197494506835938,-0.00039385072886943817,-0.0005380213260650635,0.0001441705971956253,2.0,2.0,0.0,5.0,4.5,0.5
all,normal,probability,ramp,bright_boundary,22,0.00040456652641296387,0.0005182610316710038,-0.00011369450525804,-0.0002090981738133864,-0.00028391453352841466,7.481635971502824e-05,-0.015915403989228336,-0.015257674862038006,-0.0006577291271903298,0.009233107959682291,0.00905944203788584,0.00017366592179645193,3.590909090909091,3.5454545454545454,0.045454545454545456,3.272727272727273,3.1818181818181817,0.09090909090909091
PC_OFF,normal,probability,matched_uniform,dark_boundary,4,0.0,0.0,0.0,0.0,0.0,0.0,0.0,0.0,0.0,0.046639254316687584,0.04527382366359234,0.0013654306530952454,-6.0,-6.0,0.0,-2.0,-2.0,0.0
all,normal,probability,matched_uniform,dark_boundary,22,0.0,0.0,0.0,0.0,0.0,0.0,-0.00986485250971534,-0.009754001755606045,-0.00011085075410929593,0.01521649719639258,0.014648649164221504,0.0005678480321710759,-3.6363636363636362,-3.6363636363636362,0.0,-4.363636363636363,-4.363636363636363,0.0
PC_OFF,normal,probability,matched_uniform,bright_boundary,4,0.0,0.0,0.0,0.0,0.0,0.0,-0.05025890842080116,-0.049055181443691254,-0.001203726977109909,0.0,0.0,0.0,2.0,2.0,0.0,4.0,4.0,0.0
all,normal,probability,matched_uniform,bright_boundary,22,0.0,0.0,0.0,0.0,0.0,0.0,-0.016296567564660854,-0.015735761685804886,-0.0005608058788559654,0.009436092593453148,0.009317724203521555,0.00011836838993159208,3.1818181818181817,3.1818181818181817,0.0,2.8181818181818183,2.8181818181818183,0.0
PC_OFF,H1_off,logit,ramp,dark_boundary,4,0.001469939947128296,0.0021647214889526367,-0.0006947815418243408,0.0,0.0,0.0,0.001469939947128296,0.0021647214889526367,-0.0006947815418243408,0.29532569646835327,0.29018545150756836,0.005140244960784912,-5.0,-4.75,-0.25,-2.0,-2.0,0.0
all,H1_off,logit,ramp,dark_boundary,22,0.0009751401164314964,0.0012000013481486928,-0.00022486123171719638,-0.002399222417311235,-0.0027217323129827328,0.0003225098956714977,-0.06905458461154591,-0.07496765797788446,0.005913073366338556,0.09770987792448564,0.09904934872280467,-0.0013394707983190363,-3.272727272727273,-3.227272727272727,-0.045454545454545456,-3.590909090909091,-3.5454545454545454,-0.045454545454545456
PC_OFF,H1_off,logit,ramp,bright_boundary,4,0.0,0.0,0.0,-0.0014699697494506836,-0.0021647661924362183,0.0006947964429855347,-0.29532572627067566,-0.29018542170524597,-0.0051403045654296875,-0.0014699697494506836,-0.0021647661924362183,0.0006947964429855347,2.0,2.0,0.0,5.0,4.75,0.25
all,H1_off,logit,ramp,bright_boundary,22,0.0023992169987071643,0.0027217214757745915,-0.0003225044770674272,-0.0009751428257335316,-0.0011999905109405518,0.00022484768520702016,-0.09770988063378767,-0.0990493351762945,0.0013394545425068247,0.06905459273945201,0.0749676525592804,-0.0059130598198283806,3.590909090909091,3.5454545454545454,0.045454545454545456,3.272727272727273,3.227272727272727,0.045454545454545456
PC_OFF,H1_off,logit,matched_uniform,dark_boundary,4,0.0,0.0,0.0,0.0,0.0,0.0,0.0,0.0,0.0,0.29532569646835327,0.29018545150756836,0.005140244960784912,-6.0,-6.0,0.0,-2.0,-2.0,0.0
all,H1_off,logit,matched_uniform,dark_boundary,22,0.0,0.0,0.0,0.0,0.0,0.0,-0.0700297247279774,-0.07616766474463722,0.006137940016659823,0.10010910034179688,0.10177108103578741,-0.001661980693990534,-3.6363636363636362,-3.6363636363636362,0.0,-4.363636363636363,-4.363636363636363,0.0
PC_OFF,H1_off,logit,matched_uniform,bright_boundary,4,0.0,0.0,0.0,0.0,0.0,0.0,-0.29532571136951447,-0.2901853919029236,-0.005140319466590881,0.0,0.0,0.0,2.0,2.0,0.0,4.0,4.0,0.0
all,H1_off,logit,matched_uniform,bright_boundary,22,0.0,0.0,0.0,0.0,0.0,0.0,-0.10010909492319281,-0.10177105123346503,0.0016619563102722168,0.07002973556518555,0.07616764307022095,-0.0061379075050354,3.1818181818181817,3.1818181818181817,0.0,2.8181818181818183,2.8181818181818183,0.0
PC_OFF,H1_off,probability,ramp,dark_boundary,4,0.0003011561930179596,0.0004624314606189728,-0.00016127526760101318,0.0,0.0,0.0,0.0003011561930179596,0.0004624314606189728,-0.00016127526760101318,0.049178386107087135,0.04754207283258438,0.0016363132745027542,-5.0,-4.75,-0.25,-2.0,-2.0,0.0
all,H1_off,probability,ramp,dark_boundary,22,0.00018536434932188555,0.00023343955928629094,-4.807520996440541e-05,-0.00035536627877842295,-0.00039683451706712896,4.1468238288706e-05,-0.009952194650064815,-0.010669853538274765,0.0007176588882099499,0.015707241201942616,0.015700643374161286,6.597827781330455e-06,-3.272727272727273,-3.227272727272727,-0.045454545454545456,-3.590909090909091,-3.5454545454545454,-0.045454545454545456
PC_OFF,H1_off,probability,ramp,bright_boundary,4,0.0,0.0,0.0,-0.00023230165243148804,-0.0003761220723390579,0.00014382041990756989,-0.05305492877960205,-0.051499150693416595,-0.0015557780861854553,-0.00023230165243148804,-0.0003761220723390579,0.00014382041990756989,2.0,2.0,0.0,5.0,4.75,0.25
all,H1_off,probability,ramp,bright_boundary,22,0.00038442591374570674,0.00043717602437192744,-5.27501106262207e-05,-0.00015451217239553279,-0.00019467181780121544,4.015964540568265e-05,-0.016837526112794876,-0.016896520487286827,5.899437449195168e-05,0.00954136083071882,0.010200256651098078,-0.0006588958203792572,3.590909090909091,3.5454545454545454,0.045454545454545456,3.272727272727273,3.227272727272727,0.045454545454545456
PC_OFF,H1_off,probability,matched_uniform,dark_boundary,4,0.0,0.0,0.0,0.0,0.0,0.0,0.0,0.0,0.0,0.049178386107087135,0.04754207283258438,0.0016363132745027542,-6.0,-6.0,0.0,-2.0,-2.0,0.0
all,H1_off,probability,matched_uniform,dark_boundary,22,0.0,0.0,0.0,0.0,0.0,0.0,-0.010137558999386702,-0.010903293774886564,0.0007657347754998641,0.01606260748072104,0.016097477891228416,-3.4870410507375546e-05,-3.6363636363636362,-3.6363636363636362,0.0,-4.363636363636363,-4.363636363636363,0.0
PC_OFF,H1_off,probability,matched_uniform,bright_boundary,4,0.0,0.0,0.0,0.0,0.0,0.0,-0.05305492877960205,-0.0514991469681263,-0.0015557818114757538,0.0,0.0,0.0,2.0,2.0,0.0,4.0,4.0,0.0
all,H1_off,probability,matched_uniform,bright_boundary,22,0.0,0.0,0.0,0.0,0.0,0.0,-0.017221952026540584,-0.017333695834333248,0.00011174380779266357,0.009695873003114353,0.010394929146224802,-0.0006990561431104487,3.1818181818181817,3.1818181818181817,0.0,2.8181818181818183,2.8181818181818183,0.0
PC_OFF,AC_off,logit,ramp,dark_boundary,4,0.0011991560459136963,0.0015550702810287476,-0.00035591423511505127,0.0,0.0,0.0,0.0011991560459136963,0.0015550702810287476,-0.00035591423511505127,0.41746068000793457,0.5100372135639191,-0.0925765335559845,-5.0,-5.0,0.0,-2.0,-2.0,0.0
all,AC_off,logit,ramp,dark_boundary,22,0.000488292087208141,0.0009012330662120472,-0.00041294097900390625,-0.00026928836649114436,-0.0013402158563787286,0.0010709274898875844,-0.2105098773132671,-0.24214742129499262,0.03163754398172552,0.1446184434674003,0.1654512177814137,-0.020832774314013393,-3.090909090909091,-3.090909090909091,0.0,-3.909090909090909,-3.909090909090909,0.0
PC_OFF,AC_off,logit,ramp,bright_boundary,4,0.0,0.0,0.0,-0.0011991262435913086,-0.0015550702810287476,0.00035594403743743896,-0.4174608290195465,-0.5100371241569519,0.0925762951374054,-0.0011991262435913086,-0.0015550702810287476,0.00035594403743743896,2.0,2.0,0.0,5.0,5.0,0.0
all,AC_off,logit,ramp,bright_boundary,22,0.00026934797113591975,0.001340218565680764,-0.0010708705945448442,-0.00048827041279185903,-0.0009012682871385055,0.00041299787434664637,-0.14461840282786975,-0.16545121507211166,0.020832812244241886,0.21050991253419357,0.24214734814383768,-0.03163743560964411,3.909090909090909,3.909090909090909,0.0,3.090909090909091,3.090909090909091,0.0
PC_OFF,AC_off,logit,matched_uniform,dark_boundary,4,0.0,0.0,0.0,0.0,0.0,0.0,0.0,0.0,0.0,0.4169513136148453,0.5093747675418854,-0.0924234539270401,-6.0,-6.0,0.0,-2.0,-2.0,0.0
all,AC_off,logit,matched_uniform,dark_boundary,22,0.0,0.0,0.0,0.0,0.0,0.0,-0.210881154645573,-0.24246676130728287,0.03158560666170987,0.14467604593797165,0.16639809987761758,-0.02172205393964594,-3.4545454545454546,-3.4545454545454546,0.0,-4.545454545454546,-4.545454545454546,0.0
PC_OFF,AC_off,logit,matched_uniform,bright_boundary,4,0.0,0.0,0.0,0.0,0.0,0.0,-0.41695141792297363,-0.5093747675418854,0.09242334961891174,0.0,0.0,0.0,2.0,2.0,0.0,4.0,4.0,0.0
all,AC_off,logit,matched_uniform,bright_boundary,22,0.0,0.0,0.0,0.0,0.0,0.0,-0.14467606219378384,-0.16639810800552368,0.021722045811739834,0.21088111400604248,0.24246679923751138,-0.031585685231468895,3.272727272727273,3.272727272727273,0.0,2.727272727272727,2.727272727272727,0.0
PC_OFF,AC_off,probability,ramp,dark_boundary,4,0.0002824254333972931,0.0003764033317565918,-9.39778983592987e-05,0.0,0.0,0.0,0.0002824254333972931,0.0003764033317565918,-9.39778983592987e-05,0.06939513795077801,0.08557372353971004,-0.016178585588932037,-5.0,-5.0,0.0,-2.0,-2.0,0.0
all,AC_off,probability,ramp,dark_boundary,22,0.00010528415441513062,0.00019416687163439664,-8.888271721926603e-05,-3.36525792425329e-05,-0.0001535273411057212,0.00011987476186318831,-0.032496418465267525,-0.037253189154646614,0.0047567706893790855,0.023567591201175343,0.027186039157889107,-0.0036184479567137632,-3.090909090909091,-3.090909090909091,0.0,-3.909090909090909,-3.909090909090909,0.0
PC_OFF,AC_off,probability,ramp,bright_boundary,4,0.0,0.0,0.0,-0.0002157166600227356,-0.0002772267907857895,6.15101307630539e-05,-0.07685202732682228,-0.09627126716077328,0.019419239833950996,-0.0002157166600227356,-0.0002772267907857895,6.15101307630539e-05,2.0,2.0,0.0,5.0,5.0,0.0
all,AC_off,probability,ramp,bright_boundary,22,5.1001594825224444e-05,0.000247955322265625,-0.00019695372744040057,-7.523189891468395e-05,-0.0001306930048899217,5.546110597523776e-05,-0.026018088852817364,-0.03029900755394589,0.004280918701128526,0.029484932395544918,0.03330745615742423,-0.003822523761879314,3.909090909090909,3.909090909090909,0.0,3.090909090909091,3.090909090909091,0.0
PC_OFF,AC_off,probability,matched_uniform,dark_boundary,4,0.0,0.0,0.0,0.0,0.0,0.0,0.0,0.0,0.0,0.06928074918687344,0.08542054705321789,-0.016139797866344452,-6.0,-6.0,0.0,-2.0,-2.0,0.0
all,AC_off,probability,matched_uniform,dark_boundary,22,0.0,0.0,0.0,0.0,0.0,0.0,-0.032585229047320106,-0.03737091476267034,0.004785685715350238,0.02355862171812491,0.027261142364957115,-0.0037025206468322062,-3.4545454545454546,-3.4545454545454546,0.0,-4.545454545454546,-4.545454545454546,0.0
PC_OFF,AC_off,probability,matched_uniform,bright_boundary,4,0.0,0.0,0.0,0.0,0.0,0.0,-0.076752208173275,-0.0961400531232357,0.01938784494996071,0.0,0.0,0.0,2.0,2.0,0.0,4.0,4.0,0.0
all,AC_off,probability,matched_uniform,bright_boundary,22,0.0,0.0,0.0,0.0,0.0,0.0,-0.02603313394568183,-0.030482770367102188,0.004449636421420358,0.029539862478321247,0.03334081206809391,-0.003800949589772658,3.272727272727273,3.272727272727273,0.0,2.727272727272727,2.727272727272727,0.0
MC_OFF,normal,logit,ramp,dark_boundary,4,0.004754364490509033,0.006233930587768555,-0.0014795660972595215,0.0,0.0,0.0,0.004754364490509033,0.006233930587768555,-0.0014795660972595215,0.18662558495998383,0.17829862236976624,0.00832696259021759,-5.0,-5.0,0.0,-2.0,-2.0,0.0
MC_OFF,normal,logit,ramp,bright_boundary,4,0.0,0.0,0.0,-0.004754394292831421,-0.006234079599380493,0.0014796853065490723,-0.18662576377391815,-0.17829865217208862,-0.008327111601829529,-0.004754394292831421,-0.006234079599380493,0.0014796853065490723,2.0,2.0,0.0,5.0,5.0,0.0
MC_OFF,normal,logit,matched_uniform,dark_boundary,4,0.0,0.0,0.0,0.0,0.0,0.0,0.0,0.0,0.0,0.18627002835273743,0.17755982279777527,0.008710205554962158,-6.0,-6.0,0.0,-2.0,-2.0,0.0
MC_OFF,normal,logit,matched_uniform,bright_boundary,4,0.0,0.0,0.0,0.0,0.0,0.0,-0.18627005815505981,-0.17755994200706482,-0.008710116147994995,0.0,0.0,0.0,2.0,2.0,0.0,4.0,4.0,0.0
MC_OFF,normal,probability,ramp,dark_boundary,4,0.0008660629391670227,0.0011309944093227386,-0.00026493147015571594,0.0,0.0,0.0,0.0008660629391670227,0.0011309944093227386,-0.00026493147015571594,0.029607120901346207,0.028316259384155273,0.0012908615171909332,-5.0,-5.0,0.0,-2.0,-2.0,0.0
MC_OFF,normal,probability,ramp,bright_boundary,4,0.0,0.0,0.0,-0.0007532574236392975,-0.0009743086993694305,0.00022105127573013306,-0.03142910450696945,-0.030039723962545395,-0.001389380544424057,-0.0007532574236392975,-0.0009743086993694305,0.00022105127573013306,2.0,2.0,0.0,5.0,5.0,0.0
MC_OFF,normal,probability,matched_uniform,dark_boundary,4,0.0,0.0,0.0,0.0,0.0,0.0,0.0,0.0,0.0,0.0295463427901268,0.02819007635116577,0.001356266438961029,-6.0,-6.0,0.0,-2.0,-2.0,0.0
MC_OFF,normal,probability,matched_uniform,bright_boundary,4,0.0,0.0,0.0,0.0,0.0,0.0,-0.03137306496500969,-0.029924768954515457,-0.0014482960104942322,0.0,0.0,0.0,2.0,2.0,0.0,4.0,4.0,0.0
MC_OFF,H1_off,logit,ramp,dark_boundary,4,0.003893330693244934,0.004435285925865173,-0.0005419552326202393,0.0,0.0,0.0,0.003893330693244934,0.004435285925865173,-0.0005419552326202393,0.19913822412490845,0.2046421617269516,-0.005503937602043152,-5.0,-5.0,0.0,-2.0,-2.0,0.0
MC_OFF,H1_off,logit,ramp,bright_boundary,4,0.0,0.0,0.0,-0.0038933157920837402,-0.004435181617736816,0.0005418658256530762,-0.19913817942142487,-0.20464208722114563,0.005503907799720764,-0.0038933157920837402,-0.004435181617736816,0.0005418658256530762,2.0,2.0,0.0,5.0,5.0,0.0
MC_OFF,H1_off,logit,matched_uniform,dark_boundary,4,0.0,0.0,0.0,0.0,0.0,0.0,0.0,0.0,0.0,0.19913822412490845,0.2046421617269516,-0.005503937602043152,-6.0,-6.0,0.0,-2.0,-2.0,0.0
MC_OFF,H1_off,logit,matched_uniform,bright_boundary,4,0.0,0.0,0.0,0.0,0.0,0.0,-0.19913817942142487,-0.20464208722114563,0.005503907799720764,0.0,0.0,0.0,2.0,2.0,0.0,4.0,4.0,0.0
MC_OFF,H1_off,probability,ramp,dark_boundary,4,0.0007183477282524109,0.0008214861154556274,-0.00010313838720321655,0.0,0.0,0.0,0.0007183477282524109,0.0008214861154556274,-0.00010313838720321655,0.03158532455563545,0.03243164345622063,-0.0008463189005851746,-5.0,-5.0,0.0,-2.0,-2.0,0.0
MC_OFF,H1_off,probability,ramp,bright_boundary,4,0.0,0.0,0.0,-0.0006175152957439423,-0.000694572925567627,7.705762982368469e-05,-0.03358064964413643,-0.03458884730935097,0.0010081976652145386,-0.0006175152957439423,-0.000694572925567627,7.705762982368469e-05,2.0,2.0,0.0,5.0,5.0,0.0
MC_OFF,H1_off,probability,matched_uniform,dark_boundary,4,0.0,0.0,0.0,0.0,0.0,0.0,0.0,0.0,0.0,0.03158532455563545,0.03243164345622063,-0.0008463189005851746,-6.0,-6.0,0.0,-2.0,-2.0,0.0
MC_OFF,H1_off,probability,matched_uniform,bright_boundary,4,0.0,0.0,0.0,0.0,0.0,0.0,-0.03358064964413643,-0.03458884730935097,0.0010081976652145386,0.0,0.0,0.0,2.0,2.0,0.0,4.0,4.0,0.0
MC_OFF,AC_off,logit,ramp,dark_boundary,4,0.001486450433731079,0.003401711583137512,-0.001915261149406433,0.0,0.0,0.0,0.001486450433731079,0.003401711583137512,-0.001915261149406433,0.3794218450784683,0.4073156714439392,-0.027893826365470886,-5.0,-5.0,0.0,-2.0,-2.0,0.0
MC_OFF,AC_off,logit,ramp,bright_boundary,4,0.0,0.0,0.0,-0.001486361026763916,-0.0034019052982330322,0.0019155442714691162,-0.37942180037498474,-0.40731576085090637,0.02789396047592163,-0.001486361026763916,-0.0034019052982330322,0.0019155442714691162,2.0,2.0,0.0,5.0,5.0,0.0
MC_OFF,AC_off,logit,matched_uniform,dark_boundary,4,0.0,0.0,0.0,0.0,0.0,0.0,0.0,0.0,0.0,0.3787669390439987,0.4058147817850113,-0.027047842741012573,-6.0,-6.0,0.0,-2.0,-2.0,0.0
MC_OFF,AC_off,logit,matched_uniform,bright_boundary,4,0.0,0.0,0.0,0.0,0.0,0.0,-0.3787669241428375,-0.4058148264884949,0.02704790234565735,0.0,0.0,0.0,2.0,2.0,0.0,4.0,4.0,0.0
MC_OFF,AC_off,probability,ramp,dark_boundary,4,0.0002966374158859253,0.0006915144622325897,-0.00039487704634666443,0.0,0.0,0.0,0.0002966374158859253,0.0006915144622325897,-0.00039487704634666443,0.06041170284152031,0.0647938922047615,-0.004382189363241196,-5.0,-5.0,0.0,-2.0,-2.0,0.0
MC_OFF,AC_off,probability,ramp,bright_boundary,4,0.0,0.0,0.0,-0.00019805878400802612,-0.0004415847361087799,0.00024352595210075378,-0.06652797013521194,-0.07173702865839005,0.005209058523178101,-0.00019805878400802612,-0.0004415847361087799,0.00024352595210075378,2.0,2.0,0.0,5.0,5.0,0.0
MC_OFF,AC_off,probability,matched_uniform,dark_boundary,4,0.0,0.0,0.0,0.0,0.0,0.0,0.0,0.0,0.0,0.06029167026281357,0.06451573595404625,-0.004224065691232681,-6.0,-6.0,0.0,-2.0,-2.0,0.0
MC_OFF,AC_off,probability,matched_uniform,bright_boundary,4,0.0,0.0,0.0,0.0,0.0,0.0,-0.06643002852797508,-0.07151518389582634,0.005085155367851257,0.0,0.0,0.0,2.0,2.0,0.0,4.0,4.0,0.0
MC_ON,normal,logit,ramp,dark_boundary,5,0.0,0.0,0.0,-0.005751228332519532,-0.0075217485427856445,0.0017705202102661134,-0.09597671031951904,-0.1015653133392334,0.005588603019714355,-0.005751228332519532,-0.0075217485427856445,0.0017705202102661134,-2.0,-2.0,0.0,-5.0,-5.0,0.0
MC_ON,normal,logit,ramp,bright_boundary,5,0.005751299858093262,0.0075218439102172855,-0.0017705440521240234,0.0,0.0,0.0,0.005751299858093262,0.0075218439102172855,-0.0017705440521240234,0.09597668647766114,0.10156526565551757,-0.0055885791778564455,5.0,5.0,0.0,2.0,2.0,0.0
MC_ON,normal,logit,matched_uniform,dark_boundary,5,0.0,0.0,0.0,0.0,0.0,0.0,-0.0958787441253662,-0.10119879245758057,0.005320048332214356,0.0,0.0,0.0,-2.0,-2.0,0.0,-6.0,-6.0,0.0
MC_ON,normal,logit,matched_uniform,bright_boundary,5,0.0,0.0,0.0,0.0,0.0,0.0,0.0,0.0,0.0,0.0958787202835083,0.1011988639831543,-0.005320143699645996,4.0,4.0,0.0,2.0,2.0,0.0
MC_ON,normal,probability,ramp,dark_boundary,5,0.0,0.0,0.0,-0.0009002178907394409,-0.0011309981346130371,0.00023078024387359619,-0.015561392903327942,-0.015892696380615235,0.0003313034772872925,-0.0009002178907394409,-0.0011309981346130371,0.00023078024387359619,-2.0,-2.0,0.0,-5.0,-5.0,0.0
MC_ON,normal,probability,ramp,bright_boundary,5,0.0009490042924880981,0.0012130916118621826,-0.00026408731937408445,0.0,0.0,0.0,0.0009490042924880981,0.0012130916118621826,-0.00026408731937408445,0.014885011315345763,0.015156692266464234,-0.00027168095111846925,5.0,5.0,0.0,2.0,2.0,0.0
MC_ON,normal,probability,matched_uniform,dark_boundary,5,0.0,0.0,0.0,0.0,0.0,0.0,-0.015545812249183655,-0.015838149189949035,0.0002923369407653809,0.0,0.0,0.0,-2.0,-2.0,0.0,-6.0,-6.0,0.0
MC_ON,normal,probability,matched_uniform,bright_boundary,5,0.0,0.0,0.0,0.0,0.0,0.0,0.0,0.0,0.0,0.014868730306625366,0.015099415183067321,-0.00023068487644195557,4.0,4.0,0.0,2.0,2.0,0.0
MC_ON,H1_off,logit,ramp,dark_boundary,5,0.0,0.0,0.0,-0.005490016937255859,-0.006519722938537598,0.0010297060012817382,-0.10026023387908936,-0.11842856407165528,0.018168330192565918,-0.005490016937255859,-0.006519722938537598,0.0010297060012817382,-2.0,-2.0,0.0,-5.0,-5.0,0.0
MC_ON,H1_off,logit,ramp,bright_boundary,5,0.005489921569824219,0.006519794464111328,-0.0010298728942871095,0.0,0.0,0.0,0.005489921569824219,0.006519794464111328,-0.0010298728942871095,0.10026023387908936,0.11842865943908691,-0.018168425559997557,5.0,5.0,0.0,2.0,2.0,0.0
MC_ON,H1_off,logit,matched_uniform,dark_boundary,5,0.0,0.0,0.0,0.0,0.0,0.0,-0.10026023387908936,-0.11842856407165528,0.018168330192565918,0.0,0.0,0.0,-2.0,-2.0,0.0,-6.0,-6.0,0.0
MC_ON,H1_off,logit,matched_uniform,bright_boundary,5,0.0,0.0,0.0,0.0,0.0,0.0,0.0,0.0,0.0,0.10026023387908936,0.11842865943908691,-0.018168425559997557,4.0,4.0,0.0,2.0,2.0,0.0
MC_ON,H1_off,probability,ramp,dark_boundary,5,0.0,0.0,0.0,-0.0008569419384002686,-0.0009734183549880981,0.0001164764165878296,-0.016273555159568787,-0.0185476154088974,0.0022740602493286134,-0.0008569419384002686,-0.0009734183549880981,0.0001164764165878296,-2.0,-2.0,0.0,-5.0,-5.0,0.0
MC_ON,H1_off,probability,ramp,bright_boundary,5,0.0009071022272109985,0.0010635793209075929,-0.00015647709369659424,0.0,0.0,0.0,0.0009071022272109985,0.0010635793209075929,-0.00015647709369659424,0.015573298931121827,0.01769827902317047,-0.002124980092048645,5.0,5.0,0.0,2.0,2.0,0.0
MC_ON,H1_off,probability,matched_uniform,dark_boundary,5,0.0,0.0,0.0,0.0,0.0,0.0,-0.016273555159568787,-0.01854761838912964,0.002274063229560852,0.0,0.0,0.0,-2.0,-2.0,0.0,-6.0,-6.0,0.0
MC_ON,H1_off,probability,matched_uniform,bright_boundary,5,0.0,0.0,0.0,0.0,0.0,0.0,0.0,0.0,0.0,0.015573298931121827,0.01769828200340271,-0.002124983072280884,4.0,4.0,0.0,2.0,2.0,0.0
MC_ON,AC_off,logit,ramp,dark_boundary,5,0.0,0.0,0.0,-0.0007159233093261719,-0.003131675720214844,0.002415752410888672,-0.36626878976821897,-0.4252550721168518,0.05898628234863281,-0.0007159233093261719,-0.003131675720214844,0.002415752410888672,-2.0,-2.0,0.0,-5.0,-5.0,0.0
MC_ON,AC_off,logit,ramp,bright_boundary,5,0.0007160305976867676,0.003131544589996338,-0.0024155139923095702,0.0,0.0,0.0,0.0007160305976867676,0.003131544589996338,-0.0024155139923095702,0.3662687301635742,0.42525496482849123,-0.058986234664916995,5.0,5.0,0.0,2.0,2.0,0.0
MC_ON,AC_off,logit,matched_uniform,dark_boundary,5,0.0,0.0,0.0,0.0,0.0,0.0,-0.3659532189369202,-0.4238738417625427,0.05792062282562256,0.0,0.0,0.0,-2.0,-2.0,0.0,-6.0,-6.0,0.0
MC_ON,AC_off,logit,matched_uniform,bright_boundary,5,0.0,0.0,0.0,0.0,0.0,0.0,0.0,0.0,0.0,0.36595313549041747,0.4238738536834717,-0.0579207181930542,4.0,4.0,0.0,2.0,2.0,0.0
MC_ON,AC_off,probability,ramp,dark_boundary,5,0.0,0.0,0.0,-9.39875841140747e-05,-0.0003703311085700989,0.00027634352445602415,-0.06154040694236755,-0.06986016631126404,0.008319759368896484,-9.39875841140747e-05,-0.0003703311085700989,0.00027634352445602415,-2.0,-2.0,0.0,-5.0,-5.0,0.0
MC_ON,AC_off,probability,ramp,bright_boundary,5,0.00014175474643707275,0.0006091684103012085,-0.0004674136638641357,0.0,0.0,0.0,0.00014175474643707275,0.0006091684103012085,-0.0004674136638641357,0.05575821697711945,0.06240189522504806,-0.0066436782479286196,5.0,5.0,0.0,2.0,2.0,0.0
MC_ON,AC_off,probability,matched_uniform,dark_boundary,5,0.0,0.0,0.0,0.0,0.0,0.0,-0.06149379312992096,-0.06967166662216187,0.008177873492240906,0.0,0.0,0.0,-2.0,-2.0,0.0,-6.0,-6.0,0.0
MC_ON,AC_off,probability,matched_uniform,bright_boundary,5,0.0,0.0,0.0,0.0,0.0,0.0,0.0,0.0,0.0,0.055700913071632385,0.062159694731235504,-0.006458781659603119,4.0,4.0,0.0,2.0,2.0,0.0
PC_ON,normal,logit,ramp,dark_boundary,9,1.0675854153103299e-05,0.00018242994944254556,-0.00017175409528944228,-0.002981318367852105,-0.0037988556755913627,0.0008175373077392578,-0.1137244701385498,-0.1112296183904012,-0.0024948517481486,0.02172186639573839,0.020157257715861004,0.0015646086798773871,-2.4444444444444446,-2.4444444444444446,0.0,-4.222222222222222,-4.111111111111111,-0.1111111111111111
PC_ON,normal,logit,ramp,bright_boundary,9,0.002981331613328722,0.0037986967298719618,-0.00081736511654324,-1.0675854153103299e-05,-0.0001824167039659288,0.00017174084981282553,-0.021721853150261775,-0.020157416661580402,-0.0015644364886813695,0.11372452312045628,0.11122952567206489,0.0024949974483913845,4.222222222222222,4.111111111111111,0.1111111111111111,2.4444444444444446,2.4444444444444446,0.0
PC_ON,normal,logit,matched_uniform,dark_boundary,9,0.0,0.0,0.0,0.0,0.0,0.0,-0.11369442939758301,-0.11118940512339275,-0.002505024274190267,0.024692575136820476,0.02377425299750434,0.000918322139316135,-2.4444444444444446,-2.4444444444444446,0.0,-5.555555555555555,-5.555555555555555,0.0
PC_ON,normal,logit,matched_uniform,bright_boundary,9,0.0,0.0,0.0,0.0,0.0,0.0,-0.024692575136820476,-0.023774266242980957,-0.0009183088938395182,0.11369448237948948,0.11118936538696289,0.0025051169925265843,3.7777777777777777,3.7777777777777777,0.0,2.2222222222222223,2.2222222222222223,0.0
PC_ON,normal,probability,ramp,dark_boundary,9,1.682175530327691e-06,2.8287370999654133e-05,-2.660519546932644e-05,-0.00041629870732625324,-0.0005316187938054403,0.00011532008647918701,-0.015481282439496782,-0.015043947431776259,-0.0004373350077205234,0.0029208941592110526,0.0026521219147576224,0.0002687722444534302,-2.4444444444444446,-2.4444444444444446,0.0,-4.222222222222222,-4.111111111111111,-0.1111111111111111
PC_ON,normal,probability,ramp,bright_boundary,9,0.0004617157909605238,0.0005929205152723524,-0.0001312047243118286,-1.3030237621731228e-06,-2.1866626209682887e-05,2.0563602447509766e-05,-0.003094847003618876,-0.0027933932012981838,-0.0003014538023206923,0.014810194571812948,0.014397064844767252,0.000413129727045695,4.222222222222222,4.111111111111111,0.1111111111111111,2.4444444444444446,2.4444444444444446,0.0
PC_ON,normal,probability,matched_uniform,dark_boundary,9,0.0,0.0,0.0,0.0,0.0,0.0,-0.015477521551979912,-0.015044143630398644,-0.0004333779215812683,0.0033356166548199123,0.0031571868393156263,0.00017842981550428603,-2.4444444444444446,-2.4444444444444446,0.0,-5.555555555555555,-5.555555555555555,0.0
PC_ON,normal,probability,matched_uniform,bright_boundary,9,0.0,0.0,0.0,0.0,0.0,0.0,-0.003555176986588372,-0.003362995054986742,-0.00019218193160163032,0.014805598391426934,0.014388095173570845,0.0004175032178560893,3.7777777777777777,3.7777777777777777,0.0,2.2222222222222223,2.2222222222222223,0.0
PC_ON,H1_off,logit,ramp,dark_boundary,9,0.0,0.0,0.0,-0.0028147564993964303,-0.003031055132548014,0.0002162986331515842,-0.11548364162445068,-0.12039396497938368,0.004910323354932997,0.02213463518354628,0.025819314850701228,-0.0036846796671549478,-2.4444444444444446,-2.4444444444444446,0.0,-4.222222222222222,-4.111111111111111,-0.1111111111111111
PC_ON,H1_off,logit,ramp,bright_boundary,9,0.0028147962358262804,0.0030309889051649305,-0.00021619266933865019,0.0,0.0,0.0,-0.022134595447116427,-0.025819367832607694,0.003684772385491265,0.11548366811540392,0.12039387226104736,-0.0049102041456434466,4.222222222222222,4.111111111111111,0.1111111111111111,2.4444444444444446,2.4444444444444446,0.0
PC_ON,H1_off,logit,matched_uniform,dark_boundary,9,0.0,0.0,0.0,0.0,0.0,0.0,-0.11548364162445068,-0.1203939782248603,0.004910336600409614,0.024949391682942707,0.02885036998324924,-0.003900978300306532,-2.4444444444444446,-2.4444444444444446,0.0,-5.555555555555555,-5.555555555555555,0.0
PC_ON,H1_off,logit,matched_uniform,bright_boundary,9,0.0,0.0,0.0,0.0,0.0,0.0,-0.024949391682942707,-0.028850356737772625,0.0039009650548299155,0.11548366811540392,0.12039387226104736,-0.0049102041456434466,3.7777777777777777,3.7777777777777777,0.0,2.2222222222222223,2.2222222222222223,0.0
PC_ON,H1_off,probability,ramp,dark_boundary,9,0.0,0.0,0.0,-0.0003925942712359958,-0.0004292519556151496,3.665768437915378e-05,-0.015739835798740387,-0.016348263455761805,0.0006084276570214166,0.0029765748315387303,0.003376264539029863,-0.00039968970749113295,-2.4444444444444446,-2.4444444444444446,0.0,-4.222222222222222,-4.111111111111111,-0.1111111111111111
PC_ON,H1_off,probability,ramp,bright_boundary,9,0.00043576210737228394,0.00047777510351604887,-4.201299614376492e-05,0.0,0.0,0.0,-0.0031576413247320387,-0.0036321505904197693,0.00047450926568773057,0.015049190156989627,0.015577447911103567,-0.0005282577541139391,4.222222222222222,4.111111111111111,0.1111111111111111,2.4444444444444446,2.4444444444444446,0.0
PC_ON,H1_off,probability,matched_uniform,dark_boundary,9,0.0,0.0,0.0,0.0,0.0,0.0,-0.015739835798740387,-0.016348263455761805,0.0006084276570214166,0.003369169102774726,0.0038055164946450126,-0.0004363473918702867,-2.4444444444444446,-2.4444444444444446,0.0,-5.555555555555555,-5.555555555555555,0.0
PC_ON,H1_off,probability,matched_uniform,bright_boundary,9,0.0,0.0,0.0,0.0,0.0,0.0,-0.0035934034321043226,-0.004109925693935818,0.0005165222618314954,0.015049190156989627,0.015577447911103567,-0.0005282577541139391,3.7777777777777777,3.7777777777777777,0.0,2.2222222222222223,2.2222222222222223,0.0
PC_ON,AC_off,logit,ramp,dark_boundary,9,0.0,0.0,0.0,-0.00026052527957492403,-0.0015362633599175347,0.0012757380803426106,-0.3122906419965956,-0.3578661150402493,0.0455754730436537,-0.00026052527957492403,-0.0015362633599175347,0.0012757380803426106,-2.0,-2.0,0.0,-5.0,-5.0,0.0
PC_ON,AC_off,logit,ramp,bright_boundary,9,0.0002606113751729329,0.0015363428327772352,-0.0012757314576043023,0.0,0.0,0.0,0.0002606113751729329,0.0015363428327772352,-0.0012757314576043023,0.3122907082239787,0.3578660819265578,-0.045575373702579074,5.0,5.0,0.0,2.0,2.0,0.0
PC_ON,AC_off,logit,matched_uniform,dark_boundary,9,0.0,0.0,0.0,0.0,0.0,0.0,-0.31217992305755615,-0.35721105999416775,0.0450311369366116,0.0,0.0,0.0,-2.0,-2.0,0.0,-6.0,-6.0,0.0
PC_ON,AC_off,logit,matched_uniform,bright_boundary,9,0.0,0.0,0.0,0.0,0.0,0.0,0.0,0.0,0.0,0.3121798700756497,0.3572111460897658,-0.04503127601411608,4.0,4.0,0.0,2.0,2.0,0.0
PC_ON,AC_off,probability,ramp,dark_boundary,9,0.0,0.0,0.0,-3.0046535862816705e-05,-0.00016954955127504136,0.00013950301541222466,-0.04550393588013119,-0.052726777891318,0.007222842011186812,-3.0046535862816705e-05,-0.00016954955127504136,0.00013950301541222466,-2.0,-2.0,0.0,-5.0,-5.0,0.0
PC_ON,AC_off,probability,ramp,bright_boundary,9,4.591792821884155e-05,0.00026768611537085637,-0.00022176818715201484,0.0,0.0,0.0,4.591792821884155e-05,0.00026768611537085637,-0.00022176818715201484,0.04128139217694601,0.047069978382852345,-0.005788586205906338,5.0,5.0,0.0,2.0,2.0,0.0
PC_ON,AC_off,probability,matched_uniform,dark_boundary,9,0.0,0.0,0.0,0.0,0.0,0.0,-0.045489563710159726,-0.0526446435186598,0.007155079808500078,0.0,0.0,0.0,-2.0,-2.0,0.0,-6.0,-6.0,0.0
PC_ON,AC_off,probability,matched_uniform,bright_boundary,9,0.0,0.0,0.0,0.0,0.0,0.0,0.0,0.0,0.0,0.04126360101832284,0.04696659909354316,-0.00570299807522032,4.0,4.0,0.0,2.0,2.0,0.0
