cell_id,group,mode,channel,profile,region,overshoot_above_plateaus,undershoot_below_plateaus,max_minus_upper_plateau,min_minus_lower_plateau,max_x_pixels,min_x_pixels
67#4,PC_OFF,normal,logit,ramp,dark_boundary,0.002352416515350342,0.0,0.002352416515350342,0.2736400365829468,-5,-2
67#4,PC_OFF,normal,logit,ramp,bright_boundary,0.0,-0.002352595329284668,-0.2736402153968811,-0.002352595329284668,2,5
67#4,PC_OFF,normal,logit,matched_uniform,dark_boundary,0.0,0.0,0.0,0.2735995650291443,-6,-2
67#4,PC_OFF,normal,logit,matched_uniform,bright_boundary,0.0,0.0,-0.27359968423843384,0.0,2,4
67#4,PC_OFF,normal,probability,ramp,dark_boundary,0.0005120337009429932,0.0,0.0005120337009429932,0.0521417111158371,-5,-2
67#4,PC_OFF,normal,probability,ramp,bright_boundary,0.0,-0.0004052966833114624,-0.055039674043655396,-0.0004052966833114624,2,5
67#4,PC_OFF,normal,probability,matched_uniform,dark_boundary,0.0,0.0,0.0,0.05213330686092377,-6,-2
67#4,PC_OFF,normal,probability,matched_uniform,bright_boundary,0.0,0.0,-0.055032163858413696,0.0,2,4
67#4,PC_OFF,H1_off,logit,ramp,dark_boundary,0.0022507309913635254,0.0,0.0022507309913635254,0.27520638704299927,-5,-2
67#4,PC_OFF,H1_off,logit,ramp,bright_boundary,0.0,-0.00225067138671875,-0.2752063274383545,-0.00225067138671875,2,5
67#4,PC_OFF,H1_off,logit,matched_uniform,dark_boundary,0.0,0.0,0.0,0.27520638704299927,-6,-2
67#4,PC_OFF,H1_off,logit,matched_uniform,bright_boundary,0.0,0.0,-0.27520620822906494,0.0,2,4
67#4,PC_OFF,H1_off,probability,ramp,dark_boundary,0.0004901885986328125,0.0,0.0004901885986328125,0.05242916941642761,-5,-2
67#4,PC_OFF,H1_off,probability,ramp,bright_boundary,0.0,-0.00038732588291168213,-0.05536380410194397,-0.00038732588291168213,2,5
67#4,PC_OFF,H1_off,probability,matched_uniform,dark_boundary,0.0,0.0,0.0,0.05242916941642761,-6,-2
67#4,PC_OFF,H1_off,probability,matched_uniform,bright_boundary,0.0,0.0,-0.05536380410194397,0.0,2,4
67#4,PC_OFF,AC_off,logit,ramp,dark_boundary,0.00020039081573486328,0.0,0.00020039081573486328,0.5324069261550903,-5,-2
67#4,PC_OFF,AC_off,logit,ramp,bright_boundary,0.0,-0.00020039081573486328,-0.5324069261550903,-0.00020039081573486328,2,5
67#4,PC_OFF,AC_off,logit,matched_uniform,dark_boundary,0.0,0.0,0.0,0.532321572303772,-6,-2
67#4,PC_OFF,AC_off,logit,matched_uniform,bright_boundary,0.0,0.0,-0.532321572303772,0.0,2,4
67#4,PC_OFF,AC_off,probability,ramp,dark_boundary,4.741549491882324e-05,0.0,4.741549491882324e-05,0.09792865812778473,-5,-2
67#4,PC_OFF,AC_off,probability,ramp,bright_boundary,0.0,-2.898275852203369e-05,-0.10958707332611084,-2.898275852203369e-05,2,5
67#4,PC_OFF,AC_off,probability,matched_uniform,dark_boundary,0.0,0.0,0.0,0.09790994226932526,-6,-2
67#4,PC_OFF,AC_off,probability,matched_uniform,bright_boundary,0.0,0.0,-0.10957254469394684,0.0,2,4
67#6,MC_OFF,normal,logit,ramp,dark_boundary,0.006350278854370117,0.0,0.006350278854370117,0.15119922161102295,-5,-2
67#6,MC_OFF,normal,logit,ramp,bright_boundary,0.0,-0.006350278854370117,-0.1511993408203125,-0.006350278854370117,2,5
67#6,MC_OFF,normal,logit,matched_uniform,dark_boundary,0.0,0.0,0.0,0.15057897567749023,-6,-2
67#6,MC_OFF,normal,logit,matched_uniform,bright_boundary,0.0,0.0,-0.15057885646820068,0.0,2,4
67#6,MC_OFF,normal,probability,ramp,dark_boundary,0.0011917352676391602,0.0,0.0011917352676391602,0.026316285133361816,-5,-2
67#6,MC_OFF,normal,probability,ramp,bright_boundary,0.0,-0.001064211130142212,-0.02741016447544098,-0.001064211130142212,2,5
67#6,MC_OFF,normal,probability,matched_uniform,dark_boundary,0.0,0.0,0.0,0.026202887296676636,-6,-2
67#6,MC_OFF,normal,probability,matched_uniform,bright_boundary,0.0,0.0,-0.027303099632263184,0.0,2,4
67#6,MC_OFF,H1_off,logit,ramp,dark_boundary,0.004809021949768066,0.0,0.004809021949768066,0.17437636852264404,-5,-2
67#6,MC_OFF,H1_off,logit,ramp,bright_boundary,0.0,-0.004809021949768066,-0.1743764877319336,-0.004809021949768066,2,5
67#6,MC_OFF,H1_off,logit,matched_uniform,dark_boundary,0.0,0.0,0.0,0.17437636852264404,-6,-2
67#6,MC_OFF,H1_off,logit,matched_uniform,bright_boundary,0.0,0.0,-0.1743764877319336,0.0,2,4
67#6,MC_OFF,H1_off,probability,ramp,dark_boundary,0.0009137988090515137,0.0,0.0009137988090515137,0.03030116856098175,-5,-2
67#6,MC_OFF,H1_off,probability,ramp,bright_boundary,0.0,-0.0007942616939544678,-0.03165963292121887,-0.0007942616939544678,2,5
67#6,MC_OFF,H1_off,probability,matched_uniform,dark_boundary,0.0,0.0,0.0,0.03030116856098175,-6,-2
67#6,MC_OFF,H1_off,probability,matched_uniform,bright_boundary,0.0,0.0,-0.03165963292121887,0.0,2,4
67#6,MC_OFF,AC_off,logit,ramp,dark_boundary,0.0032741427421569824,0.0,0.0032741427421569824,0.3987540006637573,-5,-2
67#6,MC_OFF,AC_off,logit,ramp,bright_boundary,0.0,-0.003274083137512207,-0.39875370264053345,-0.003274083137512207,2,5
67#6,MC_OFF,AC_off,logit,matched_uniform,dark_boundary,0.0,0.0,0.0,0.3973097801208496,-6,-2
67#6,MC_OFF,AC_off,logit,matched_uniform,bright_boundary,0.0,0.0,-0.39730972051620483,0.0,2,4
67#6,MC_OFF,AC_off,probability,ramp,dark_boundary,0.0006976425647735596,0.0,0.0006976425647735596,0.06747269630432129,-5,-2
67#6,MC_OFF,AC_off,probability,ramp,bright_boundary,0.0,-0.00045949220657348633,-0.07408788800239563,-0.00045949220657348633,2,5
67#6,MC_OFF,AC_off,probability,matched_uniform,dark_boundary,0.0,0.0,0.0,0.0671895444393158,-6,-2
67#6,MC_OFF,AC_off,probability,matched_uniform,bright_boundary,0.0,0.0,-0.07385842502117157,0.0,2,4
67#7,MC_ON,normal,logit,ramp,dark_boundary,0.0,-0.007447242736816406,-0.10053706169128418,-0.007447242736816406,-2,-5
67#7,MC_ON,normal,logit,ramp,bright_boundary,0.007447481155395508,0.0,0.007447481155395508,0.10053706169128418,5,2
67#7,MC_ON,normal,logit,matched_uniform,dark_boundary,0.0,0.0,-0.10007894039154053,0.0,-2,-6
67#7,MC_ON,normal,logit,matched_uniform,bright_boundary,0.0,0.0,0.0,0.10007894039154053,4,2
67#7,MC_ON,normal,probability,ramp,dark_boundary,0.0,-0.001125618815422058,-0.016059964895248413,-0.001125618815422058,-2,-5
67#7,MC_ON,normal,probability,ramp,bright_boundary,0.0011923611164093018,0.0,0.0011923611164093018,0.015232384204864502,5,2
67#7,MC_ON,normal,probability,matched_uniform,dark_boundary,0.0,0.0,-0.015990272164344788,0.0,-2,-6
67#7,MC_ON,normal,probability,matched_uniform,bright_boundary,0.0,0.0,0.0,0.015159472823143005,4,2
67#7,MC_ON,H1_off,logit,ramp,dark_boundary,0.0,-0.006227850914001465,-0.12046337127685547,-0.006227850914001465,-2,-5
67#7,MC_ON,H1_off,logit,ramp,bright_boundary,0.006227970123291016,0.0,0.006227970123291016,0.12046349048614502,5,2
67#7,MC_ON,H1_off,logit,matched_uniform,dark_boundary,0.0,0.0,-0.12046337127685547,0.0,-2,-6
67#7,MC_ON,H1_off,logit,matched_uniform,bright_boundary,0.0,0.0,0.0,0.12046349048614502,4,2
67#7,MC_ON,H1_off,probability,ramp,dark_boundary,0.0,-0.0009313672780990601,-0.019222721457481384,-0.0009313672780990601,-2,-5
67#7,MC_ON,H1_off,probability,ramp,bright_boundary,0.001007169485092163,0.0,0.001007169485092163,0.018271416425704956,5,2
67#7,MC_ON,H1_off,probability,matched_uniform,dark_boundary,0.0,0.0,-0.019222736358642578,0.0,-2,-6
67#7,MC_ON,H1_off,probability,matched_uniform,bright_boundary,0.0,0.0,0.0,0.018271416425704956,4,2
67#7,MC_ON,AC_off,logit,ramp,dark_boundary,0.0,-0.003516674041748047,-0.4157947301864624,-0.003516674041748047,-2,-5
67#7,MC_ON,AC_off,logit,ramp,bright_boundary,0.0035164356231689453,0.0,0.0035164356231689453,0.4157944917678833,5,2
67#7,MC_ON,AC_off,logit,matched_uniform,dark_boundary,0.0,0.0,-0.41424381732940674,0.0,-2,-6
67#7,MC_ON,AC_off,logit,matched_uniform,bright_boundary,0.0,0.0,0.0,0.4142439365386963,4,2
67#7,MC_ON,AC_off,probability,ramp,dark_boundary,0.0,-0.0004210919141769409,-0.06825873255729675,-0.0004210919141769409,-2,-5
67#7,MC_ON,AC_off,probability,ramp,bright_boundary,0.0006778985261917114,0.0,0.0006778985261917114,0.06125923991203308,5,2
67#7,MC_ON,AC_off,probability,matched_uniform,dark_boundary,0.0,0.0,-0.068045973777771,0.0,-2,-6
67#7,MC_ON,AC_off,probability,matched_uniform,bright_boundary,0.0,0.0,0.0,0.06098887324333191,4,2
67#14,PC_ON,normal,logit,ramp,dark_boundary,0.0,-0.0034667253494262695,-0.20933139324188232,-0.0034667253494262695,-2,-5
67#14,PC_ON,normal,logit,ramp,bright_boundary,0.003466486930847168,0.0,0.003466486930847168,0.20933127403259277,5,2
67#14,PC_ON,normal,logit,matched_uniform,dark_boundary,0.0,0.0,-0.20837771892547607,0.0,-2,-6
67#14,PC_ON,normal,logit,matched_uniform,bright_boundary,0.0,0.0,0.0,0.20837795734405518,4,2
67#14,PC_ON,normal,probability,ramp,dark_boundary,0.0,-0.00041644275188446045,-0.02927131950855255,-0.00041644275188446045,-2,-5
67#14,PC_ON,normal,probability,ramp,bright_boundary,0.000524863600730896,0.0,0.000524863600730896,0.02746102213859558,5,2
67#14,PC_ON,normal,probability,matched_uniform,dark_boundary,0.0,0.0,-0.02914978563785553,0.0,-2,-6
67#14,PC_ON,normal,probability,matched_uniform,bright_boundary,0.0,0.0,0.0,0.027324199676513672,4,2
67#14,PC_ON,H1_off,logit,ramp,dark_boundary,0.0,-0.0011614561080932617,-0.24294936656951904,-0.0011614561080932617,-2,-5
67#14,PC_ON,H1_off,logit,ramp,bright_boundary,0.0011614561080932617,0.0,0.0011614561080932617,0.2429492473602295,5,2
67#14,PC_ON,H1_off,logit,matched_uniform,dark_boundary,0.0,0.0,-0.24294936656951904,0.0,-2,-6
67#14,PC_ON,H1_off,logit,matched_uniform,bright_boundary,0.0,0.0,0.0,0.2429492473602295,4,2
67#14,PC_ON,H1_off,probability,ramp,dark_boundary,0.0,-0.00013671815395355225,-0.034143269062042236,-0.00013671815395355225,-2,-5
67#14,PC_ON,H1_off,probability,ramp,bright_boundary,0.0001789778470993042,0.0,0.0001789778470993042,0.03171645104885101,5,2
67#14,PC_ON,H1_off,probability,matched_uniform,dark_boundary,0.0,0.0,-0.034143269062042236,0.0,-2,-6
67#14,PC_ON,H1_off,probability,matched_uniform,bright_boundary,0.0,0.0,0.0,0.03171645104885101,4,2
67#14,PC_ON,AC_off,logit,ramp,dark_boundary,0.0,-0.0035719871520996094,-0.36493468284606934,-0.0035719871520996094,-2,-5
67#14,PC_ON,AC_off,logit,ramp,bright_boundary,0.0035718679428100586,0.0,0.0035718679428100586,0.36493468284606934,5,2
67#14,PC_ON,AC_off,logit,matched_uniform,dark_boundary,0.0,0.0,-0.3634103536605835,0.0,-2,-6
67#14,PC_ON,AC_off,logit,matched_uniform,bright_boundary,0.0,0.0,0.0,0.3634103536605835,4,2
67#14,PC_ON,AC_off,probability,ramp,dark_boundary,0.0,-0.0003757476806640625,-0.05219973623752594,-0.0003757476806640625,-2,-5
67#14,PC_ON,AC_off,probability,ramp,bright_boundary,0.0006020516157150269,0.0,0.0006020516157150269,0.04686036705970764,5,2
67#14,PC_ON,AC_off,probability,matched_uniform,dark_boundary,0.0,0.0,-0.052017152309417725,0.0,-2,-6
67#14,PC_ON,AC_off,probability,matched_uniform,bright_boundary,0.0,0.0,0.0,0.046629056334495544,4,2
67#21,PC_ON,normal,logit,ramp,dark_boundary,0.0,-0.0021181106567382812,-0.1342918872833252,-0.0021181106567382812,-2,-5
67#21,PC_ON,normal,logit,ramp,bright_boundary,0.0021173954010009766,0.0,0.0021173954010009766,0.134291410446167,5,2
67#21,PC_ON,normal,logit,matched_uniform,dark_boundary,0.0,0.0,-0.13400650024414062,0.0,-2,-6
67#21,PC_ON,normal,logit,matched_uniform,bright_boundary,0.0,0.0,0.0,0.13400602340698242,4,2
67#21,PC_ON,normal,probability,ramp,dark_boundary,0.0,-0.0001580938696861267,-0.011329278349876404,-0.0001580938696861267,-2,-5
67#21,PC_ON,normal,probability,ramp,bright_boundary,0.00019143521785736084,0.0,0.00019143521785736084,0.010775037109851837,5,2
67#21,PC_ON,normal,probability,matched_uniform,dark_boundary,0.0,0.0,-0.011306904256343842,0.0,-2,-6
67#21,PC_ON,normal,probability,matched_uniform,bright_boundary,0.0,0.0,0.0,0.010750442743301392,4,2
67#21,PC_ON,H1_off,logit,ramp,dark_boundary,0.0,-0.001405954360961914,-0.14513230323791504,-0.001405954360961914,-2,-5
67#21,PC_ON,H1_off,logit,ramp,bright_boundary,0.001405954360961914,0.0,0.001405954360961914,0.14513206481933594,5,2
67#21,PC_ON,H1_off,logit,matched_uniform,dark_boundary,0.0,0.0,-0.14513230323791504,0.0,-2,-6
67#21,PC_ON,H1_off,logit,matched_uniform,bright_boundary,0.0,0.0,0.0,0.14513206481933594,4,2
67#21,PC_ON,H1_off,probability,ramp,dark_boundary,0.0,-0.00010377168655395508,-0.012269772589206696,-0.00010377168655395508,-2,-5
67#21,PC_ON,H1_off,probability,ramp,bright_boundary,0.00012839585542678833,0.0,0.00012839585542678833,0.011622339487075806,5,2
67#21,PC_ON,H1_off,probability,matched_uniform,dark_boundary,0.0,0.0,-0.012269772589206696,0.0,-2,-6
67#21,PC_ON,H1_off,probability,matched_uniform,bright_boundary,0.0,0.0,0.0,0.011622339487075806,4,2
67#21,PC_ON,AC_off,logit,ramp,dark_boundary,0.0,-0.0014600753784179688,-0.3257284164428711,-0.0014600753784179688,-2,-5
67#21,PC_ON,AC_off,logit,ramp,bright_boundary,0.0014603137969970703,0.0,0.0014603137969970703,0.3257284164428711,5,2
67#21,PC_ON,AC_off,logit,matched_uniform,dark_boundary,0.0,0.0,-0.3251056671142578,0.0,-2,-6
67#21,PC_ON,AC_off,logit,matched_uniform,bright_boundary,0.0,0.0,0.0,0.325106143951416,4,2
67#21,PC_ON,AC_off,probability,ramp,dark_boundary,0.0,-8.913129568099976e-05,-0.02865840494632721,-8.913129568099976e-05,-2,-5
67#21,PC_ON,AC_off,probability,ramp,bright_boundary,0.00015850365161895752,0.0,0.00015850365161895752,0.025249436497688293,5,2
67#21,PC_ON,AC_off,probability,matched_uniform,dark_boundary,0.0,0.0,-0.028614193201065063,0.0,-2,-6
67#21,PC_ON,AC_off,probability,matched_uniform,bright_boundary,0.0,0.0,0.0,0.02519044280052185,4,2
67#26,PC_ON,normal,logit,ramp,dark_boundary,0.0,-0.00396120548248291,-0.11450910568237305,-0.00396120548248291,-2,-4
67#26,PC_ON,normal,logit,ramp,bright_boundary,0.00396120548248291,0.0,0.00396120548248291,0.11450910568237305,4,2
67#26,PC_ON,normal,logit,matched_uniform,dark_boundary,0.0,0.0,-0.11438071727752686,0.0,-2,-6
67#26,PC_ON,normal,logit,matched_uniform,bright_boundary,0.0,0.0,0.0,0.11438071727752686,4,2
67#26,PC_ON,normal,probability,ramp,dark_boundary,0.0,-0.0006845444440841675,-0.021071821451187134,-0.0006845444440841675,-2,-4
67#26,PC_ON,normal,probability,ramp,bright_boundary,0.0007540285587310791,0.0,0.0007540285587310791,0.020524337887763977,4,2
67#26,PC_ON,normal,probability,matched_uniform,dark_boundary,0.0,0.0,-0.021049082279205322,0.0,-2,-6
67#26,PC_ON,normal,probability,matched_uniform,bright_boundary,0.0,0.0,0.0,0.020500436425209045,4,2
67#26,PC_ON,H1_off,logit,ramp,dark_boundary,0.0,-0.0032126903533935547,-0.1203848123550415,-0.0032126903533935547,-2,-4
67#26,PC_ON,H1_off,logit,ramp,bright_boundary,0.0032126903533935547,0.0,0.0032126903533935547,0.12038469314575195,4,2
67#26,PC_ON,H1_off,logit,matched_uniform,dark_boundary,0.0,0.0,-0.1203848123550415,0.0,-2,-6
67#26,PC_ON,H1_off,logit,matched_uniform,bright_boundary,0.0,0.0,0.0,0.12038469314575195,4,2
67#26,PC_ON,H1_off,probability,ramp,dark_boundary,0.0,-0.0005531758069992065,-0.022166863083839417,-0.0005531758069992065,-2,-4
67#26,PC_ON,H1_off,probability,ramp,bright_boundary,0.000613480806350708,0.0,0.000613480806350708,0.021563291549682617,4,2
67#26,PC_ON,H1_off,probability,matched_uniform,dark_boundary,0.0,0.0,-0.022166863083839417,0.0,-2,-6
67#26,PC_ON,H1_off,probability,matched_uniform,bright_boundary,0.0,0.0,0.0,0.021563291549682617,4,2
67#26,PC_ON,AC_off,logit,ramp,dark_boundary,0.0,-0.0011391639709472656,-0.39518558979034424,-0.0011391639709472656,-2,-5
67#26,PC_ON,AC_off,logit,ramp,bright_boundary,0.0011394023895263672,0.0,0.0011394023895263672,0.3951854705810547,5,2
67#26,PC_ON,AC_off,logit,matched_uniform,dark_boundary,0.0,0.0,-0.3947000503540039,0.0,-2,-6
67#26,PC_ON,AC_off,logit,matched_uniform,bright_boundary,0.0,0.0,0.0,0.39469993114471436,4,2
67#26,PC_ON,AC_off,probability,ramp,dark_boundary,0.0,-0.00016234815120697021,-0.07503718137741089,-0.00016234815120697021,-2,-5
67#26,PC_ON,AC_off,probability,ramp,bright_boundary,0.00024816393852233887,0.0,0.00024816393852233887,0.06829512119293213,5,2
67#26,PC_ON,AC_off,probability,matched_uniform,dark_boundary,0.0,0.0,-0.07495856285095215,0.0,-2,-6
67#26,PC_ON,AC_off,probability,matched_uniform,bright_boundary,0.0,0.0,0.0,0.06819769740104675,4,2
67#33,MC_OFF,normal,logit,ramp,dark_boundary,0.007077574729919434,0.0,0.007077574729919434,0.3173328638076782,-5,-2
67#33,MC_OFF,normal,logit,ramp,bright_boundary,0.0,-0.007077932357788086,-0.3173329830169678,-0.007077932357788086,2,5
67#33,MC_OFF,normal,logit,matched_uniform,dark_boundary,0.0,0.0,0.0,0.31602227687835693,-6,-2
67#33,MC_OFF,normal,logit,matched_uniform,bright_boundary,0.0,0.0,-0.3160226345062256,0.0,2,4
67#33,MC_OFF,normal,probability,ramp,dark_boundary,0.0011530965566635132,0.0,0.0011530965566635132,0.04215212166309357,-5,-2
67#33,MC_OFF,normal,probability,ramp,bright_boundary,0.0,-0.0008278638124465942,-0.046361327171325684,-0.0008278638124465942,2,5
67#33,MC_OFF,normal,probability,matched_uniform,dark_boundary,0.0,0.0,0.0,0.04195435345172882,-6,-2
67#33,MC_OFF,normal,probability,matched_uniform,bright_boundary,0.0,0.0,-0.04619377851486206,0.0,2,4
67#33,MC_OFF,H1_off,logit,ramp,dark_boundary,0.004000425338745117,0.0,0.004000425338745117,0.36015963554382324,-5,-2
67#33,MC_OFF,H1_off,logit,ramp,bright_boundary,0.0,-0.004000425338745117,-0.36015963554382324,-0.004000425338745117,2,5
67#33,MC_OFF,H1_off,logit,matched_uniform,dark_boundary,0.0,0.0,0.0,0.36015963554382324,-6,-2
67#33,MC_OFF,H1_off,logit,matched_uniform,bright_boundary,0.0,0.0,-0.36015963554382324,0.0,2,4
67#33,MC_OFF,H1_off,probability,ramp,dark_boundary,0.0006707608699798584,0.0,0.0006707608699798584,0.04757973551750183,-5,-2
67#33,MC_OFF,H1_off,probability,ramp,bright_boundary,0.0,-0.0004511624574661255,-0.05291326344013214,-0.0004511624574661255,2,5
67#33,MC_OFF,H1_off,probability,matched_uniform,dark_boundary,0.0,0.0,0.0,0.04757973551750183,-6,-2
67#33,MC_OFF,H1_off,probability,matched_uniform,bright_boundary,0.0,0.0,-0.05291326344013214,0.0,2,4
67#33,MC_OFF,AC_off,logit,ramp,dark_boundary,0.004451394081115723,0.0,0.004451394081115723,0.526414155960083,-5,-2
67#33,MC_OFF,AC_off,logit,ramp,bright_boundary,0.0,-0.004451870918273926,-0.5264143943786621,-0.004451870918273926,2,5
67#33,MC_OFF,AC_off,logit,matched_uniform,dark_boundary,0.0,0.0,0.0,0.5244487524032593,-6,-2
67#33,MC_OFF,AC_off,logit,matched_uniform,bright_boundary,0.0,0.0,-0.5244488716125488,0.0,2,4
67#33,MC_OFF,AC_off,probability,ramp,dark_boundary,0.0008304864168167114,0.0,0.0008304864168167114,0.06805795431137085,-5,-2
67#33,MC_OFF,AC_off,probability,ramp,bright_boundary,0.0,-0.0004315376281738281,-0.07914604246616364,-0.0004315376281738281,2,5
67#33,MC_OFF,AC_off,probability,matched_uniform,dark_boundary,0.0,0.0,0.0,0.06773796677589417,-6,-2
67#33,MC_OFF,AC_off,probability,matched_uniform,bright_boundary,0.0,0.0,-0.07891610264778137,0.0,2,4
67#34,PC_ON,normal,logit,ramp,dark_boundary,0.0,-0.0024105310440063477,-0.1499185562133789,-0.0024105310440063477,-2,-5
67#34,PC_ON,normal,logit,ramp,bright_boundary,0.0024107694625854492,0.0,0.0024107694625854492,0.14991867542266846,5,2
67#34,PC_ON,normal,logit,matched_uniform,dark_boundary,0.0,0.0,-0.14965713024139404,0.0,-2,-6
67#34,PC_ON,normal,logit,matched_uniform,bright_boundary,0.0,0.0,0.0,0.14965736865997314,4,2
67#34,PC_ON,normal,probability,ramp,dark_boundary,0.0,-0.00025720149278640747,-0.01794661581516266,-0.00025720149278640747,-2,-5
67#34,PC_ON,normal,probability,ramp,bright_boundary,0.00030604004859924316,0.0,0.00030604004859924316,0.017028696835041046,5,2
67#34,PC_ON,normal,probability,matched_uniform,dark_boundary,0.0,0.0,-0.017917484045028687,0.0,-2,-6
67#34,PC_ON,normal,probability,matched_uniform,bright_boundary,0.0,0.0,0.0,0.01699688285589218,4,2
67#34,PC_ON,H1_off,logit,ramp,dark_boundary,0.0,-0.0017557144165039062,-0.15994977951049805,-0.0017557144165039062,-2,-5
67#34,PC_ON,H1_off,logit,ramp,bright_boundary,0.0017555952072143555,0.0,0.0017555952072143555,0.1599496603012085,5,2
67#34,PC_ON,H1_off,logit,matched_uniform,dark_boundary,0.0,0.0,-0.15994977951049805,0.0,-2,-6
67#34,PC_ON,H1_off,logit,matched_uniform,bright_boundary,0.0,0.0,0.0,0.1599496603012085,4,2
67#34,PC_ON,H1_off,probability,ramp,dark_boundary,0.0,-0.0001857355237007141,-0.01917310059070587,-0.0001857355237007141,-2,-5
67#34,PC_ON,H1_off,probability,ramp,bright_boundary,0.00022463500499725342,0.0,0.00022463500499725342,0.018144868314266205,5,2
67#34,PC_ON,H1_off,probability,matched_uniform,dark_boundary,0.0,0.0,-0.01917310059070587,0.0,-2,-6
67#34,PC_ON,H1_off,probability,matched_uniform,bright_boundary,0.0,0.0,0.0,0.018144868314266205,4,2
67#34,PC_ON,AC_off,logit,ramp,dark_boundary,0.0,-0.001382589340209961,-0.3889601230621338,-0.001382589340209961,-2,-5
67#34,PC_ON,AC_off,logit,ramp,bright_boundary,0.001383066177368164,0.0,0.001383066177368164,0.38896024227142334,5,2
67#34,PC_ON,AC_off,logit,matched_uniform,dark_boundary,0.0,0.0,-0.3883702754974365,0.0,-2,-6
67#34,PC_ON,AC_off,logit,matched_uniform,bright_boundary,0.0,0.0,0.0,0.3883705139160156,4,2
67#34,PC_ON,AC_off,probability,ramp,dark_boundary,0.0,-0.00011780858039855957,-0.04855961352586746,-0.00011780858039855957,-2,-5
67#34,PC_ON,AC_off,probability,ramp,bright_boundary,0.00021225214004516602,0.0,0.00021225214004516602,0.04257165640592575,5,2
67#34,PC_ON,AC_off,probability,matched_uniform,dark_boundary,0.0,0.0,-0.04850061237812042,0.0,-2,-6
67#34,PC_ON,AC_off,probability,matched_uniform,bright_boundary,0.0,0.0,0.0,0.042492352426052094,4,2
68#3,MC_OFF,normal,logit,ramp,dark_boundary,0.005901336669921875,0.0,0.005901336669921875,0.15207982063293457,-5,-2
68#3,MC_OFF,normal,logit,ramp,bright_boundary,0.0,-0.005901455879211426,-0.15207993984222412,-0.005901455879211426,2,5
68#3,MC_OFF,normal,logit,matched_uniform,dark_boundary,0.0,0.0,0.0,0.1514796018600464,-6,-2
68#3,MC_OFF,normal,logit,matched_uniform,bright_boundary,0.0,0.0,-0.1514796018600464,0.0,2,4
68#3,MC_OFF,normal,probability,ramp,dark_boundary,0.0012457668781280518,0.0,0.0012457668781280518,0.030184239149093628,-5,-2
68#3,MC_OFF,normal,probability,ramp,bright_boundary,0.0,-0.001135408878326416,-0.031226158142089844,-0.001135408878326416,2,5
68#3,MC_OFF,normal,probability,matched_uniform,dark_boundary,0.0,0.0,0.0,0.03006008267402649,-6,-2
68#3,MC_OFF,normal,probability,matched_uniform,bright_boundary,0.0,0.0,-0.031107813119888306,0.0,2,4
68#3,MC_OFF,H1_off,logit,ramp,dark_boundary,0.004429757595062256,0.0,0.004429757595062256,0.1738247275352478,-5,-2
68#3,MC_OFF,H1_off,logit,ramp,bright_boundary,0.0,-0.00442957878112793,-0.17382466793060303,-0.00442957878112793,2,5
68#3,MC_OFF,H1_off,logit,matched_uniform,dark_boundary,0.0,0.0,0.0,0.1738247275352478,-6,-2
68#3,MC_OFF,H1_off,logit,matched_uniform,bright_boundary,0.0,0.0,-0.17382466793060303,0.0,2,4
68#3,MC_OFF,H1_off,probability,ramp,dark_boundary,0.0009438693523406982,0.0,0.0009438693523406982,0.03445574641227722,-5,-2
68#3,MC_OFF,H1_off,probability,ramp,bright_boundary,0.0,-0.0008425116539001465,-0.035730570554733276,-0.0008425116539001465,2,5
68#3,MC_OFF,H1_off,probability,matched_uniform,dark_boundary,0.0,0.0,0.0,0.03445574641227722,-6,-2
68#3,MC_OFF,H1_off,probability,matched_uniform,bright_boundary,0.0,0.0,-0.035730570554733276,0.0,2,4
68#3,MC_OFF,AC_off,logit,ramp,dark_boundary,0.002886056900024414,0.0,0.002886056900024414,0.38056516647338867,-5,-2
68#3,MC_OFF,AC_off,logit,ramp,bright_boundary,0.0,-0.0028859376907348633,-0.380565345287323,-0.0028859376907348633,2,5
68#3,MC_OFF,AC_off,logit,matched_uniform,dark_boundary,0.0,0.0,0.0,0.37929219007492065,-6,-2
68#3,MC_OFF,AC_off,logit,matched_uniform,bright_boundary,0.0,0.0,-0.37929219007492065,0.0,2,4
68#3,MC_OFF,AC_off,probability,ramp,dark_boundary,0.0006672143936157227,0.0,0.0006672143936157227,0.07383234798908234,-5,-2
68#3,MC_OFF,AC_off,probability,ramp,bright_boundary,0.0,-0.00048138201236724854,-0.07945364713668823,-0.00048138201236724854,2,5
68#3,MC_OFF,AC_off,probability,matched_uniform,dark_boundary,0.0,0.0,0.0,0.07355503737926483,-6,-2
68#3,MC_OFF,AC_off,probability,matched_uniform,bright_boundary,0.0,0.0,-0.07921844720840454,0.0,2,4
68#4,PC_ON,normal,logit,ramp,dark_boundary,0.0016418695449829102,0.0,0.0016418695449829102,0.2156050205230713,-6,-2
68#4,PC_ON,normal,logit,ramp,bright_boundary,0.0,-0.0016417503356933594,-0.2156050205230713,-0.0016417503356933594,2,6
68#4,PC_ON,normal,logit,matched_uniform,dark_boundary,0.0,0.0,0.0,0.21396827697753906,-6,-2
68#4,PC_ON,normal,logit,matched_uniform,bright_boundary,0.0,0.0,-0.2139683961868286,0.0,2,4
68#4,PC_ON,normal,probability,ramp,dark_boundary,0.0002545863389968872,0.0,0.0002545863389968872,0.028653666377067566,-6,-2
68#4,PC_ON,normal,probability,ramp,bright_boundary,0.0,-0.000196799635887146,-0.030476823449134827,-0.000196799635887146,2,6
68#4,PC_ON,normal,probability,matched_uniform,dark_boundary,0.0,0.0,0.0,0.028414681553840637,-6,-2
68#4,PC_ON,normal,probability,matched_uniform,bright_boundary,0.0,0.0,-0.030266955494880676,0.0,2,4
68#4,PC_ON,H1_off,logit,ramp,dark_boundary,0.0,0.0,0.0,0.25965332984924316,-6,-2
68#4,PC_ON,H1_off,logit,ramp,bright_boundary,0.0,0.0,-0.2596532106399536,0.0,2,6
68#4,PC_ON,H1_off,logit,matched_uniform,dark_boundary,0.0,0.0,0.0,0.25965332984924316,-6,-2
68#4,PC_ON,H1_off,logit,matched_uniform,bright_boundary,0.0,0.0,-0.2596532106399536,0.0,2,4
68#4,PC_ON,H1_off,probability,ramp,dark_boundary,0.0,0.0,0.0,0.034249648451805115,-6,-2
68#4,PC_ON,H1_off,probability,ramp,bright_boundary,0.0,0.0,-0.03698933124542236,0.0,2,6
68#4,PC_ON,H1_off,probability,matched_uniform,dark_boundary,0.0,0.0,0.0,0.034249648451805115,-6,-2
68#4,PC_ON,H1_off,probability,matched_uniform,bright_boundary,0.0,0.0,-0.03698933124542236,0.0,2,4
68#4,PC_ON,AC_off,logit,ramp,dark_boundary,0.0,-0.0014410018920898438,-0.1119149923324585,-0.0014410018920898438,-2,-5
68#4,PC_ON,AC_off,logit,ramp,bright_boundary,0.0014407634735107422,0.0,0.0014407634735107422,0.11191487312316895,5,2
68#4,PC_ON,AC_off,logit,matched_uniform,dark_boundary,0.0,0.0,-0.11130225658416748,0.0,-2,-6
68#4,PC_ON,AC_off,logit,matched_uniform,bright_boundary,0.0,0.0,0.0,0.11130225658416748,4,2
68#4,PC_ON,AC_off,probability,ramp,dark_boundary,0.0,-0.0001783221960067749,-0.01569804549217224,-0.0001783221960067749,-2,-5
68#4,PC_ON,AC_off,probability,ramp,bright_boundary,0.00021734833717346191,0.0,0.00021734833717346191,0.01498536765575409,5,2
68#4,PC_ON,AC_off,probability,matched_uniform,dark_boundary,0.0,0.0,-0.0156182199716568,0.0,-2,-6
68#4,PC_ON,AC_off,probability,matched_uniform,bright_boundary,0.0,0.0,0.0,0.014897242188453674,4,2
68#7,PC_ON,normal,logit,ramp,dark_boundary,0.0,-0.0032296180725097656,-0.15867674350738525,-0.0032296180725097656,-2,-4
68#7,PC_ON,normal,logit,ramp,bright_boundary,0.0032291412353515625,0.0,0.0032291412353515625,0.1586766242980957,4,2
68#7,PC_ON,normal,logit,matched_uniform,dark_boundary,0.0,0.0,-0.1586395502090454,0.0,-2,-6
68#7,PC_ON,normal,logit,matched_uniform,bright_boundary,0.0,0.0,0.0,0.15863919258117676,4,2
68#7,PC_ON,normal,probability,ramp,dark_boundary,0.0,-0.00037319958209991455,-0.02071841061115265,-0.00037319958209991455,-2,-4
68#7,PC_ON,normal,probability,ramp,bright_boundary,0.00045086443424224854,0.0,0.00045086443424224854,0.019708365201950073,4,2
68#7,PC_ON,normal,probability,matched_uniform,dark_boundary,0.0,0.0,-0.0207139253616333,0.0,-2,-6
68#7,PC_ON,normal,probability,matched_uniform,bright_boundary,0.0,0.0,0.0,0.019703373312950134,4,2
68#7,PC_ON,H1_off,logit,ramp,dark_boundary,0.0,-0.0030198097229003906,-0.1603025197982788,-0.0030198097229003906,-2,-4
68#7,PC_ON,H1_off,logit,ramp,bright_boundary,0.0030193328857421875,0.0,0.0030193328857421875,0.1603022813796997,4,2
68#7,PC_ON,H1_off,logit,matched_uniform,dark_boundary,0.0,0.0,-0.16030263900756836,0.0,-2,-6
68#7,PC_ON,H1_off,logit,matched_uniform,bright_boundary,0.0,0.0,0.0,0.1603022813796997,4,2
68#7,PC_ON,H1_off,probability,ramp,dark_boundary,0.0,-0.0003484785556793213,-0.02093641459941864,-0.0003484785556793213,-2,-4
68#7,PC_ON,H1_off,probability,ramp,bright_boundary,0.00042204558849334717,0.0,0.00042204558849334717,0.01990501582622528,4,2
68#7,PC_ON,H1_off,probability,matched_uniform,dark_boundary,0.0,0.0,-0.02093641459941864,0.0,-2,-6
68#7,PC_ON,H1_off,probability,matched_uniform,bright_boundary,0.0,0.0,0.0,0.01990501582622528,4,2
68#7,PC_ON,AC_off,logit,ramp,dark_boundary,0.0,-0.0002739429473876953,-0.46623003482818604,-0.0002739429473876953,-2,-5
68#7,PC_ON,AC_off,logit,ramp,bright_boundary,0.0002739429473876953,0.0,0.0002739429473876953,0.46623003482818604,5,2
68#7,PC_ON,AC_off,logit,matched_uniform,dark_boundary,0.0,0.0,-0.4661133289337158,0.0,-2,-6
68#7,PC_ON,AC_off,logit,matched_uniform,bright_boundary,0.0,0.0,0.0,0.4661133289337158,4,2
68#7,PC_ON,AC_off,probability,ramp,dark_boundary,0.0,-2.3871660232543945e-05,-0.06432372331619263,-2.3871660232543945e-05,-2,-5
68#7,PC_ON,AC_off,probability,ramp,bright_boundary,4.787743091583252e-05,0.0,4.787743091583252e-05,0.05510925501585007,5,2
68#7,PC_ON,AC_off,probability,matched_uniform,dark_boundary,0.0,0.0,-0.06431135535240173,0.0,-2,-6
68#7,PC_ON,AC_off,probability,matched_uniform,bright_boundary,0.0,0.0,0.0,0.05509165674448013,4,2
68#10,MC_ON,normal,logit,ramp,dark_boundary,0.0,-0.007036685943603516,-0.08412623405456543,-0.007036685943603516,-2,-5
68#10,MC_ON,normal,logit,ramp,bright_boundary,0.007036805152893066,0.0,0.007036805152893066,0.08412635326385498,5,2
68#10,MC_ON,normal,logit,matched_uniform,dark_boundary,0.0,0.0,-0.08400893211364746,0.0,-2,-6
68#10,MC_ON,normal,logit,matched_uniform,bright_boundary,0.0,0.0,0.0,0.08400905132293701,4,2
68#10,MC_ON,normal,probability,ramp,dark_boundary,0.0,-0.0010461360216140747,-0.013283610343933105,-0.0010461360216140747,-2,-5
68#10,MC_ON,normal,probability,ramp,bright_boundary,0.0011478811502456665,0.0,0.0011478811502456665,0.012941747903823853,5,2
68#10,MC_ON,normal,probability,matched_uniform,dark_boundary,0.0,0.0,-0.013265788555145264,0.0,-2,-6
68#10,MC_ON,normal,probability,matched_uniform,bright_boundary,0.0,0.0,0.0,0.012923017144203186,4,2
68#10,MC_ON,H1_off,logit,ramp,dark_boundary,0.0,-0.006614804267883301,-0.09303998947143555,-0.006614804267883301,-2,-5
68#10,MC_ON,H1_off,logit,ramp,bright_boundary,0.006614565849304199,0.0,0.006614565849304199,0.09303998947143555,5,2
68#10,MC_ON,H1_off,logit,matched_uniform,dark_boundary,0.0,0.0,-0.09303998947143555,0.0,-2,-6
68#10,MC_ON,H1_off,logit,matched_uniform,bright_boundary,0.0,0.0,0.0,0.09303998947143555,4,2
68#10,MC_ON,H1_off,probability,ramp,dark_boundary,0.0,-0.0009770095348358154,-0.014705166220664978,-0.0009770095348358154,-2,-5
68#10,MC_ON,H1_off,probability,ramp,bright_boundary,0.0010854601860046387,0.0,0.0010854601860046387,0.014299184083938599,5,2
68#10,MC_ON,H1_off,probability,matched_uniform,dark_boundary,0.0,0.0,-0.014705166220664978,0.0,-2,-6
68#10,MC_ON,H1_off,probability,matched_uniform,bright_boundary,0.0,0.0,0.0,0.014299184083938599,4,2
68#10,MC_ON,AC_off,logit,ramp,dark_boundary,0.0,-0.002265453338623047,-0.3970506191253662,-0.002265453338623047,-2,-5
68#10,MC_ON,AC_off,logit,ramp,bright_boundary,0.0022655725479125977,0.0,0.0022655725479125977,0.39705097675323486,5,2
68#10,MC_ON,AC_off,logit,matched_uniform,dark_boundary,0.0,0.0,-0.3960517644882202,0.0,-2,-6
68#10,MC_ON,AC_off,logit,matched_uniform,bright_boundary,0.0,0.0,0.0,0.39605188369750977,4,2
68#10,MC_ON,AC_off,probability,ramp,dark_boundary,0.0,-0.00026354193687438965,-0.06550663709640503,-0.00026354193687438965,-2,-5
68#10,MC_ON,AC_off,probability,ramp,bright_boundary,0.00044614076614379883,0.0,0.00044614076614379883,0.05840298533439636,5,2
68#10,MC_ON,AC_off,probability,matched_uniform,dark_boundary,0.0,0.0,-0.06537126004695892,0.0,-2,-6
68#10,MC_ON,AC_off,probability,matched_uniform,bright_boundary,0.0,0.0,0.0,0.05822649598121643,4,2
68#11,PC_OFF,normal,logit,ramp,dark_boundary,0.001178741455078125,0.0,0.001178741455078125,0.5048528909683228,-5,-2
68#11,PC_OFF,normal,logit,ramp,bright_boundary,0.0,-0.001178741455078125,-0.5048530101776123,-0.001178741455078125,2,5
68#11,PC_OFF,normal,logit,matched_uniform,dark_boundary,0.0,0.0,0.0,0.5048187971115112,-6,-2
68#11,PC_OFF,normal,logit,matched_uniform,bright_boundary,0.0,0.0,-0.5048190355300903,0.0,2,4
68#11,PC_OFF,normal,probability,ramp,dark_boundary,0.0002021491527557373,0.0,0.0002021491527557373,0.05906214565038681,-5,-2
68#11,PC_OFF,normal,probability,ramp,bright_boundary,0.0,-0.00010320544242858887,-0.06915028393268585,-0.00010320544242858887,2,5
68#11,PC_OFF,normal,probability,matched_uniform,dark_boundary,0.0,0.0,0.0,0.059057094156742096,-6,-2
68#11,PC_OFF,normal,probability,matched_uniform,bright_boundary,0.0,0.0,-0.06914669275283813,0.0,2,4
68#11,PC_OFF,H1_off,logit,ramp,dark_boundary,0.0010976791381835938,0.0,0.0010976791381835938,0.5060133934020996,-5,-2
68#11,PC_OFF,H1_off,logit,ramp,bright_boundary,0.0,-0.0010979175567626953,-0.5060135126113892,-0.0010979175567626953,2,5
68#11,PC_OFF,H1_off,logit,matched_uniform,dark_boundary,0.0,0.0,0.0,0.5060133934020996,-6,-2
68#11,PC_OFF,H1_off,logit,matched_uniform,bright_boundary,0.0,0.0,-0.5060135126113892,0.0,2,4
68#11,PC_OFF,H1_off,probability,ramp,dark_boundary,0.00018839538097381592,0.0,0.00018839538097381592,0.05918589234352112,-5,-2
68#11,PC_OFF,H1_off,probability,ramp,bright_boundary,0.0,-9.601563215255737e-05,-0.06932547688484192,-9.601563215255737e-05,2,5
68#11,PC_OFF,H1_off,probability,matched_uniform,dark_boundary,0.0,0.0,0.0,0.05918589234352112,-6,-2
68#11,PC_OFF,H1_off,probability,matched_uniform,bright_boundary,0.0,0.0,-0.06932546198368073,0.0,2,4
68#11,PC_OFF,AC_off,logit,ramp,dark_boundary,0.00010097026824951172,0.0,0.00010097026824951172,0.6533123254776001,-5,-2
68#11,PC_OFF,AC_off,logit,ramp,bright_boundary,0.0,-0.0001010894775390625,-0.6533119678497314,-0.0001010894775390625,2,5
68#11,PC_OFF,AC_off,logit,matched_uniform,dark_boundary,0.0,0.0,0.0,0.6532691717147827,-6,-2
68#11,PC_OFF,AC_off,logit,matched_uniform,bright_boundary,0.0,0.0,-0.6532692909240723,0.0,2,4
68#11,PC_OFF,AC_off,probability,ramp,dark_boundary,1.9103288650512695e-05,0.0,1.9103288650512695e-05,0.07469766587018967,-5,-2
68#11,PC_OFF,AC_off,probability,ramp,bright_boundary,0.0,-7.6070427894592285e-06,-0.09201063960790634,-7.6070427894592285e-06,2,5
68#11,PC_OFF,AC_off,probability,matched_uniform,dark_boundary,0.0,0.0,0.0,0.07469090074300766,-6,-2
68#11,PC_OFF,AC_off,probability,matched_uniform,bright_boundary,0.0,0.0,-0.0920063853263855,0.0,2,4
69#3,PC_OFF,normal,logit,ramp,dark_boundary,0.005246639251708984,0.0,0.005246639251708984,0.198449969291687,-4,-2
69#3,PC_OFF,normal,logit,ramp,bright_boundary,0.0,-0.005246579647064209,-0.19844985008239746,-0.005246579647064209,2,4
69#3,PC_OFF,normal,logit,matched_uniform,dark_boundary,0.0,0.0,0.0,0.19754654169082642,-6,-2
69#3,PC_OFF,normal,logit,matched_uniform,bright_boundary,0.0,0.0,-0.19754654169082642,0.0,2,4
69#3,PC_OFF,normal,probability,ramp,dark_boundary,0.0012208521366119385,0.0,0.0012208521366119385,0.043009817600250244,-4,-2
69#3,PC_OFF,normal,probability,ramp,bright_boundary,0.0,-0.0010806918144226074,-0.04437682032585144,-0.0010806918144226074,2,4
69#3,PC_OFF,normal,probability,matched_uniform,dark_boundary,0.0,0.0,0.0,0.042804449796676636,-6,-2
69#3,PC_OFF,normal,probability,matched_uniform,bright_boundary,0.0,0.0,-0.04418441653251648,0.0,2,4
69#3,PC_OFF,H1_off,logit,ramp,dark_boundary,0.002563655376434326,0.0,0.002563655376434326,0.23602324724197388,-5,-2
69#3,PC_OFF,H1_off,logit,ramp,bright_boundary,0.0,-0.002563774585723877,-0.23602324724197388,-0.002563774585723877,2,5
69#3,PC_OFF,H1_off,logit,matched_uniform,dark_boundary,0.0,0.0,0.0,0.23602324724197388,-6,-2
69#3,PC_OFF,H1_off,logit,matched_uniform,bright_boundary,0.0,0.0,-0.23602324724197388,0.0,2,4
69#3,PC_OFF,H1_off,probability,ramp,dark_boundary,0.0006022155284881592,0.0,0.0006022155284881592,0.05095002055168152,-5,-2
69#3,PC_OFF,H1_off,probability,ramp,bright_boundary,0.0,-0.0005195736885070801,-0.052917420864105225,-0.0005195736885070801,2,5
69#3,PC_OFF,H1_off,probability,matched_uniform,dark_boundary,0.0,0.0,0.0,0.05095002055168152,-6,-2
69#3,PC_OFF,H1_off,probability,matched_uniform,bright_boundary,0.0,0.0,-0.052917420864105225,0.0,2,4
69#3,PC_OFF,AC_off,logit,ramp,dark_boundary,0.005414783954620361,0.0,0.005414783954620361,0.4254768490791321,-5,-2
69#3,PC_OFF,AC_off,logit,ramp,bright_boundary,0.0,-0.005414783954620361,-0.42547696828842163,-0.005414783954620361,2,5
69#3,PC_OFF,AC_off,logit,matched_uniform,dark_boundary,0.0,0.0,0.0,0.423170268535614,-6,-2
69#3,PC_OFF,AC_off,logit,matched_uniform,bright_boundary,0.0,0.0,-0.423170268535614,0.0,2,4
69#3,PC_OFF,AC_off,probability,ramp,dark_boundary,0.0013234317302703857,0.0,0.0013234317302703857,0.09007903933525085,-5,-2
69#3,PC_OFF,AC_off,probability,ramp,bright_boundary,0.0,-0.0009945333003997803,-0.09627097845077515,-0.0009945333003997803,2,5
69#3,PC_OFF,AC_off,probability,matched_uniform,dark_boundary,0.0,0.0,0.0,0.08953779935836792,-6,-2
69#3,PC_OFF,AC_off,probability,matched_uniform,bright_boundary,0.0,0.0,-0.09580245614051819,0.0,2,4
69#4,MC_ON,normal,logit,ramp,dark_boundary,0.0,-0.00844573974609375,-0.10140693187713623,-0.00844573974609375,-2,-5
69#4,MC_ON,normal,logit,ramp,bright_boundary,0.00844573974609375,0.0,0.00844573974609375,0.10140693187713623,5,2
69#4,MC_ON,normal,logit,matched_uniform,dark_boundary,0.0,0.0,-0.10103631019592285,0.0,-2,-6
69#4,MC_ON,normal,logit,matched_uniform,bright_boundary,0.0,0.0,0.0,0.1010364294052124,4,2
69#4,MC_ON,normal,probability,ramp,dark_boundary,0.0,-0.0012944340705871582,-0.016385212540626526,-0.0012944340705871582,-2,-5
69#4,MC_ON,normal,probability,ramp,bright_boundary,0.0013564378023147583,0.0,0.0013564378023147583,0.015443161129951477,5,2
69#4,MC_ON,normal,probability,matched_uniform,dark_boundary,0.0,0.0,-0.016328275203704834,0.0,-2,-6
69#4,MC_ON,normal,probability,matched_uniform,bright_boundary,0.0,0.0,0.0,0.015383780002593994,4,2
69#4,MC_ON,H1_off,logit,ramp,dark_boundary,0.0,-0.007448673248291016,-0.11790919303894043,-0.007448673248291016,-2,-5
69#4,MC_ON,H1_off,logit,ramp,bright_boundary,0.007448792457580566,0.0,0.007448792457580566,0.11790931224822998,5,2
69#4,MC_ON,H1_off,logit,matched_uniform,dark_boundary,0.0,0.0,-0.11790919303894043,0.0,-2,-6
69#4,MC_ON,H1_off,logit,matched_uniform,bright_boundary,0.0,0.0,0.0,0.11790931224822998,4,2
69#4,MC_ON,H1_off,probability,ramp,dark_boundary,0.0,-0.0011315643787384033,-0.019016921520233154,-0.0011315643787384033,-2,-5
69#4,MC_ON,H1_off,probability,ramp,bright_boundary,0.0012064576148986816,0.0,0.0012064576148986816,0.017990753054618835,5,2
69#4,MC_ON,H1_off,probability,matched_uniform,dark_boundary,0.0,0.0,-0.019016921520233154,0.0,-2,-6
69#4,MC_ON,H1_off,probability,matched_uniform,bright_boundary,0.0,0.0,0.0,0.01799076795578003,4,2
69#4,MC_ON,AC_off,logit,ramp,dark_boundary,0.0,-0.0029240846633911133,-0.47401559352874756,-0.0029240846633911133,-2,-5
69#4,MC_ON,AC_off,logit,ramp,bright_boundary,0.0029239654541015625,0.0,0.0029239654541015625,0.474015474319458,5,2
69#4,MC_ON,AC_off,logit,matched_uniform,dark_boundary,0.0,0.0,-0.47272562980651855,0.0,-2,-6
69#4,MC_ON,AC_off,logit,matched_uniform,bright_boundary,0.0,0.0,0.0,0.47272562980651855,4,2
69#4,MC_ON,AC_off,probability,ramp,dark_boundary,0.0,-0.0003396272659301758,-0.07895618677139282,-0.0003396272659301758,-2,-5
69#4,MC_ON,AC_off,probability,ramp,bright_boundary,0.0005821585655212402,0.0,0.0005821585655212402,0.0699535459280014,5,2
69#4,MC_ON,AC_off,probability,matched_uniform,dark_boundary,0.0,0.0,-0.07878091931343079,0.0,-2,-6
69#4,MC_ON,AC_off,probability,matched_uniform,bright_boundary,0.0,0.0,0.0,0.06972353160381317,4,2
69#6,MC_OFF,normal,logit,ramp,dark_boundary,0.005606532096862793,0.0,0.005606532096862793,0.0925825834274292,-5,-2
69#6,MC_OFF,normal,logit,ramp,bright_boundary,0.0,-0.005606651306152344,-0.0925823450088501,-0.005606651306152344,2,5
69#6,MC_OFF,normal,logit,matched_uniform,dark_boundary,0.0,0.0,0.0,0.09215843677520752,-6,-2
69#6,MC_OFF,normal,logit,matched_uniform,bright_boundary,0.0,0.0,-0.09215867519378662,0.0,2,4
69#6,MC_OFF,normal,probability,ramp,dark_boundary,0.0009333789348602295,0.0,0.0009333789348602295,0.014612391591072083,-5,-2
69#6,MC_OFF,normal,probability,ramp,bright_boundary,0.0,-0.0008697509765625,-0.015161246061325073,-0.0008697509765625,2,5
69#6,MC_OFF,normal,probability,matched_uniform,dark_boundary,0.0,0.0,0.0,0.01454298198223114,-6,-2
69#6,MC_OFF,normal,probability,matched_uniform,bright_boundary,0.0,0.0,-0.015094384551048279,0.0,2,4
69#6,MC_OFF,H1_off,logit,ramp,dark_boundary,0.004501938819885254,0.0,0.004501938819885254,0.11020791530609131,-5,-2
69#6,MC_OFF,H1_off,logit,ramp,bright_boundary,0.0,-0.004501700401306152,-0.11020755767822266,-0.004501700401306152,2,5
69#6,MC_OFF,H1_off,logit,matched_uniform,dark_boundary,0.0,0.0,0.0,0.11020791530609131,-6,-2
69#6,MC_OFF,H1_off,logit,matched_uniform,bright_boundary,0.0,0.0,-0.11020755767822266,0.0,2,4
69#6,MC_OFF,H1_off,probability,ramp,dark_boundary,0.0007575154304504395,0.0,0.0007575154304504395,0.017389923334121704,-5,-2
69#6,MC_OFF,H1_off,probability,ramp,bright_boundary,0.0,-0.0006903558969497681,-0.01805192232131958,-0.0006903558969497681,2,5
69#6,MC_OFF,H1_off,probability,matched_uniform,dark_boundary,0.0,0.0,0.0,0.017389923334121704,-6,-2
69#6,MC_OFF,H1_off,probability,matched_uniform,bright_boundary,0.0,0.0,-0.01805192232131958,0.0,2,4
69#6,MC_OFF,AC_off,logit,ramp,dark_boundary,0.0029952526092529297,0.0,0.0029952526092529297,0.32352936267852783,-5,-2
69#6,MC_OFF,AC_off,logit,ramp,bright_boundary,0.0,-0.002995729446411133,-0.32352960109710693,-0.002995729446411133,2,5
69#6,MC_OFF,AC_off,logit,matched_uniform,dark_boundary,0.0,0.0,0.0,0.3222084045410156,-6,-2
69#6,MC_OFF,AC_off,logit,matched_uniform,bright_boundary,0.0,0.0,-0.3222085237503052,0.0,2,4
69#6,MC_OFF,AC_off,probability,ramp,dark_boundary,0.0005707144737243652,0.0,0.0005707144737243652,0.049812570214271545,-5,-2
69#6,MC_OFF,AC_off,probability,ramp,bright_boundary,0.0,-0.00039392709732055664,-0.05426053702831268,-0.00039392709732055664,2,5
69#6,MC_OFF,AC_off,probability,matched_uniform,dark_boundary,0.0,0.0,0.0,0.049580395221710205,-6,-2
69#6,MC_OFF,AC_off,probability,matched_uniform,bright_boundary,0.0,0.0,-0.054067760705947876,0.0,2,4
69#7,MC_ON,normal,logit,ramp,dark_boundary,0.0,-0.007499814033508301,-0.08360481262207031,-0.007499814033508301,-2,-5
69#7,MC_ON,normal,logit,ramp,bright_boundary,0.007499814033508301,0.0,0.007499814033508301,0.08360457420349121,5,2
69#7,MC_ON,normal,logit,matched_uniform,dark_boundary,0.0,0.0,-0.08326864242553711,0.0,-2,-6
69#7,MC_ON,normal,logit,matched_uniform,bright_boundary,0.0,0.0,0.0,0.08326864242553711,4,2
69#7,MC_ON,normal,probability,ramp,dark_boundary,0.0,-0.001314893364906311,-0.0152798593044281,-0.001314893364906311,-2,-5
69#7,MC_ON,normal,probability,ramp,bright_boundary,0.001375153660774231,0.0,0.001375153660774231,0.014707490801811218,5,2
69#7,MC_ON,normal,probability,matched_uniform,dark_boundary,0.0,0.0,-0.015220612287521362,0.0,-2,-6
69#7,MC_ON,normal,probability,matched_uniform,bright_boundary,0.0,0.0,0.0,0.01464611291885376,4,2
69#7,MC_ON,H1_off,logit,ramp,dark_boundary,0.0,-0.006533384323120117,-0.10070693492889404,-0.006533384323120117,-2,-5
69#7,MC_ON,H1_off,logit,ramp,bright_boundary,0.006533503532409668,0.0,0.006533503532409668,0.10070717334747314,5,2
69#7,MC_ON,H1_off,logit,matched_uniform,dark_boundary,0.0,0.0,-0.10070693492889404,0.0,-2,-6
69#7,MC_ON,H1_off,logit,matched_uniform,bright_boundary,0.0,0.0,0.0,0.10070717334747314,4,2
69#7,MC_ON,H1_off,probability,ramp,dark_boundary,0.0,-0.0011358410120010376,-0.018390223383903503,-0.0011358410120010376,-2,-5
69#7,MC_ON,H1_off,probability,ramp,bright_boundary,0.0012074410915374756,0.0,0.0012074410915374756,0.01773180067539215,5,2
69#7,MC_ON,H1_off,probability,matched_uniform,dark_boundary,0.0,0.0,-0.018390223383903503,0.0,-2,-6
69#7,MC_ON,H1_off,probability,matched_uniform,bright_boundary,0.0,0.0,0.0,0.01773180067539215,4,2
69#7,MC_ON,AC_off,logit,ramp,dark_boundary,0.0,-0.003567337989807129,-0.41078680753707886,-0.003567337989807129,-2,-5
69#7,MC_ON,AC_off,logit,ramp,bright_boundary,0.0035672783851623535,0.0,0.0035672783851623535,0.4107867479324341,5,2
69#7,MC_ON,AC_off,logit,matched_uniform,dark_boundary,0.0,0.0,-0.4092136025428772,0.0,-2,-6
69#7,MC_ON,AC_off,logit,matched_uniform,bright_boundary,0.0,0.0,0.0,0.409213662147522,4,2
69#7,MC_ON,AC_off,probability,ramp,dark_boundary,0.0,-0.0005061030387878418,-0.07701832056045532,-0.0005061030387878418,-2,-5
69#7,MC_ON,AC_off,probability,ramp,bright_boundary,0.0007655024528503418,0.0,0.0007655024528503418,0.07015709578990936,5,2
69#7,MC_ON,AC_off,probability,matched_uniform,dark_boundary,0.0,0.0,-0.07676582038402557,0.0,-2,-6
69#7,MC_ON,AC_off,probability,matched_uniform,bright_boundary,0.0,0.0,0.0,0.06984607875347137,4,2
69#21,PC_OFF,normal,logit,ramp,dark_boundary,0.0030765533447265625,0.0,0.0030765533447265625,0.14090019464492798,-4,-2
69#21,PC_OFF,normal,logit,ramp,bright_boundary,0.0,-0.0030766725540161133,-0.14090019464492798,-0.0030766725540161133,2,4
69#21,PC_OFF,normal,logit,matched_uniform,dark_boundary,0.0,0.0,0.0,0.1408441662788391,-6,-2
69#21,PC_OFF,normal,logit,matched_uniform,bright_boundary,0.0,0.0,-0.14084404706954956,0.0,2,4
69#21,PC_OFF,normal,probability,ramp,dark_boundary,0.0006362497806549072,0.0,0.0006362497806549072,0.027111738920211792,-4,-2
69#21,PC_OFF,normal,probability,ramp,bright_boundary,0.0,-0.0005628913640975952,-0.02786809206008911,-0.0005628913640975952,2,4
69#21,PC_OFF,normal,probability,matched_uniform,dark_boundary,0.0,0.0,0.0,0.027100443840026855,-6,-2
69#21,PC_OFF,normal,probability,matched_uniform,bright_boundary,0.0,0.0,-0.027857452630996704,0.0,2,4
69#21,PC_OFF,H1_off,logit,ramp,dark_boundary,0.0027468204498291016,0.0,0.0027468204498291016,0.14349877834320068,-4,-2
69#21,PC_OFF,H1_off,logit,ramp,bright_boundary,0.0,-0.0027467012405395508,-0.14349859952926636,-0.0027467012405395508,2,4
69#21,PC_OFF,H1_off,logit,matched_uniform,dark_boundary,0.0,0.0,0.0,0.14349877834320068,-6,-2
69#21,PC_OFF,H1_off,logit,matched_uniform,bright_boundary,0.0,0.0,-0.14349859952926636,0.0,2,4
69#21,PC_OFF,H1_off,probability,ramp,dark_boundary,0.0005689263343811035,0.0,0.0005689263343811035,0.027603209018707275,-4,-2
69#21,PC_OFF,H1_off,probability,ramp,bright_boundary,0.0,-0.0005015730857849121,-0.02838990092277527,-0.0005015730857849121,2,4
69#21,PC_OFF,H1_off,probability,matched_uniform,dark_boundary,0.0,0.0,0.0,0.027603209018707275,-6,-2
69#21,PC_OFF,H1_off,probability,matched_uniform,bright_boundary,0.0,0.0,-0.02838990092277527,0.0,2,4
69#21,PC_OFF,AC_off,logit,ramp,dark_boundary,0.0005041360855102539,0.0,0.0005041360855102539,0.42895275354385376,-5,-2
69#21,PC_OFF,AC_off,logit,ramp,bright_boundary,0.0,-0.0005040168762207031,-0.4289526343345642,-0.0005040168762207031,2,5
69#21,PC_OFF,AC_off,logit,matched_uniform,dark_boundary,0.0,0.0,0.0,0.4287380576133728,-6,-2
69#21,PC_OFF,AC_off,logit,matched_uniform,bright_boundary,0.0,0.0,-0.42873793840408325,0.0,2,4
69#21,PC_OFF,AC_off,probability,ramp,dark_boundary,0.00011566281318664551,0.0,0.00011566281318664551,0.07958953082561493,-5,-2
69#21,PC_OFF,AC_off,probability,ramp,bright_boundary,0.0,-7.778406143188477e-05,-0.08721637725830078,-7.778406143188477e-05,2,5
69#21,PC_OFF,AC_off,probability,matched_uniform,dark_boundary,0.0,0.0,0.0,0.07954354584217072,-6,-2
69#21,PC_OFF,AC_off,probability,matched_uniform,bright_boundary,0.0,0.0,-0.08717882633209229,0.0,2,4
70#1,PC_ON,normal,logit,ramp,dark_boundary,0.0,-0.006697416305541992,-0.022603988647460938,-0.006697416305541992,-2,-4
70#1,PC_ON,normal,logit,ramp,bright_boundary,0.006697654724121094,0.0,0.006697654724121094,0.02260410785675049,4,2
70#1,PC_ON,normal,logit,matched_uniform,dark_boundary,0.0,0.0,-0.022612929344177246,0.0,-2,-6
70#1,PC_ON,normal,logit,matched_uniform,bright_boundary,0.0,0.0,0.0,0.0226132869720459,4,2
70#1,PC_ON,normal,probability,ramp,dark_boundary,0.0,-0.0012423545122146606,-0.004247322678565979,-0.0012423545122146606,-2,-4
70#1,PC_ON,normal,probability,ramp,bright_boundary,0.0012643635272979736,0.0,0.0012643635272979736,0.004212677478790283,4,2
70#1,PC_ON,normal,probability,matched_uniform,dark_boundary,0.0,0.0,-0.00424899160861969,0.0,-2,-6
70#1,PC_ON,normal,probability,matched_uniform,bright_boundary,0.0,0.0,0.0,0.004214376211166382,4,2
70#1,PC_ON,H1_off,logit,ramp,dark_boundary,0.0,-0.0065460205078125,-0.024417400360107422,-0.0065460205078125,-2,-4
70#1,PC_ON,H1_off,logit,ramp,bright_boundary,0.006546139717102051,0.0,0.006546139717102051,0.024417519569396973,4,2
70#1,PC_ON,H1_off,logit,matched_uniform,dark_boundary,0.0,0.0,-0.024417400360107422,0.0,-2,-6
70#1,PC_ON,H1_off,logit,matched_uniform,bright_boundary,0.0,0.0,0.0,0.024417519569396973,4,2
70#1,PC_ON,H1_off,probability,ramp,dark_boundary,0.0,-0.0012132078409194946,-0.00458797812461853,-0.0012132078409194946,-2,-4
70#1,PC_ON,H1_off,probability,ramp,bright_boundary,0.0012367665767669678,0.0,0.0012367665767669678,0.004550740122795105,4,2
70#1,PC_ON,H1_off,probability,matched_uniform,dark_boundary,0.0,0.0,-0.00458797812461853,0.0,-2,-6
70#1,PC_ON,H1_off,probability,matched_uniform,bright_boundary,0.0,0.0,0.0,0.004550740122795105,4,2
70#1,PC_ON,AC_off,logit,ramp,dark_boundary,0.0,-0.0010644197463989258,-0.3191615343093872,-0.0010644197463989258,-2,-5
70#1,PC_ON,AC_off,logit,ramp,bright_boundary,0.001064300537109375,0.0,0.001064300537109375,0.31916123628616333,5,2
70#1,PC_ON,AC_off,logit,matched_uniform,dark_boundary,0.0,0.0,-0.3187079429626465,0.0,-2,-6
70#1,PC_ON,AC_off,logit,matched_uniform,bright_boundary,0.0,0.0,0.0,0.3187078833580017,4,2
70#1,PC_ON,AC_off,probability,ramp,dark_boundary,0.0,-0.00016614794731140137,-0.06179651618003845,-0.00016614794731140137,-2,-5
70#1,PC_ON,AC_off,probability,ramp,bright_boundary,0.0002294778823852539,0.0,0.0002294778823852539,0.05748873949050903,5,2
70#1,PC_ON,AC_off,probability,matched_uniform,dark_boundary,0.0,0.0,-0.06171867251396179,0.0,-2,-6
70#1,PC_ON,AC_off,probability,matched_uniform,bright_boundary,0.0,0.0,0.0,0.057397156953811646,4,2
70#7,PC_ON,normal,logit,ramp,dark_boundary,0.0,-0.006195783615112305,-0.11264562606811523,-0.006195783615112305,-2,-4
70#7,PC_ON,normal,logit,ramp,bright_boundary,0.006195545196533203,0.0,0.006195545196533203,0.11264550685882568,4,2
70#7,PC_ON,normal,logit,matched_uniform,dark_boundary,0.0,0.0,-0.11233794689178467,0.0,-2,-6
70#7,PC_ON,normal,logit,matched_uniform,bright_boundary,0.0,0.0,0.0,0.11233806610107422,4,2
70#7,PC_ON,normal,probability,ramp,dark_boundary,0.0,-0.0009808391332626343,-0.01903623342514038,-0.0009808391332626343,-2,-4
70#7,PC_ON,normal,probability,ramp,bright_boundary,0.001078590750694275,0.0,0.001078590750694275,0.018406003713607788,4,2
70#7,PC_ON,normal,probability,matched_uniform,dark_boundary,0.0,0.0,-0.018986433744430542,0.0,-2,-6
70#7,PC_ON,normal,probability,matched_uniform,bright_boundary,0.0,0.0,0.0,0.01835361123085022,4,2
70#7,PC_ON,H1_off,logit,ramp,dark_boundary,0.0,-0.004353880882263184,-0.1272495985031128,-0.004353880882263184,-2,-4
70#7,PC_ON,H1_off,logit,ramp,bright_boundary,0.004353642463684082,0.0,0.004353642463684082,0.1272493600845337,4,2
70#7,PC_ON,H1_off,logit,matched_uniform,dark_boundary,0.0,0.0,-0.1272495985031128,0.0,-2,-6
70#7,PC_ON,H1_off,logit,matched_uniform,bright_boundary,0.0,0.0,0.0,0.1272493600845337,4,2
70#7,PC_ON,H1_off,probability,ramp,dark_boundary,0.0,-0.0006829649209976196,-0.021532654762268066,-0.0006829649209976196,-2,-4
70#7,PC_ON,H1_off,probability,ramp,bright_boundary,0.0007642209529876709,0.0,0.0007642209529876709,0.020763784646987915,4,2
70#7,PC_ON,H1_off,probability,matched_uniform,dark_boundary,0.0,0.0,-0.021532654762268066,0.0,-2,-6
70#7,PC_ON,H1_off,probability,matched_uniform,bright_boundary,0.0,0.0,0.0,0.020763784646987915,4,2
70#7,PC_ON,AC_off,logit,ramp,dark_boundary,0.0,-0.002892613410949707,-0.4234970808029175,-0.002892613410949707,-2,-5
70#7,PC_ON,AC_off,logit,ramp,bright_boundary,0.002892732620239258,0.0,0.002892732620239258,0.42349720001220703,5,2
70#7,PC_ON,AC_off,logit,matched_uniform,dark_boundary,0.0,0.0,-0.4222630262374878,0.0,-2,-6
70#7,PC_ON,AC_off,logit,matched_uniform,bright_boundary,0.0,0.0,0.0,0.42226314544677734,4,2
70#7,PC_ON,AC_off,probability,ramp,dark_boundary,0.0,-0.0003626197576522827,-0.07430937886238098,-0.0003626197576522827,-2,-5
70#7,PC_ON,AC_off,probability,ramp,bright_boundary,0.0005981922149658203,0.0,0.0005981922149658203,0.06644892692565918,5,2
70#7,PC_ON,AC_off,probability,matched_uniform,dark_boundary,0.0,0.0,-0.07413002848625183,0.0,-2,-6
70#7,PC_ON,AC_off,probability,matched_uniform,bright_boundary,0.0,0.0,0.0,0.0662180632352829,4,2
70#15,PC_ON,normal,logit,ramp,dark_boundary,0.0,-0.0061103105545043945,-0.10073113441467285,-0.0061103105545043945,-2,-4
70#15,PC_ON,normal,logit,ramp,bright_boundary,0.006110072135925293,0.0,0.006110072135925293,0.1007307767868042,4,2
70#15,PC_ON,normal,logit,matched_uniform,dark_boundary,0.0,0.0,-0.10069215297698975,0.0,-2,-6
70#15,PC_ON,normal,logit,matched_uniform,bright_boundary,0.0,0.0,0.0,0.10069167613983154,4,2
70#15,PC_ON,normal,probability,ramp,dark_boundary,0.0,-0.0006718933582305908,-0.012029111385345459,-0.0006718933582305908,-2,-4
70#15,PC_ON,normal,probability,ramp,bright_boundary,0.0007660984992980957,0.0,0.0007660984992980957,0.011654242873191833,4,2
70#15,PC_ON,normal,probability,matched_uniform,dark_boundary,0.0,0.0,-0.012024685740470886,0.0,-2,-6
70#15,PC_ON,normal,probability,matched_uniform,bright_boundary,0.0,0.0,0.0,0.011649534106254578,4,2
70#15,PC_ON,H1_off,logit,ramp,dark_boundary,0.0,-0.005823969841003418,-0.10315990447998047,-0.005823969841003418,-2,-4
70#15,PC_ON,H1_off,logit,ramp,bright_boundary,0.005824089050292969,0.0,0.005824089050292969,0.10316002368927002,4,2
70#15,PC_ON,H1_off,logit,matched_uniform,dark_boundary,0.0,0.0,-0.10315990447998047,0.0,-2,-6
70#15,PC_ON,H1_off,logit,matched_uniform,bright_boundary,0.0,0.0,0.0,0.10316002368927002,4,2
70#15,PC_ON,H1_off,probability,ramp,dark_boundary,0.0,-0.0006392151117324829,-0.012324318289756775,-0.0006392151117324829,-2,-4
70#15,PC_ON,H1_off,probability,ramp,bright_boundary,0.0007314532995223999,0.0,0.0007314532995223999,0.011930540204048157,4,2
70#15,PC_ON,H1_off,probability,matched_uniform,dark_boundary,0.0,0.0,-0.012324318289756775,0.0,-2,-6
70#15,PC_ON,H1_off,probability,matched_uniform,bright_boundary,0.0,0.0,0.0,0.011930540204048157,4,2
70#15,PC_ON,AC_off,logit,ramp,dark_boundary,0.0,-0.0006005764007568359,-0.425182580947876,-0.0006005764007568359,-2,-5
70#15,PC_ON,AC_off,logit,ramp,bright_boundary,0.0006006956100463867,0.0,0.0006006956100463867,0.425182580947876,5,2
70#15,PC_ON,AC_off,logit,matched_uniform,dark_boundary,0.0,0.0,-0.42492663860321045,0.0,-2,-6
70#15,PC_ON,AC_off,logit,matched_uniform,bright_boundary,0.0,0.0,0.0,0.4249267578125,4,2
70#15,PC_ON,AC_off,probability,ramp,dark_boundary,0.0,-4.9948692321777344e-05,-0.05395840108394623,-4.9948692321777344e-05,-2,-5
70#15,PC_ON,AC_off,probability,ramp,bright_boundary,9.530782699584961e-05,0.0,9.530782699584961e-05,0.0466209352016449,5,2
70#15,PC_ON,AC_off,probability,matched_uniform,dark_boundary,0.0,0.0,-0.05393299460411072,0.0,-2,-6
70#15,PC_ON,AC_off,probability,matched_uniform,bright_boundary,0.0,0.0,0.0,0.046585723757743835,4,2
70#34,MC_ON,normal,logit,ramp,dark_boundary,0.0,-0.00717926025390625,-0.13815152645111084,-0.00717926025390625,-2,-5
70#34,MC_ON,normal,logit,ramp,bright_boundary,0.007179379463195801,0.0,0.007179379463195801,0.1381514072418213,5,2
70#34,MC_ON,normal,logit,matched_uniform,dark_boundary,0.0,0.0,-0.13760113716125488,0.0,-2,-6
70#34,MC_ON,normal,logit,matched_uniform,bright_boundary,0.0,0.0,0.0,0.13760125637054443,4,2
70#34,MC_ON,normal,probability,ramp,dark_boundary,0.0,-0.0008739084005355835,-0.018454834818840027,-0.0008739084005355835,-2,-5
70#34,MC_ON,normal,probability,ramp,bright_boundary,0.0009936243295669556,0.0,0.0009936243295669556,0.017458677291870117,5,2
70#34,MC_ON,normal,probability,matched_uniform,dark_boundary,0.0,0.0,-0.01838579773902893,0.0,-2,-6
70#34,MC_ON,normal,probability,matched_uniform,bright_boundary,0.0,0.0,0.0,0.017384693026542664,4,2
70#34,MC_ON,H1_off,logit,ramp,dark_boundary,0.0,-0.00577390193939209,-0.16002333164215088,-0.00577390193939209,-2,-5
70#34,MC_ON,H1_off,logit,ramp,bright_boundary,0.005774140357971191,0.0,0.005774140357971191,0.16002333164215088,5,2
70#34,MC_ON,H1_off,logit,matched_uniform,dark_boundary,0.0,0.0,-0.16002333164215088,0.0,-2,-6
70#34,MC_ON,H1_off,logit,matched_uniform,bright_boundary,0.0,0.0,0.0,0.16002333164215088,4,2
70#34,MC_ON,H1_off,probability,ramp,dark_boundary,0.0,-0.0006913095712661743,-0.02140304446220398,-0.0006913095712661743,-2,-5
70#34,MC_ON,H1_off,probability,ramp,bright_boundary,0.0008113682270050049,0.0,0.0008113682270050049,0.020198240876197815,5,2
70#34,MC_ON,H1_off,probability,matched_uniform,dark_boundary,0.0,0.0,-0.02140304446220398,0.0,-2,-6
70#34,MC_ON,H1_off,probability,matched_uniform,bright_boundary,0.0,0.0,0.0,0.020198240876197815,4,2
70#34,MC_ON,AC_off,logit,ramp,dark_boundary,0.0,-0.003384828567504883,-0.428627610206604,-0.003384828567504883,-2,-5
70#34,MC_ON,AC_off,logit,ramp,bright_boundary,0.0033844709396362305,0.0,0.0033844709396362305,0.4286271333694458,5,2
70#34,MC_ON,AC_off,logit,matched_uniform,dark_boundary,0.0,0.0,-0.4271343946456909,0.0,-2,-6
70#34,MC_ON,AC_off,logit,matched_uniform,bright_boundary,0.0,0.0,0.0,0.4271341562271118,4,2
70#34,MC_ON,AC_off,probability,ramp,dark_boundary,0.0,-0.00032129138708114624,-0.059560954570770264,-0.00032129138708114624,-2,-5
70#34,MC_ON,AC_off,probability,ramp,bright_boundary,0.0005741417407989502,0.0,0.0005741417407989502,0.052236609160900116,5,2
70#34,MC_ON,AC_off,probability,matched_uniform,dark_boundary,0.0,0.0,-0.05939435958862305,0.0,-2,-6
70#34,MC_ON,AC_off,probability,matched_uniform,bright_boundary,0.0,0.0,0.0,0.052013494074344635,4,2
