model,mode,family,signature,contrast,extent_px,n_cells,mean_paired_logit,median,bootstrap_ci95_low,bootstrap_ci95_high,direction,positive_cells,negative_cells,exact_zero_cells
canonical,AC_off,Mach,bright_ramp_minus_uniform,0.0,0,22,0.0,0.0,0.0,0.0,exact_zero,0,0,22
canonical,AC_off,Mach,bright_ramp_minus_uniform,0.0,2,22,0.0,0.0,0.0,0.0,exact_zero,0,0,22
canonical,AC_off,Mach,bright_ramp_minus_uniform,0.0,4,22,0.0,0.0,0.0,0.0,exact_zero,0,0,22
canonical,AC_off,Mach,bright_ramp_minus_uniform,0.0,8,22,0.0,0.0,0.0,0.0,exact_zero,0,0,22
canonical,AC_off,Mach,bright_ramp_minus_uniform,0.0,12,22,0.0,0.0,0.0,0.0,exact_zero,0,0,22
canonical,AC_off,Mach,bright_ramp_minus_uniform,0.0,16,22,0.0,0.0,0.0,0.0,exact_zero,0,0,22
canonical,AC_off,Mach,bright_ramp_minus_uniform,0.0625,0,22,-0.00024952326202765107,0.00022810300288256258,-0.0008801447111181915,0.00026034150505438447,CI_includes_zero,14,8,0
canonical,AC_off,Mach,bright_ramp_minus_uniform,0.0625,2,22,-0.00258753914386034,-0.00865120068192482,-0.00840122252702713,0.003534398041665554,CI_includes_zero,8,14,0
canonical,AC_off,Mach,bright_ramp_minus_uniform,0.0625,4,22,-0.0013367384672164917,-0.00427111005410552,-0.004186490550637245,0.0016615298809483647,CI_includes_zero,8,14,0
canonical,AC_off,Mach,bright_ramp_minus_uniform,0.0625,8,22,-0.0006705778068862855,-0.0021329245064407587,-0.0020915938075631857,0.0008251023245975375,CI_includes_zero,8,14,0
canonical,AC_off,Mach,bright_ramp_minus_uniform,0.0625,12,22,-0.0004470505518838763,-0.001421936322003603,-0.001394383143633604,0.0005500569241121411,CI_includes_zero,8,14,0
canonical,AC_off,Mach,bright_ramp_minus_uniform,0.0625,16,22,-0.0003352868079673499,-0.001066446304321289,-0.001045786775648594,0.000412538560340181,CI_includes_zero,8,14,0
canonical,AC_off,Mach,bright_ramp_minus_uniform,0.125,0,22,-0.0004985100240446627,0.00045589604997076094,-0.00175849802326411,0.0005201842286624014,CI_includes_zero,14,8,0
canonical,AC_off,Mach,bright_ramp_minus_uniform,0.125,2,22,-0.0051726424135267735,-0.017289575189352036,-0.016790324822068214,0.007059467025101185,CI_includes_zero,8,14,0
canonical,AC_off,Mach,bright_ramp_minus_uniform,0.125,4,22,-0.002672080183401704,-0.008535560220479965,-0.008366093970835209,0.003318995237350464,CI_includes_zero,8,14,0
canonical,AC_off,Mach,bright_ramp_minus_uniform,0.125,8,22,-0.0013404247583821416,-0.0042624156922101974,-0.0041795698925852776,0.0016477853059768677,CI_includes_zero,8,14,0
canonical,AC_off,Mach,bright_ramp_minus_uniform,0.125,12,22,-0.0008936066296882927,-0.002841576002538204,-0.002786333207041025,0.0010984833352267742,CI_includes_zero,8,14,0
canonical,AC_off,Mach,bright_ramp_minus_uniform,0.125,16,22,-0.0006702029495500028,-0.002131171990185976,-0.002089735120534897,0.000823843409307301,CI_includes_zero,8,14,0
canonical,AC_off,Mach,bright_ramp_minus_uniform,0.25,0,22,-0.0009948475053533912,0.0009104848140850663,-0.0035100176464766264,0.001038403483107686,CI_includes_zero,14,8,0
canonical,AC_off,Mach,bright_ramp_minus_uniform,0.25,2,22,-0.010335559025406837,-0.03452793136239052,-0.03353051468729973,0.01408185251057148,CI_includes_zero,8,14,0
canonical,AC_off,Mach,bright_ramp_minus_uniform,0.25,4,22,-0.005338585004210472,-0.01704462058842182,-0.016704702749848366,0.006618876475840807,CI_includes_zero,8,14,0
canonical,AC_off,Mach,bright_ramp_minus_uniform,0.25,8,22,-0.0026779351755976677,-0.00851132906973362,-0.008345428854227066,0.0032849078997969627,CI_includes_zero,8,14,0
canonical,AC_off,Mach,bright_ramp_minus_uniform,0.25,12,22,-0.001785243395715952,-0.0056740958243608475,-0.005563399288803339,0.0021898283157497644,CI_includes_zero,8,14,0
canonical,AC_off,Mach,bright_ramp_minus_uniform,0.25,16,22,-0.0013389148516580462,-0.004255517385900021,-0.004172465763986111,0.0016423288034275174,CI_includes_zero,8,14,0
canonical,AC_off,Mach,bright_ramp_minus_uniform,0.375,0,22,-0.0014890368329361081,0.0013637621887028217,-0.005254560150206089,0.0015546742361038923,CI_includes_zero,14,8,0
canonical,AC_off,Mach,bright_ramp_minus_uniform,0.375,2,22,-0.015488757751882076,-0.051715195178985596,-0.05022576451301575,0.02107119746506214,CI_includes_zero,8,14,0
canonical,AC_off,Mach,bright_ramp_minus_uniform,0.375,4,22,-0.007999513298273087,-0.025527287274599075,-0.025012796744704247,0.00989995151758194,CI_includes_zero,8,14,0
canonical,AC_off,Mach,bright_ramp_minus_uniform,0.375,8,22,-0.004012546967715025,-0.012746731750667095,-0.0124950110912323,0.004913756158202887,CI_includes_zero,8,14,0
canonical,AC_off,Mach,bright_ramp_minus_uniform,0.375,12,22,-0.002674926770851016,-0.008497516624629498,-0.008329576812684536,0.003275560913607478,CI_includes_zero,8,14,0
canonical,AC_off,Mach,bright_ramp_minus_uniform,0.375,16,22,-0.0020061538089066744,-0.006373035721480846,-0.006247030571103096,0.0024565665517002344,CI_includes_zero,8,14,0
canonical,AC_off,Mach,bright_ramp_minus_uniform,0.5,0,22,-0.0019810867961496115,0.0018157840240746737,-0.006991581991314888,0.0020689971279352903,CI_includes_zero,14,8,0
canonical,AC_off,Mach,bright_ramp_minus_uniform,0.5,2,22,-0.02063223160803318,-0.06885166466236115,-0.06687204539775848,0.028026051819324493,CI_includes_zero,8,14,0
canonical,AC_off,Mach,bright_ramp_minus_uniform,0.5,4,22,-0.01065488439053297,-0.03398369252681732,-0.03328946232795715,0.013166437856853008,CI_includes_zero,8,14,0
canonical,AC_off,Mach,bright_ramp_minus_uniform,0.5,8,22,-0.005344253499060869,-0.016968758776783943,-0.016630854457616806,0.006530932150781155,CI_includes_zero,8,14,0
canonical,AC_off,Mach,bright_ramp_minus_uniform,0.5,12,22,-0.003562656929716468,-0.011311972513794899,-0.01108643040060997,0.00435350276529789,CI_includes_zero,8,14,0
canonical,AC_off,Mach,bright_ramp_minus_uniform,0.5,16,22,-0.002671926049515605,-0.00848377589136362,-0.008314492180943489,0.0032649552449584007,CI_includes_zero,8,14,0
canonical,AC_off,Mach,dark_ramp_minus_uniform,0.0,0,22,0.0,0.0,0.0,0.0,exact_zero,0,0,22
canonical,AC_off,Mach,dark_ramp_minus_uniform,0.0,2,22,0.0,0.0,0.0,0.0,exact_zero,0,0,22
canonical,AC_off,Mach,dark_ramp_minus_uniform,0.0,4,22,0.0,0.0,0.0,0.0,exact_zero,0,0,22
canonical,AC_off,Mach,dark_ramp_minus_uniform,0.0,8,22,0.0,0.0,0.0,0.0,exact_zero,0,0,22
canonical,AC_off,Mach,dark_ramp_minus_uniform,0.0,12,22,0.0,0.0,0.0,0.0,exact_zero,0,0,22
canonical,AC_off,Mach,dark_ramp_minus_uniform,0.0,16,22,0.0,0.0,0.0,0.0,exact_zero,0,0,22
canonical,AC_off,Mach,dark_ramp_minus_uniform,0.0625,0,22,0.004925829358398914,0.01643713377416134,-0.007690066937357187,0.01692497730255127,CI_includes_zero,14,8,0
canonical,AC_off,Mach,dark_ramp_minus_uniform,0.0625,2,22,0.002587540540844202,0.008101685903966427,-0.0035343938507139683,0.008401238359510899,CI_includes_zero,14,8,0
canonical,AC_off,Mach,dark_ramp_minus_uniform,0.0625,4,22,0.0013367395149543881,0.004011519718915224,-0.0016615246422588825,0.004186492413282394,CI_includes_zero,14,8,0
canonical,AC_off,Mach,dark_ramp_minus_uniform,0.0625,8,22,0.0006705792038701475,0.0020038762595504522,-0.000825101335067302,0.002091597532853484,CI_includes_zero,14,8,0
canonical,AC_off,Mach,dark_ramp_minus_uniform,0.0625,12,22,0.0004470506974030286,0.0013359070289880037,-0.000550056342035532,0.0013943855883553624,CI_includes_zero,14,8,0
canonical,AC_off,Mach,dark_ramp_minus_uniform,0.0625,16,22,0.00033528803032822907,0.0010019302135333419,-0.0004125374252907932,0.0010457881726324558,CI_includes_zero,14,8,0
canonical,AC_off,Mach,dark_ramp_minus_uniform,0.125,0,22,0.009847892448306084,0.032853223383426666,-0.015364154241979122,0.03382591903209686,CI_includes_zero,14,8,0
canonical,AC_off,Mach,dark_ramp_minus_uniform,0.125,2,22,0.005172641947865486,0.016191832721233368,-0.007059467490762472,0.01679033599793911,CI_includes_zero,14,8,0
canonical,AC_off,Mach,dark_ramp_minus_uniform,0.125,4,22,0.0026720815803855658,0.008017078973352909,-0.003318993141874671,0.008366098627448082,CI_includes_zero,14,8,0
canonical,AC_off,Mach,dark_ramp_minus_uniform,0.125,8,22,0.0013404232449829578,0.004004621412605047,-0.0016477863537147641,0.004179568029940128,CI_includes_zero,14,8,0
canonical,AC_off,Mach,dark_ramp_minus_uniform,0.125,12,22,0.0008936053491197526,0.0026697476860135794,-0.0010984804248437285,0.0027863322757184505,CI_includes_zero,14,8,0
canonical,AC_off,Mach,dark_ramp_minus_uniform,0.125,16,22,0.0006701996899209917,0.0020023027900606394,-0.0008238425944000483,0.0020897313952445984,CI_includes_zero,14,8,0
canonical,AC_off,Mach,dark_ramp_minus_uniform,0.25,0,22,0.01968073844909668,0.06562212109565735,-0.030674666166305542,0.067564457654953,CI_includes_zero,14,8,0
canonical,AC_off,Mach,dark_ramp_minus_uniform,0.25,2,22,0.010335559025406837,0.032337650656700134,-0.014081843197345734,0.03353053703904152,CI_includes_zero,14,8,0
canonical,AC_off,Mach,dark_ramp_minus_uniform,0.25,4,22,0.005338586866855621,0.016010301187634468,-0.006618867162615061,0.016704710200428963,CI_includes_zero,14,8,0
canonical,AC_off,Mach,dark_ramp_minus_uniform,0.25,8,22,0.002677938435226679,0.007997115142643452,-0.0032848939299583435,0.008345433510839939,CI_includes_zero,14,8,0
canonical,AC_off,Mach,dark_ramp_minus_uniform,0.25,12,22,0.0017852508462965488,0.0053312936797738075,-0.002189819235354662,0.005563410930335522,CI_includes_zero,14,8,0
canonical,AC_off,Mach,dark_ramp_minus_uniform,0.25,16,22,0.001338917762041092,0.003998422529548407,-0.0016423213528469205,0.004172466695308685,CI_includes_zero,14,8,0
canonical,AC_off,Mach,dark_ramp_minus_uniform,0.375,0,22,0.029498528689146042,0.09830717742443085,-0.04590034484863281,0.10122444480657578,CI_includes_zero,14,8,0
canonical,AC_off,Mach,dark_ramp_minus_uniform,0.375,2,22,0.015488765202462673,0.048437658697366714,-0.021071184426546097,0.05022581294178963,CI_includes_zero,14,8,0
canonical,AC_off,Mach,dark_ramp_minus_uniform,0.375,4,22,0.007999517023563385,0.02397974394261837,-0.009899944998323917,0.025012800469994545,CI_includes_zero,14,8,0
canonical,AC_off,Mach,dark_ramp_minus_uniform,0.375,8,22,0.004012552089989185,0.0119774816557765,-0.004913750104606152,0.012495024129748344,CI_includes_zero,14,8,0
canonical,AC_off,Mach,dark_ramp_minus_uniform,0.375,12,22,0.002674930728971958,0.00798471737653017,-0.0032755518332123756,0.008329599164426327,CI_includes_zero,14,8,0
canonical,AC_off,Mach,dark_ramp_minus_uniform,0.375,16,22,0.002006158698350191,0.005988406948745251,-0.002456558169797063,0.006247055716812611,CI_includes_zero,14,8,0
canonical,AC_off,Mach,dark_ramp_minus_uniform,0.5,0,22,0.039301227778196335,0.13090847432613373,-0.06107237935066223,0.1347947120666504,CI_includes_zero,14,8,0
canonical,AC_off,Mach,dark_ramp_minus_uniform,0.5,2,22,0.020632226020097733,0.06449192017316818,-0.028026055544614792,0.06687203794717789,CI_includes_zero,14,8,0
canonical,AC_off,Mach,dark_ramp_minus_uniform,0.5,4,22,0.010654880665242672,0.0319255031645298,-0.013166436925530434,0.03328946977853775,CI_includes_zero,14,8,0
canonical,AC_off,Mach,dark_ramp_minus_uniform,0.5,8,22,0.005344250705093145,0.01594570465385914,-0.006530932616442442,0.01663084886968136,CI_includes_zero,14,8,0
canonical,AC_off,Mach,dark_ramp_minus_uniform,0.5,12,22,0.0035626536700874567,0.010629971511662006,-0.004353509284555912,0.011086427606642246,CI_includes_zero,14,8,0
canonical,AC_off,Mach,dark_ramp_minus_uniform,0.5,16,22,0.00267192255705595,0.007972351275384426,-0.0032649587374180555,0.008314494043588638,CI_includes_zero,14,8,0
canonical,AC_off,SBC,bright_minus_dark,0.0,0,22,0.0,0.0,0.0,0.0,exact_zero,0,0,22
canonical,AC_off,SBC,bright_minus_dark,0.0,2,22,0.0,0.0,0.0,0.0,exact_zero,0,0,22
canonical,AC_off,SBC,bright_minus_dark,0.0,4,22,0.0,0.0,0.0,0.0,exact_zero,0,0,22
canonical,AC_off,SBC,bright_minus_dark,0.0,6,22,0.0,0.0,0.0,0.0,exact_zero,0,0,22
canonical,AC_off,SBC,bright_minus_dark,0.0,8,22,0.0,0.0,0.0,0.0,exact_zero,0,0,22
canonical,AC_off,SBC,bright_minus_dark,0.0625,0,22,0.0,0.0,0.0,0.0,exact_zero,0,0,22
canonical,AC_off,SBC,bright_minus_dark,0.0625,2,22,0.0003215717151761055,-0.00030161539325490594,-0.00033244240330532193,0.001142266672104597,CI_includes_zero,8,14,0
canonical,AC_off,SBC,bright_minus_dark,0.0625,4,22,0.0007060763309709728,-0.0006581783527508378,-0.0007337921997532248,0.002499959897249937,CI_includes_zero,8,14,0
canonical,AC_off,SBC,bright_minus_dark,0.0625,6,22,0.0007629751926288009,-0.0007151603931561112,-0.0007943392847664654,0.0026955814100801945,CI_includes_zero,8,14,0
canonical,AC_off,SBC,bright_minus_dark,0.0625,8,22,0.0007641618722118437,-0.0007159551023505628,-0.0007956185145303607,0.0026997614186257124,CI_includes_zero,8,14,0
canonical,AC_off,SBC,bright_minus_dark,0.125,0,22,0.0,0.0,0.0,0.0,exact_zero,0,0,22
canonical,AC_off,SBC,bright_minus_dark,0.125,2,22,0.0006431239889934659,-0.0006031831144355237,-0.0006648699636571109,0.0022844772320240736,CI_includes_zero,8,14,0
canonical,AC_off,SBC,bright_minus_dark,0.125,4,22,0.001412036712281406,-0.001316372537985444,-0.0014675819547846913,0.004999594297260046,CI_includes_zero,8,14,0
canonical,AC_off,SBC,bright_minus_dark,0.125,6,22,0.0015258361818268895,-0.0014302253257483244,-0.0015886496985331178,0.005390842445194721,CI_includes_zero,8,14,0
canonical,AC_off,SBC,bright_minus_dark,0.125,8,22,0.001528205699287355,-0.0014318784233182669,-0.0015912179369479418,0.005399182438850403,CI_includes_zero,8,14,0
canonical,AC_off,SBC,bright_minus_dark,0.25,0,22,0.0,0.0,0.0,0.0,exact_zero,0,0,22
canonical,AC_off,SBC,bright_minus_dark,0.25,2,22,0.001286158338189125,-0.0012063980102539062,-0.001329733058810234,0.004568719770759344,CI_includes_zero,8,14,0
canonical,AC_off,SBC,bright_minus_dark,0.25,4,22,0.0028236592188477516,-0.002632697345688939,-0.0029350770637392998,0.009998259134590626,CI_includes_zero,8,14,0
canonical,AC_off,SBC,bright_minus_dark,0.25,6,22,0.0030511824879795313,-0.002860418986529112,-0.003177216975018382,0.010780476965010166,CI_includes_zero,8,14,0
canonical,AC_off,SBC,bright_minus_dark,0.25,8,22,0.0030559198930859566,-0.0028638204094022512,-0.0031823625322431326,0.010796942748129368,CI_includes_zero,8,14,0
canonical,AC_off,SBC,bright_minus_dark,0.375,0,22,0.0,0.0,0.0,0.0,exact_zero,0,0,22
canonical,AC_off,SBC,bright_minus_dark,0.375,2,22,0.0019291044445708394,-0.001809581066481769,-0.001994590973481536,0.006852725520730019,CI_includes_zero,8,14,0
canonical,AC_off,SBC,bright_minus_dark,0.375,4,22,0.004234849940985441,-0.003949054051190615,-0.0044025215320289135,0.01499597541987896,CI_includes_zero,8,14,0
canonical,AC_off,SBC,bright_minus_dark,0.375,6,22,0.004576029255986214,-0.004290612414479256,-0.004765720572322607,0.016169006004929543,CI_includes_zero,8,14,0
canonical,AC_off,SBC,bright_minus_dark,0.375,8,22,0.004583144560456276,-0.00429560337215662,-0.004773422610014677,0.016193153336644173,CI_includes_zero,8,14,0
canonical,AC_off,SBC,bright_minus_dark,0.5,0,22,0.0,0.0,0.0,0.0,exact_zero,0,0,22
canonical,AC_off,SBC,bright_minus_dark,0.5,2,22,0.0025719618424773216,-0.002412780188024044,-0.0026594367809593678,0.009136493317782879,CI_includes_zero,8,14,0
canonical,AC_off,SBC,bright_minus_dark,0.5,4,22,0.0056456285528838634,-0.005265363026410341,-0.005869873333722353,0.01999276503920555,CI_includes_zero,8,14,0
canonical,AC_off,SBC,bright_minus_dark,0.5,6,22,0.006100383587181568,-0.005720869638025761,-0.006354153156280518,0.02155638486146927,CI_includes_zero,8,14,0
canonical,AC_off,SBC,bright_minus_dark,0.5,8,22,0.0061098854057490826,-0.0057273865677416325,-0.006364399567246437,0.021587880328297615,CI_includes_zero,8,14,0
canonical,H1_off,Mach,bright_ramp_minus_uniform,0.0,0,22,0.0,0.0,0.0,0.0,exact_zero,0,0,22
canonical,H1_off,Mach,bright_ramp_minus_uniform,0.0,2,22,0.0,0.0,0.0,0.0,exact_zero,0,0,22
canonical,H1_off,Mach,bright_ramp_minus_uniform,0.0,4,22,0.0,0.0,0.0,0.0,exact_zero,0,0,22
canonical,H1_off,Mach,bright_ramp_minus_uniform,0.0,8,22,0.0,0.0,0.0,0.0,exact_zero,0,0,22
canonical,H1_off,Mach,bright_ramp_minus_uniform,0.0,12,22,0.0,0.0,0.0,0.0,exact_zero,0,0,22
canonical,H1_off,Mach,bright_ramp_minus_uniform,0.0,16,22,0.0,0.0,0.0,0.0,exact_zero,0,0,22
canonical,H1_off,Mach,bright_ramp_minus_uniform,0.0625,0,22,0.0026202911976724863,0.003737290622666478,-0.00022159938816912472,0.005388100165873766,CI_includes_zero,14,8,0
canonical,H1_off,Mach,bright_ramp_minus_uniform,0.0625,2,22,0.00414404459297657,0.0030698219779878855,0.002375534037128091,0.006373240612447262,positive,21,1,0
canonical,H1_off,Mach,bright_ramp_minus_uniform,0.0625,4,22,0.0020719750318676233,0.0015349865425378084,0.001187790185213089,0.003186487127095461,positive,21,1,0
canonical,H1_off,Mach,bright_ramp_minus_uniform,0.0625,8,22,0.0010359720326960087,0.0007675011875107884,0.0005938948015682399,0.0015932134119793773,positive,21,1,0
canonical,H1_off,Mach,bright_ramp_minus_uniform,0.0625,12,22,0.0006906469352543354,0.0005116780521348119,0.0003959314781241119,0.0010621348628774285,positive,21,1,0
canonical,H1_off,Mach,bright_ramp_minus_uniform,0.0625,16,22,0.000517978856805712,0.0003837505937553942,0.0002969428023789078,0.000796593027189374,positive,21,1,0
canonical,H1_off,Mach,bright_ramp_minus_uniform,0.125,0,22,0.005239777732640505,0.007471958640962839,-0.000441212352598086,0.010772854089736938,CI_includes_zero,14,8,0
canonical,H1_off,Mach,bright_ramp_minus_uniform,0.125,2,22,0.008283832110464573,0.006139556411653757,0.0047488464042544365,0.012739215977489948,positive,21,1,0
canonical,H1_off,Mach,bright_ramp_minus_uniform,0.125,4,22,0.004141730722039938,0.0030701716896146536,0.002374463714659214,0.006369073409587145,positive,21,1,0
canonical,H1_off,Mach,bright_ramp_minus_uniform,0.125,8,22,0.002070812741294503,0.0015351057518273592,0.0011872310424223542,0.003184389555826783,positive,21,1,0
canonical,H1_off,Mach,bright_ramp_minus_uniform,0.125,12,22,0.0013805278576910496,0.001023411750793457,0.000791491474956274,0.0021228918340057135,positive,21,1,0
canonical,H1_off,Mach,bright_ramp_minus_uniform,0.125,16,22,0.0010353884426876903,0.0007675488595850766,0.0005936130764894187,0.0015921557787805796,positive,21,1,0
canonical,H1_off,Mach,bright_ramp_minus_uniform,0.25,0,22,0.010476316325366497,0.0149335702881217,-0.0008753237198106945,0.021532272920012474,CI_includes_zero,14,8,0
canonical,H1_off,Mach,bright_ramp_minus_uniform,0.25,2,22,0.016550647094845772,0.012278716079890728,0.009491972625255585,0.02545042335987091,positive,21,1,0
canonical,H1_off,Mach,bright_ramp_minus_uniform,0.25,4,22,0.008274586871266365,0.006140836048871279,0.004745804704725742,0.012722929008305073,positive,21,1,0
canonical,H1_off,Mach,bright_ramp_minus_uniform,0.25,8,22,0.004137080628424883,0.0030705691315233707,0.002372847404330969,0.006360811647027731,positive,21,1,0
canonical,H1_off,Mach,bright_ramp_minus_uniform,0.25,12,22,0.0027580002788454294,0.0020470540039241314,0.0015818678075447679,0.0042404234409332275,positive,21,1,0
canonical,H1_off,Mach,bright_ramp_minus_uniform,0.25,16,22,0.002068479545414448,0.0015352964401245117,0.0011863900581374764,0.0031802733428776264,positive,21,1,0
canonical,H1_off,Mach,bright_ramp_minus_uniform,0.375,0,22,0.015709616243839264,0.022384801879525185,-0.001302815042436123,0.032279983162879944,CI_includes_zero,14,8,0
canonical,H1_off,Mach,bright_ramp_minus_uniform,0.375,2,22,0.02480052225291729,0.01841738261282444,0.014224985614418983,0.03813738748431206,positive,21,1,0
canonical,H1_off,Mach,bright_ramp_minus_uniform,0.375,4,22,0.012398608960211277,0.009212088771164417,0.007112751714885235,0.019063442945480347,positive,21,1,0
canonical,H1_off,Mach,bright_ramp_minus_uniform,0.375,8,22,0.006198829039931297,0.004606342408806086,0.003556404961273074,0.009530337527394295,positive,21,1,0
canonical,H1_off,Mach,bright_ramp_minus_uniform,0.375,12,22,0.004132435657083988,0.0030708948615938425,0.0023709333036094904,0.006353236734867096,positive,21,1,0
canonical,H1_off,Mach,bright_ramp_minus_uniform,0.375,16,22,0.003099278314039111,0.002303179120644927,0.0017781986389309168,0.004764805547893047,positive,21,1,0
canonical,H1_off,Mach,bright_ramp_minus_uniform,0.5,0,22,0.020939640700817108,0.02982570417225361,-0.0017251343233510852,0.0430164635181427,CI_includes_zero,14,8,0
canonical,H1_off,Mach,bright_ramp_minus_uniform,0.5,2,22,0.03303350508213043,0.02455562725663185,0.018949389457702637,0.05078919976949692,positive,21,1,0
canonical,H1_off,Mach,bright_ramp_minus_uniform,0.5,4,22,0.016513820737600327,0.01228383369743824,0.00947587937116623,0.02538634091615677,positive,21,1,0
canonical,H1_off,Mach,bright_ramp_minus_uniform,0.5,8,22,0.008256063796579838,0.00614243745803833,0.004738097544759512,0.012690525501966476,positive,21,1,0
canonical,H1_off,Mach,bright_ramp_minus_uniform,0.5,12,22,0.005503832828253508,0.004094982054084539,0.003158738138154149,0.008459752425551414,positive,21,1,0
canonical,H1_off,Mach,bright_ramp_minus_uniform,0.5,16,22,0.004127795808017254,0.0030712247826159,0.0023690559901297092,0.006344588007777929,positive,21,1,0
canonical,H1_off,Mach,dark_ramp_minus_uniform,0.0,0,22,0.0,0.0,0.0,0.0,exact_zero,0,0,22
canonical,H1_off,Mach,dark_ramp_minus_uniform,0.0,2,22,0.0,0.0,0.0,0.0,exact_zero,0,0,22
canonical,H1_off,Mach,dark_ramp_minus_uniform,0.0,4,22,0.0,0.0,0.0,0.0,exact_zero,0,0,22
canonical,H1_off,Mach,dark_ramp_minus_uniform,0.0,8,22,0.0,0.0,0.0,0.0,exact_zero,0,0,22
canonical,H1_off,Mach,dark_ramp_minus_uniform,0.0,12,22,0.0,0.0,0.0,0.0,exact_zero,0,0,22
canonical,H1_off,Mach,dark_ramp_minus_uniform,0.0,16,22,0.0,0.0,0.0,0.0,exact_zero,0,0,22
canonical,H1_off,Mach,dark_ramp_minus_uniform,0.0625,0,22,-0.0056682974100112915,-0.0016696612583473325,-0.010877545922994614,-0.0009550307295285165,negative,9,13,0
canonical,H1_off,Mach,dark_ramp_minus_uniform,0.0625,2,22,-0.004144048318266869,-0.00312934722751379,-0.006373244803398848,-0.0023755368310958147,negative,1,21,0
canonical,H1_off,Mach,dark_ramp_minus_uniform,0.0625,4,22,-0.0020719757303595543,-0.0015646059764549136,-0.003186487127095461,-0.001187790185213089,negative,1,21,0
canonical,H1_off,Mach,dark_ramp_minus_uniform,0.0625,8,22,-0.0010359720326960087,-0.0007822870975360274,-0.001593212247826159,-0.0005938946851529181,negative,1,21,0
canonical,H1_off,Mach,dark_ramp_minus_uniform,0.0625,12,22,-0.0006906476919539273,-0.0005215287092141807,-0.001062135910615325,-0.00039593150722794235,negative,1,21,0
canonical,H1_off,Mach,dark_ramp_minus_uniform,0.0625,16,22,-0.0005179804284125566,-0.00039114156970754266,-0.0007965952972881496,-0.000296944344881922,negative,1,21,0
canonical,H1_off,Mach,dark_ramp_minus_uniform,0.125,0,22,-0.011329871602356434,-0.0033382137771695852,-0.02174222841858864,-0.0019092820584774017,negative,9,13,0
canonical,H1_off,Mach,dark_ramp_minus_uniform,0.125,2,22,-0.008283832110464573,-0.006255483720451593,-0.012739215977489948,-0.004748843610286713,negative,1,21,0
canonical,H1_off,Mach,dark_ramp_minus_uniform,0.125,4,22,-0.004141732584685087,-0.003127495525404811,-0.006369073409587145,-0.002374464413151145,negative,1,21,0
canonical,H1_off,Mach,dark_ramp_minus_uniform,0.125,8,22,-0.0020708106458187103,-0.0015637039905413985,-0.003184386296197772,-0.0011872297618538141,negative,1,21,0
canonical,H1_off,Mach,dark_ramp_minus_uniform,0.125,12,22,-0.0013805273920297623,-0.0010424534557387233,-0.0021228932309895754,-0.0007914889138191938,negative,1,21,0
canonical,H1_off,Mach,dark_ramp_minus_uniform,0.125,16,22,-0.001035388675518334,-0.0007818380836397409,-0.0015921576414257288,-0.000593612203374505,negative,1,21,0
canonical,H1_off,Mach,dark_ramp_minus_uniform,0.25,0,22,-0.0226329043507576,-0.0066720605827867985,-0.04343947768211365,-0.00380849395878613,negative,9,13,0
canonical,H1_off,Mach,dark_ramp_minus_uniform,0.25,2,22,-0.01655065268278122,-0.012498116120696068,-0.025450415909290314,-0.009491968899965286,negative,1,21,0
canonical,H1_off,Mach,dark_ramp_minus_uniform,0.25,4,22,-0.00827458780258894,-0.0062480769120156765,-0.012722929008305073,-0.0047458079643547535,negative,1,21,0
canonical,H1_off,Mach,dark_ramp_minus_uniform,0.25,8,22,-0.004137079697102308,-0.0031238000374287367,-0.006360807456076145,-0.0023728448431938887,negative,1,21,0
canonical,H1_off,Mach,dark_ramp_minus_uniform,0.25,12,22,-0.0027580002788454294,-0.0020824710372835398,-0.004240420646965504,-0.0015818701358512044,negative,1,21,0
canonical,H1_off,Mach,dark_ramp_minus_uniform,0.25,16,22,-0.0020684783812612295,-0.001561844372190535,-0.003180270316079259,-0.0011863914551213384,negative,1,21,0
canonical,H1_off,Mach,dark_ramp_minus_uniform,0.375,0,22,-0.03390919417142868,-0.010001524351537228,-0.06508331745862961,-0.0057018818333745,negative,9,13,0
canonical,H1_off,Mach,dark_ramp_minus_uniform,0.375,2,22,-0.024800525978207588,-0.018727947026491165,-0.038137394934892654,-0.014224986545741558,negative,1,21,0
canonical,H1_off,Mach,dark_ramp_minus_uniform,0.375,4,22,-0.012398608960211277,-0.009361819364130497,-0.019063446670770645,-0.007112747058272362,negative,1,21,0
canonical,H1_off,Mach,dark_ramp_minus_uniform,0.375,8,22,-0.006198827642947435,-0.004680387210100889,-0.009530329145491123,-0.003556402400135994,negative,1,21,0
canonical,H1_off,Mach,dark_ramp_minus_uniform,0.375,12,22,-0.004132436588406563,-0.003120124340057373,-0.006353235803544521,-0.002370930276811123,negative,1,21,0
canonical,H1_off,Mach,dark_ramp_minus_uniform,0.375,16,22,-0.0030992813408374786,-0.0023400625213980675,-0.004764804616570473,-0.0017781994538381696,negative,1,21,0
canonical,H1_off,Mach,dark_ramp_minus_uniform,0.5,0,22,-0.04515886306762695,-0.013326620683073997,-0.0866708904504776,-0.007595731411129236,negative,9,13,0
canonical,H1_off,Mach,dark_ramp_minus_uniform,0.5,2,22,-0.03303350508213043,-0.024944936856627464,-0.050789181143045425,-0.01894938200712204,negative,1,21,0
canonical,H1_off,Mach,dark_ramp_minus_uniform,0.5,4,22,-0.016513817012310028,-0.012468616478145123,-0.025386326014995575,-0.009475869126617908,negative,1,21,0
canonical,H1_off,Mach,dark_ramp_minus_uniform,0.5,8,22,-0.00825606007128954,-0.006233374122530222,-0.012690519914031029,-0.004738094285130501,negative,1,21,0
canonical,H1_off,Mach,dark_ramp_minus_uniform,0.5,12,22,-0.005503833293914795,-0.004155359696596861,-0.008459748700261116,-0.0031587372068315744,negative,1,21,0
canonical,H1_off,Mach,dark_ramp_minus_uniform,0.5,16,22,-0.004127796273678541,-0.0031164526008069515,-0.006344584748148918,-0.0023690564557909966,negative,1,21,0
canonical,H1_off,SBC,bright_minus_dark,0.0,0,22,0.0,0.0,0.0,0.0,exact_zero,0,0,22
canonical,H1_off,SBC,bright_minus_dark,0.0,2,22,0.0,0.0,0.0,0.0,exact_zero,0,0,22
canonical,H1_off,SBC,bright_minus_dark,0.0,4,22,0.0,0.0,0.0,0.0,exact_zero,0,0,22
canonical,H1_off,SBC,bright_minus_dark,0.0,6,22,0.0,0.0,0.0,0.0,exact_zero,0,0,22
canonical,H1_off,SBC,bright_minus_dark,0.0,8,22,0.0,0.0,0.0,0.0,exact_zero,0,0,22
canonical,H1_off,SBC,bright_minus_dark,0.0625,0,22,0.0,0.0,0.0,0.0,exact_zero,0,0,22
canonical,H1_off,SBC,bright_minus_dark,0.0625,2,22,-0.01048088725656271,-0.017751438543200493,-0.02155373990535736,0.0008906046859920025,CI_includes_zero,8,14,0
canonical,H1_off,SBC,bright_minus_dark,0.0625,4,22,-0.01048088725656271,-0.017751438543200493,-0.02155373990535736,0.0008906046859920025,CI_includes_zero,8,14,0
canonical,H1_off,SBC,bright_minus_dark,0.0625,6,22,-0.01048088725656271,-0.017751438543200493,-0.02155373990535736,0.0008906046859920025,CI_includes_zero,8,14,0
canonical,H1_off,SBC,bright_minus_dark,0.0625,8,22,-0.01048088725656271,-0.017751438543200493,-0.02155373990535736,0.0008906046859920025,CI_includes_zero,8,14,0
canonical,H1_off,SBC,bright_minus_dark,0.125,0,22,0.0,0.0,0.0,0.0,exact_zero,0,0,22
canonical,H1_off,SBC,bright_minus_dark,0.125,2,22,-0.02095796726644039,-0.03550009801983833,-0.043099671602249146,0.0017816832987591624,CI_includes_zero,8,14,0
canonical,H1_off,SBC,bright_minus_dark,0.125,4,22,-0.02095796726644039,-0.03550009801983833,-0.043099671602249146,0.0017816832987591624,CI_includes_zero,8,14,0
canonical,H1_off,SBC,bright_minus_dark,0.125,6,22,-0.02095796726644039,-0.03550009801983833,-0.043099671602249146,0.0017816832987591624,CI_includes_zero,8,14,0
canonical,H1_off,SBC,bright_minus_dark,0.125,8,22,-0.02095796726644039,-0.03550009801983833,-0.043099671602249146,0.0017816832987591624,CI_includes_zero,8,14,0
canonical,H1_off,SBC,bright_minus_dark,0.25,0,22,0.0,0.0,0.0,0.0,exact_zero,0,0,22
canonical,H1_off,SBC,bright_minus_dark,0.25,2,22,-0.041900720447301865,-0.07098914682865143,-0.08616809546947479,0.0035651703365147114,CI_includes_zero,8,14,0
canonical,H1_off,SBC,bright_minus_dark,0.25,4,22,-0.041900720447301865,-0.07098914682865143,-0.08616809546947479,0.0035651703365147114,CI_includes_zero,8,14,0
canonical,H1_off,SBC,bright_minus_dark,0.25,6,22,-0.041900720447301865,-0.07098914682865143,-0.08616809546947479,0.0035651703365147114,CI_includes_zero,8,14,0
canonical,H1_off,SBC,bright_minus_dark,0.25,8,22,-0.041900720447301865,-0.07098914682865143,-0.08616809546947479,0.0035651703365147114,CI_includes_zero,8,14,0
canonical,H1_off,SBC,bright_minus_dark,0.375,0,22,0.0,0.0,0.0,0.0,exact_zero,0,0,22
canonical,H1_off,SBC,bright_minus_dark,0.375,2,22,-0.06282828748226166,-0.106467105448246,-0.1292017102241516,0.005350008141249418,CI_includes_zero,8,14,0
canonical,H1_off,SBC,bright_minus_dark,0.375,4,22,-0.06282828748226166,-0.106467105448246,-0.1292017102241516,0.005350008141249418,CI_includes_zero,8,14,0
canonical,H1_off,SBC,bright_minus_dark,0.375,6,22,-0.06282828748226166,-0.106467105448246,-0.1292017102241516,0.005350008141249418,CI_includes_zero,8,14,0
canonical,H1_off,SBC,bright_minus_dark,0.375,8,22,-0.06282828748226166,-0.106467105448246,-0.1292017102241516,0.005350008141249418,CI_includes_zero,8,14,0
canonical,H1_off,SBC,bright_minus_dark,0.5,0,22,0.0,0.0,0.0,0.0,exact_zero,0,0,22
canonical,H1_off,SBC,bright_minus_dark,0.5,2,22,-0.08374067395925522,-0.14193406701087952,-0.17220520973205566,0.007136346306651831,CI_includes_zero,8,14,0
canonical,H1_off,SBC,bright_minus_dark,0.5,4,22,-0.08374067395925522,-0.14193406701087952,-0.17220520973205566,0.007136346306651831,CI_includes_zero,8,14,0
canonical,H1_off,SBC,bright_minus_dark,0.5,6,22,-0.08374067395925522,-0.14193406701087952,-0.17220520973205566,0.007136346306651831,CI_includes_zero,8,14,0
canonical,H1_off,SBC,bright_minus_dark,0.5,8,22,-0.08374067395925522,-0.14193406701087952,-0.17220520973205566,0.007136346306651831,CI_includes_zero,8,14,0
canonical,direct_BC_off,Mach,bright_ramp_minus_uniform,0.0,0,22,0.0,0.0,0.0,0.0,exact_zero,0,0,22
canonical,direct_BC_off,Mach,bright_ramp_minus_uniform,0.0,2,22,0.0,0.0,0.0,0.0,exact_zero,0,0,22
canonical,direct_BC_off,Mach,bright_ramp_minus_uniform,0.0,4,22,0.0,0.0,0.0,0.0,exact_zero,0,0,22
canonical,direct_BC_off,Mach,bright_ramp_minus_uniform,0.0,8,22,0.0,0.0,0.0,0.0,exact_zero,0,0,22
canonical,direct_BC_off,Mach,bright_ramp_minus_uniform,0.0,12,22,0.0,0.0,0.0,0.0,exact_zero,0,0,22
canonical,direct_BC_off,Mach,bright_ramp_minus_uniform,0.0,16,22,0.0,0.0,0.0,0.0,exact_zero,0,0,22
canonical,direct_BC_off,Mach,bright_ramp_minus_uniform,0.0625,0,22,0.0026231207884848118,0.0035708744544535875,-4.479109338717535e-05,0.005224649328738451,CI_includes_zero,14,8,0
canonical,direct_BC_off,Mach,bright_ramp_minus_uniform,0.0625,2,22,0.006400843150913715,0.010819355957210064,0.0002649823436513543,0.012328275479376316,positive,14,8,0
canonical,direct_BC_off,Mach,bright_ramp_minus_uniform,0.0625,4,22,0.003200880251824856,0.005378420930355787,0.00016668530588503927,0.006131676957011223,positive,14,8,0
canonical,direct_BC_off,Mach,bright_ramp_minus_uniform,0.0625,8,22,0.0016003914643079042,0.0026870567817240953,8.566876203985885e-05,0.003063536947593093,positive,14,8,0
canonical,direct_BC_off,Mach,bright_ramp_minus_uniform,0.0625,12,22,0.0010669119656085968,0.0017913579940795898,5.7106371968984604e-05,0.0020423298701643944,positive,14,8,0
canonical,direct_BC_off,Mach,bright_ramp_minus_uniform,0.0625,16,22,0.000800177629571408,0.0013435204746201634,4.2830928578041494e-05,0.0015317355282604694,positive,14,8,0
canonical,direct_BC_off,Mach,bright_ramp_minus_uniform,0.125,0,22,0.005241792183369398,0.007138172630220652,-9.076823334908113e-05,0.010441066697239876,CI_includes_zero,14,8,0
canonical,direct_BC_off,Mach,bright_ramp_minus_uniform,0.125,2,22,0.012792235240340233,0.021629270166158676,0.0005276445299386978,0.024639727547764778,positive,14,8,0
canonical,direct_BC_off,Mach,bright_ramp_minus_uniform,0.125,4,22,0.0063964189030230045,0.01075162086635828,0.0003313537163194269,0.012253736145794392,positive,14,8,0
canonical,direct_BC_off,Mach,bright_ramp_minus_uniform,0.125,8,22,0.0031979612540453672,0.005371379666030407,0.00017067814769688994,0.0061220997013151646,positive,14,8,0
canonical,direct_BC_off,Mach,bright_ramp_minus_uniform,0.125,12,22,0.0021319070365279913,0.0035808563698083162,0.00011377465853001922,0.004081266932189465,positive,14,8,0
canonical,direct_BC_off,Mach,bright_ramp_minus_uniform,0.125,16,22,0.0015988993691280484,0.00268563418649137,8.531605271855369e-05,0.003060891292989254,positive,14,8,0
canonical,direct_BC_off,Mach,bright_ramp_minus_uniform,0.25,0,22,0.010465835221111774,0.014262120239436626,-0.0001862862118287012,0.02084939554333687,CI_includes_zero,14,8,0
canonical,direct_BC_off,Mach,bright_ramp_minus_uniform,0.25,2,22,0.025546757504343987,0.04322092607617378,0.0010435156291350722,0.04921562969684601,positive,14,8,0
canonical,direct_BC_off,Mach,bright_ramp_minus_uniform,0.25,4,22,0.01277154590934515,0.02148248441517353,0.0006584221846424043,0.024470064789056778,positive,14,8,0
canonical,direct_BC_off,Mach,bright_ramp_minus_uniform,0.25,8,22,0.006384671200066805,0.010731847956776619,0.00033839643583633006,0.012224547564983368,positive,14,8,0
canonical,direct_BC_off,Mach,bright_ramp_minus_uniform,0.25,12,22,0.0042561739683151245,0.007154361344873905,0.0002255454019177705,0.008149208500981331,positive,14,8,0
canonical,direct_BC_off,Mach,bright_ramp_minus_uniform,0.25,16,22,0.003192025236785412,0.005365673918277025,0.00016913816216401756,0.006111718248575926,positive,14,8,0
canonical,direct_BC_off,Mach,bright_ramp_minus_uniform,0.375,0,22,0.01567218452692032,0.02137180231511593,-0.00028322372236289084,0.031227443367242813,CI_includes_zero,14,8,0
canonical,direct_BC_off,Mach,bright_ramp_minus_uniform,0.375,2,22,0.038263704627752304,0.06477506458759308,0.0015555762220174074,0.07372258603572845,positive,14,8,0
canonical,direct_BC_off,Mach,bright_ramp_minus_uniform,0.375,4,22,0.019125482067465782,0.03219258040189743,0.000978918862529099,0.03664976730942726,positive,14,8,0
canonical,direct_BC_off,Mach,bright_ramp_minus_uniform,0.375,8,22,0.009560161270201206,0.01608145982027054,0.0005052597844041884,0.018306804820895195,positive,14,8,0
canonical,direct_BC_off,Mach,bright_ramp_minus_uniform,0.375,12,22,0.00637282757088542,0.010720443911850452,0.00033679488115012646,0.012203436344861984,positive,14,8,0
canonical,direct_BC_off,Mach,bright_ramp_minus_uniform,0.375,16,22,0.004779386799782515,0.008040133863687515,0.0002525717718526721,0.009152150712907314,positive,14,8,0
canonical,direct_BC_off,Mach,bright_ramp_minus_uniform,0.5,0,22,0.020860955119132996,0.028467416763305664,-0.0003856025286950171,0.041573092341423035,CI_includes_zero,14,8,0
canonical,direct_BC_off,Mach,bright_ramp_minus_uniform,0.5,2,22,0.050943244248628616,0.0862918570637703,0.002055762568488717,0.09816689789295197,positive,14,8,0
canonical,direct_BC_off,Mach,bright_ramp_minus_uniform,0.5,4,22,0.025458313524723053,0.04288209229707718,0.001297377748414874,0.04879232123494148,positive,14,8,0
canonical,direct_BC_off,Mach,bright_ramp_minus_uniform,0.5,8,22,0.012724515050649643,0.021420279517769814,0.0006683970568701625,0.02436923421919346,positive,14,8,0
canonical,direct_BC_off,Mach,bright_ramp_minus_uniform,0.5,12,22,0.008481916040182114,0.01427927054464817,0.0004452770808711648,0.016244199126958847,positive,14,8,0
canonical,direct_BC_off,Mach,bright_ramp_minus_uniform,0.5,16,22,0.006361027248203754,0.010709119029343128,0.0003338371170684695,0.012182407081127167,positive,14,8,0
canonical,direct_BC_off,Mach,dark_ramp_minus_uniform,0.0,0,22,0.0,0.0,0.0,0.0,exact_zero,0,0,22
canonical,direct_BC_off,Mach,dark_ramp_minus_uniform,0.0,2,22,0.0,0.0,0.0,0.0,exact_zero,0,0,22
canonical,direct_BC_off,Mach,dark_ramp_minus_uniform,0.0,4,22,0.0,0.0,0.0,0.0,exact_zero,0,0,22
canonical,direct_BC_off,Mach,dark_ramp_minus_uniform,0.0,8,22,0.0,0.0,0.0,0.0,exact_zero,0,0,22
canonical,direct_BC_off,Mach,dark_ramp_minus_uniform,0.0,12,22,0.0,0.0,0.0,0.0,exact_zero,0,0,22
canonical,direct_BC_off,Mach,dark_ramp_minus_uniform,0.0,16,22,0.0,0.0,0.0,0.0,exact_zero,0,0,22
canonical,direct_BC_off,Mach,dark_ramp_minus_uniform,0.0625,0,22,-0.010179421864449978,-0.020907752215862274,-0.01951070874929428,-0.0005339132039807737,negative,8,14,0
canonical,direct_BC_off,Mach,dark_ramp_minus_uniform,0.0625,2,22,-0.006400844547897577,-0.012811843305826187,-0.012328274548053741,-0.00026498216902837157,negative,8,14,0
canonical,direct_BC_off,Mach,dark_ramp_minus_uniform,0.0625,4,22,-0.0032008790876716375,-0.006374184507876635,-0.006131674628704786,-0.00016668274474795908,negative,8,14,0
canonical,direct_BC_off,Mach,dark_ramp_minus_uniform,0.0625,8,22,-0.001600391697138548,-0.0031848112121224403,-0.0030635374132543802,-8.566866745240986e-05,negative,8,14,0
canonical,direct_BC_off,Mach,dark_ramp_minus_uniform,0.0625,12,22,-0.001066911849193275,-0.002123165177181363,-0.002042330801486969,-5.7104971347143874e-05,negative,8,14,0
canonical,direct_BC_off,Mach,dark_ramp_minus_uniform,0.0625,16,22,-0.0008001774549484253,-0.0015923659084364772,-0.0015317354118451476,-4.2830637539736927e-05,negative,8,14,0
canonical,direct_BC_off,Mach,dark_ramp_minus_uniform,0.125,0,22,-0.02034611627459526,-0.04179755970835686,-0.0390009805560112,-0.0010642422130331397,negative,8,14,0
canonical,direct_BC_off,Mach,dark_ramp_minus_uniform,0.125,2,22,-0.012792233377695084,-0.025610756129026413,-0.02463972195982933,-0.0005276357987895608,negative,8,14,0
canonical,direct_BC_off,Mach,dark_ramp_minus_uniform,0.125,4,22,-0.006396419834345579,-0.012741104699671268,-0.012253733351826668,-0.0003313511551823467,negative,8,14,0
canonical,direct_BC_off,Mach,dark_ramp_minus_uniform,0.125,8,22,-0.003197962883859873,-0.006365783978253603,-0.0061220997013151646,-0.00017067967564798892,negative,8,14,0
canonical,direct_BC_off,Mach,dark_ramp_minus_uniform,0.125,12,22,-0.0021319061052054167,-0.004243771079927683,-0.004081264603883028,-0.00011377198825357482,negative,8,14,0
canonical,direct_BC_off,Mach,dark_ramp_minus_uniform,0.125,16,22,-0.0015989021630957723,-0.003182800719514489,-0.0030608950182795525,-8.531891944585368e-05,negative,8,14,0
canonical,direct_BC_off,Mach,dark_ramp_minus_uniform,0.25,0,22,-0.04064140468835831,-0.08352337032556534,-0.07791409641504288,-0.0021148603409528732,negative,8,14,0
canonical,direct_BC_off,Mach,dark_ramp_minus_uniform,0.25,2,22,-0.025546759366989136,-0.05116977542638779,-0.04921562597155571,-0.001043511787429452,negative,8,14,0
canonical,direct_BC_off,Mach,dark_ramp_minus_uniform,0.25,4,22,-0.01277154590934515,-0.02545339986681938,-0.02447005920112133,-0.0006584061775356531,negative,8,14,0
canonical,direct_BC_off,Mach,dark_ramp_minus_uniform,0.25,8,22,-0.006384669337421656,-0.012716428376734257,-0.012224546633660793,-0.0003383943985681981,negative,8,14,0
canonical,direct_BC_off,Mach,dark_ramp_minus_uniform,0.25,12,22,-0.0042561739683151245,-0.008477290160953999,-0.008149205707013607,-0.0002255450381198898,negative,8,14,0
canonical,direct_BC_off,Mach,dark_ramp_minus_uniform,0.25,16,22,-0.003192027797922492,-0.0063578286208212376,-0.00611172104254365,-0.00016914063598960638,negative,8,14,0
canonical,direct_BC_off,Mach,dark_ramp_minus_uniform,0.375,0,22,-0.06088604778051376,-0.1251775473356247,-0.11674051731824875,-0.0031606785487383604,negative,8,14,0
canonical,direct_BC_off,Mach,dark_ramp_minus_uniform,0.375,2,22,-0.038263704627752304,-0.0766771137714386,-0.07372257858514786,-0.001555577851831913,negative,8,14,0
canonical,direct_BC_off,Mach,dark_ramp_minus_uniform,0.375,4,22,-0.019125478342175484,-0.038136910647153854,-0.03664976358413696,-0.0009789103642106056,negative,8,14,0
canonical,direct_BC_off,Mach,dark_ramp_minus_uniform,0.375,8,22,-0.009560158476233482,-0.019051916897296906,-0.018306801095604897,-0.0005052444175817072,negative,8,14,0
canonical,direct_BC_off,Mach,dark_ramp_minus_uniform,0.375,12,22,-0.006372824311256409,-0.012700501829385757,-0.012203427031636238,-0.0003367812023498118,negative,8,14,0
canonical,direct_BC_off,Mach,dark_ramp_minus_uniform,0.375,16,22,-0.004779385402798653,-0.009525100700557232,-0.009152148850262165,-0.00025256522349081933,negative,8,14,0
canonical,direct_BC_off,Mach,dark_ramp_minus_uniform,0.5,0,22,-0.08108022809028625,-0.1667603850364685,-0.1554747223854065,-0.004198584705591202,negative,8,14,0
canonical,direct_BC_off,Mach,dark_ramp_minus_uniform,0.5,2,22,-0.050943244248628616,-0.10213300585746765,-0.09816689044237137,-0.0020557374227792025,negative,8,14,0
canonical,direct_BC_off,Mach,dark_ramp_minus_uniform,0.5,4,22,-0.0254583191126585,-0.05079178139567375,-0.048792317509651184,-0.0012973606353625655,negative,8,14,0
canonical,direct_BC_off,Mach,dark_ramp_minus_uniform,0.5,8,22,-0.012724513188004494,-0.025372346863150597,-0.02436923049390316,-0.0006683722021989524,negative,8,14,0
canonical,direct_BC_off,Mach,dark_ramp_minus_uniform,0.5,12,22,-0.008481919765472412,-0.016913549974560738,-0.0162441935390234,-0.0004452682042028755,negative,8,14,0
canonical,direct_BC_off,Mach,dark_ramp_minus_uniform,0.5,16,22,-0.006361028645187616,-0.012684639543294907,-0.012182408943772316,-0.0003338308888487518,negative,8,14,0
canonical,direct_BC_off,SBC,bright_minus_dark,0.0,0,22,0.0,0.0,0.0,0.0,exact_zero,0,0,22
canonical,direct_BC_off,SBC,bright_minus_dark,0.0,2,22,0.0,0.0,0.0,0.0,exact_zero,0,0,22
canonical,direct_BC_off,SBC,bright_minus_dark,0.0,4,22,0.0,0.0,0.0,0.0,exact_zero,0,0,22
canonical,direct_BC_off,SBC,bright_minus_dark,0.0,6,22,0.0,0.0,0.0,0.0,exact_zero,0,0,22
canonical,direct_BC_off,SBC,bright_minus_dark,0.0,8,22,0.0,0.0,0.0,0.0,exact_zero,0,0,22
canonical,direct_BC_off,SBC,bright_minus_dark,0.0625,0,22,0.0,0.0,0.0,0.0,exact_zero,0,0,22
canonical,direct_BC_off,SBC,bright_minus_dark,0.0625,2,22,-0.010487216524779797,-0.017501402646303177,-0.021375205367803574,0.0006807277677580714,CI_includes_zero,8,14,0
canonical,direct_BC_off,SBC,bright_minus_dark,0.0625,4,22,-0.01049444917589426,-0.017176484689116478,-0.021132735535502434,0.00040829688077792525,CI_includes_zero,8,14,0
canonical,direct_BC_off,SBC,bright_minus_dark,0.0625,6,22,-0.010495323687791824,-0.017115147784352303,-0.02108028158545494,0.0003499376471154392,CI_includes_zero,8,14,0
canonical,direct_BC_off,SBC,bright_minus_dark,0.0625,8,22,-0.010495319962501526,-0.01711241342127323,-0.02107769064605236,0.000345655222190544,CI_includes_zero,8,14,0
canonical,direct_BC_off,SBC,bright_minus_dark,0.125,0,22,0.0,0.0,0.0,0.0,exact_zero,0,0,22
canonical,direct_BC_off,SBC,bright_minus_dark,0.125,2,22,-0.020970677956938744,-0.03500010073184967,-0.04274234548211098,0.0013615129282698035,CI_includes_zero,8,14,0
canonical,direct_BC_off,SBC,bright_minus_dark,0.125,4,22,-0.02098519168794155,-0.034350428730249405,-0.042258232831954956,0.0008174182148650289,CI_includes_zero,8,14,0
canonical,direct_BC_off,SBC,bright_minus_dark,0.125,6,22,-0.02098696678876877,-0.034227799624204636,-0.04215267300605774,0.0007008514949120581,CI_includes_zero,8,14,0
canonical,direct_BC_off,SBC,bright_minus_dark,0.125,8,22,-0.02098696678876877,-0.034222301095724106,-0.04214824363589287,0.0006918896688148379,CI_includes_zero,8,14,0
canonical,direct_BC_off,SBC,bright_minus_dark,0.25,0,22,0.0,0.0,0.0,0.0,exact_zero,0,0,22
canonical,direct_BC_off,SBC,bright_minus_dark,0.25,2,22,-0.0419263131916523,-0.06998948752880096,-0.08545543998479843,0.00272614904679358,CI_includes_zero,8,14,0
canonical,direct_BC_off,SBC,bright_minus_dark,0.25,4,22,-0.04195559397339821,-0.06869050860404968,-0.08448752760887146,0.0016369217773899436,CI_includes_zero,8,14,0
canonical,direct_BC_off,SBC,bright_minus_dark,0.25,6,22,-0.041959211230278015,-0.06844528764486313,-0.08427481353282928,0.0014056049985811114,CI_includes_zero,8,14,0
canonical,direct_BC_off,SBC,bright_minus_dark,0.25,8,22,-0.04195920005440712,-0.06843437999486923,-0.08426795154809952,0.001385678886435926,CI_includes_zero,8,14,0
canonical,direct_BC_off,SBC,bright_minus_dark,0.375,0,22,0.0,0.0,0.0,0.0,exact_zero,0,0,22
canonical,direct_BC_off,SBC,bright_minus_dark,0.375,2,22,-0.0628669261932373,-0.1049681007862091,-0.1281398981809616,0.0040880171582102776,CI_includes_zero,8,14,0
canonical,direct_BC_off,SBC,bright_minus_dark,0.375,4,22,-0.06291122734546661,-0.10302023589611053,-0.12668772041797638,0.0024556440766900778,CI_includes_zero,8,14,0
canonical,direct_BC_off,SBC,bright_minus_dark,0.375,6,22,-0.06291674822568893,-0.10265256464481354,-0.12636937201023102,0.002110907807946205,CI_includes_zero,8,14,0
canonical,direct_BC_off,SBC,bright_minus_dark,0.375,8,22,-0.06291673332452774,-0.10263616591691971,-0.1263597011566162,0.00208157766610384,CI_includes_zero,8,14,0
canonical,direct_BC_off,SBC,bright_minus_dark,0.5,0,22,0.0,0.0,0.0,0.0,exact_zero,0,0,22
canonical,direct_BC_off,SBC,bright_minus_dark,0.5,2,22,-0.0837925374507904,-0.13993598520755768,-0.17079557478427887,0.005449729505926371,CI_includes_zero,8,14,0
canonical,direct_BC_off,SBC,bright_minus_dark,0.5,4,22,-0.0838521271944046,-0.13733963668346405,-0.16885879635810852,0.00327743380330503,CI_includes_zero,8,14,0
canonical,direct_BC_off,SBC,bright_minus_dark,0.5,6,22,-0.08385959267616272,-0.13684958219528198,-0.1684356927871704,0.002817247062921524,CI_includes_zero,8,14,0
canonical,direct_BC_off,SBC,bright_minus_dark,0.5,8,22,-0.08385957777500153,-0.1368277221918106,-0.16842201352119446,0.002778393216431141,CI_includes_zero,8,14,0
canonical,normal,Mach,bright_ramp_minus_uniform,0.0,0,22,0.0,0.0,0.0,0.0,exact_zero,0,0,22
canonical,normal,Mach,bright_ramp_minus_uniform,0.0,2,22,0.0,0.0,0.0,0.0,exact_zero,0,0,22
canonical,normal,Mach,bright_ramp_minus_uniform,0.0,4,22,0.0,0.0,0.0,0.0,exact_zero,0,0,22
canonical,normal,Mach,bright_ramp_minus_uniform,0.0,8,22,0.0,0.0,0.0,0.0,exact_zero,0,0,22
canonical,normal,Mach,bright_ramp_minus_uniform,0.0,12,22,0.0,0.0,0.0,0.0,exact_zero,0,0,22
canonical,normal,Mach,bright_ramp_minus_uniform,0.0,16,22,0.0,0.0,0.0,0.0,exact_zero,0,0,22
canonical,normal,Mach,bright_ramp_minus_uniform,0.0625,0,22,0.0023753209970891476,0.0038943132385611534,-0.000690440705511719,0.005353814456611872,CI_includes_zero,14,8,0
canonical,normal,Mach,bright_ramp_minus_uniform,0.0625,2,22,0.0038149722386151552,0.0021657070610672235,0.002084999345242977,0.006006907671689987,positive,20,2,0
canonical,normal,Mach,bright_ramp_minus_uniform,0.0625,4,22,0.0018651783466339111,0.0011062542907893658,0.0009924389887601137,0.002964829560369253,positive,19,3,0
canonical,normal,Mach,bright_ramp_minus_uniform,0.0625,8,22,0.0009303892147727311,0.0005536397220566869,0.0004939244827255607,0.001480372273363173,positive,19,3,0
canonical,normal,Mach,bright_ramp_minus_uniform,0.0625,12,22,0.0006202612421475351,0.0003691196325235069,0.0003292846668045968,0.0009869146160781384,positive,19,3,0
canonical,normal,Mach,bright_ramp_minus_uniform,0.0625,16,22,0.00046519419993273914,0.00027682780637405813,0.0002469618630129844,0.0007401834591291845,positive,19,3,0
canonical,normal,Mach,bright_ramp_minus_uniform,0.125,0,22,0.004750169813632965,0.007785963825881481,-0.001379220513626933,0.01070435717701912,CI_includes_zero,14,8,0
canonical,normal,Mach,bright_ramp_minus_uniform,0.125,2,22,0.007626236882060766,0.00433000735938549,0.004168807994574308,0.012007981538772583,positive,20,2,0
canonical,normal,Mach,bright_ramp_minus_uniform,0.125,4,22,0.003728487528860569,0.0022118170745670795,0.0019840565510094166,0.005926774349063635,positive,19,3,0
canonical,normal,Mach,bright_ramp_minus_uniform,0.125,8,22,0.0018598244059830904,0.0011069535976275802,0.0009875122923403978,0.002959039295092225,positive,19,3,0
canonical,normal,Mach,bright_ramp_minus_uniform,0.125,12,22,0.0012398699764162302,0.0007379770395345986,0.0006583415088243783,0.001972670666873455,positive,19,3,0
canonical,normal,Mach,bright_ramp_minus_uniform,0.125,16,22,0.0009298998629674315,0.0005534887313842773,0.0004937563207931817,0.0014794946182519197,positive,19,3,0
canonical,normal,Mach,bright_ramp_minus_uniform,0.25,0,22,0.00949846301227808,0.015561278909444809,-0.0027514530811458826,0.02139623835682869,CI_includes_zero,14,8,0
canonical,normal,Mach,bright_ramp_minus_uniform,0.25,2,22,0.015237689949572086,0.00865443516522646,0.008331744000315666,0.023989727720618248,positive,20,2,0
canonical,normal,Mach,bright_ramp_minus_uniform,0.25,4,22,0.007449504919350147,0.0044209640473127365,0.0039647421799600124,0.011841293424367905,positive,19,3,0
canonical,normal,Mach,bright_ramp_minus_uniform,0.25,8,22,0.0037158348131924868,0.0022126436233520508,0.0019736599642783403,0.005912059918045998,positive,19,3,0
canonical,normal,Mach,bright_ramp_minus_uniform,0.25,12,22,0.0024771823082119226,0.0014751196140423417,0.0013157775392755866,0.003941261675208807,positive,19,3,0
canonical,normal,Mach,bright_ramp_minus_uniform,0.25,16,22,0.0018578663002699614,0.0011063417186960578,0.0009868273045867682,0.0029559012036770582,positive,19,3,0
canonical,normal,Mach,bright_ramp_minus_uniform,0.375,0,22,0.01424484234303236,0.02332591637969017,-0.004114147741347551,0.03207524120807648,CI_includes_zero,14,8,0
canonical,normal,Mach,bright_ramp_minus_uniform,0.375,2,22,0.022834403440356255,0.012973280623555183,0.012488937936723232,0.0359504260122776,positive,20,2,0
canonical,normal,Mach,bright_ramp_minus_uniform,0.375,4,22,0.01116307731717825,0.006627440452575684,0.005944079253822565,0.017742546275258064,positive,19,3,0
canonical,normal,Mach,bright_ramp_minus_uniform,0.375,8,22,0.005568032152950764,0.0033170143142342567,0.0029589307960122824,0.008859026245772839,positive,19,3,0
canonical,normal,Mach,bright_ramp_minus_uniform,0.375,12,22,0.0037119239568710327,0.002211411716416478,0.001972594065591693,0.005905774421989918,positive,19,3,0
canonical,normal,Mach,bright_ramp_minus_uniform,0.375,16,22,0.0027838952373713255,0.0016585548873990774,0.001479418482631445,0.004429218824952841,positive,19,3,0
canonical,normal,Mach,bright_ramp_minus_uniform,0.5,0,22,0.018989326432347298,0.031079959124326706,-0.005467264913022518,0.04274363070726395,CI_includes_zero,14,8,0
canonical,normal,Mach,bright_ramp_minus_uniform,0.5,2,22,0.03041645884513855,0.01728653907775879,0.016637036576867104,0.047882333397865295,positive,20,2,0
canonical,normal,Mach,bright_ramp_minus_uniform,0.5,4,22,0.014869249425828457,0.0088312067091465,0.007921087555587292,0.02363165095448494,positive,19,3,0
canonical,normal,Mach,bright_ramp_minus_uniform,0.5,8,22,0.0074164713732898235,0.004420073702931404,0.003942186012864113,0.011799302883446217,positive,19,3,0
canonical,normal,Mach,bright_ramp_minus_uniform,0.5,12,22,0.004944131709635258,0.0029468059074133635,0.002627984154969454,0.007865688763558865,positive,19,3,0
canonical,normal,Mach,bright_ramp_minus_uniform,0.5,16,22,0.0037080147303640842,0.002210160018876195,0.0019709228072315454,0.005899042822420597,positive,19,3,0
canonical,normal,Mach,dark_ramp_minus_uniform,0.0,0,22,0.0,0.0,0.0,0.0,exact_zero,0,0,22
canonical,normal,Mach,dark_ramp_minus_uniform,0.0,2,22,0.0,0.0,0.0,0.0,exact_zero,0,0,22
canonical,normal,Mach,dark_ramp_minus_uniform,0.0,4,22,0.0,0.0,0.0,0.0,exact_zero,0,0,22
canonical,normal,Mach,dark_ramp_minus_uniform,0.0,8,22,0.0,0.0,0.0,0.0,exact_zero,0,0,22
canonical,normal,Mach,dark_ramp_minus_uniform,0.0,12,22,0.0,0.0,0.0,0.0,exact_zero,0,0,22
canonical,normal,Mach,dark_ramp_minus_uniform,0.0,16,22,0.0,0.0,0.0,0.0,exact_zero,0,0,22
canonical,normal,Mach,dark_ramp_minus_uniform,0.0625,0,22,-0.005255083553493023,-0.0021814743522554636,-0.010212318040430546,-0.0008318169857375324,negative,9,13,0
canonical,normal,Mach,dark_ramp_minus_uniform,0.0625,2,22,-0.0038149722386151552,-0.002480832627043128,-0.006006907671689987,-0.002084998181089759,negative,2,20,0
canonical,normal,Mach,dark_ramp_minus_uniform,0.0625,4,22,-0.00186517636757344,-0.0011873722542077303,-0.0029648267664015293,-0.0009924377081915736,negative,3,19,0
canonical,normal,Mach,dark_ramp_minus_uniform,0.0625,8,22,-0.0009303888655267656,-0.0005911668413318694,-0.0014803718077018857,-0.0004939243663102388,negative,3,19,0
canonical,normal,Mach,dark_ramp_minus_uniform,0.0625,12,22,-0.0006202601362019777,-0.0003940979659091681,-0.00098691345192492,-0.0003292840556241572,negative,3,19,0
canonical,normal,Mach,dark_ramp_minus_uniform,0.0625,16,22,-0.0004651935014408082,-0.00029557544621638954,-0.0007401822367683053,-0.000246962794335559,negative,3,19,0
canonical,normal,Mach,dark_ramp_minus_uniform,0.125,0,22,-0.010504157282412052,-0.0043615419417619705,-0.02041243202984333,-0.0016622913535684347,negative,9,13,0
canonical,normal,Mach,dark_ramp_minus_uniform,0.125,2,22,-0.007626236882060766,-0.004961887840181589,-0.012007982470095158,-0.004168808925896883,negative,2,20,0
canonical,normal,Mach,dark_ramp_minus_uniform,0.125,4,22,-0.003728488925844431,-0.002373345661908388,-0.005926776211708784,-0.001984055619686842,negative,3,19,0
canonical,normal,Mach,dark_ramp_minus_uniform,0.125,8,22,-0.0018598255701363087,-0.00118161435239017,-0.0029590376652777195,-0.000987513572908938,negative,3,19,0
canonical,normal,Mach,dark_ramp_minus_uniform,0.125,12,22,-0.0012398692779242992,-0.0007877310272306204,-0.001972667407244444,-0.0006583408685401082,negative,3,19,0
canonical,normal,Mach,dark_ramp_minus_uniform,0.125,16,22,-0.000929900212213397,-0.0005907893064431846,-0.0014794939197599888,-0.0004937560297548771,negative,3,19,0
canonical,normal,Mach,dark_ramp_minus_uniform,0.25,0,22,-0.020984308794140816,-0.008717664517462254,-0.04078110679984093,-0.0033187970984727144,negative,9,13,0
canonical,normal,Mach,dark_ramp_minus_uniform,0.25,2,22,-0.015237689018249512,-0.009924777783453465,-0.023989718407392502,-0.008331739343702793,negative,2,20,0
canonical,normal,Mach,dark_ramp_minus_uniform,0.25,4,22,-0.007449505850672722,-0.004741060547530651,-0.011841288767755032,-0.003964744508266449,negative,3,19,0
canonical,normal,Mach,dark_ramp_minus_uniform,0.25,8,22,-0.0037158324848860502,-0.0023602882865816355,-0.005912052001804113,-0.001973657635971904,negative,3,19,0
canonical,normal,Mach,dark_ramp_minus_uniform,0.25,12,22,-0.0024771757889539003,-0.001573459361679852,-0.003941255621612072,-0.0013157710200175643,negative,3,19,0
canonical,normal,Mach,dark_ramp_minus_uniform,0.25,16,22,-0.0018578644376248121,-0.0011800805805251002,-0.0029558944515883923,-0.0009868276538327336,negative,3,19,0
canonical,normal,Mach,dark_ramp_minus_uniform,0.375,0,22,-0.031440552324056625,-0.013068286702036858,-0.06109829992055893,-0.004971769172698259,negative,9,13,0
canonical,normal,Mach,dark_ramp_minus_uniform,0.375,2,22,-0.022834409028291702,-0.014888644218444824,-0.0359504297375679,-0.012488938868045807,negative,2,20,0
canonical,normal,Mach,dark_ramp_minus_uniform,0.375,4,22,-0.0111630754545331,-0.00710314093157649,-0.01774253137409687,-0.0059440769255161285,negative,3,19,0
canonical,normal,Mach,dark_ramp_minus_uniform,0.375,8,22,-0.005568036809563637,-0.003536053467541933,-0.008859029039740562,-0.002958929166197777,negative,3,19,0
canonical,normal,Mach,dark_ramp_minus_uniform,0.375,12,22,-0.0037119255866855383,-0.0023572444915771484,-0.005905776284635067,-0.00197258940897882,negative,3,19,0
canonical,normal,Mach,dark_ramp_minus_uniform,0.375,16,22,-0.002783903619274497,-0.0017678936710581183,-0.00442922580987215,-0.0014794247690588236,negative,3,19,0
canonical,normal,Mach,dark_ramp_minus_uniform,0.5,0,22,-0.04187298193573952,-0.017413489520549774,-0.0813787430524826,-0.006620478350669146,negative,9,13,0
canonical,normal,Mach,dark_ramp_minus_uniform,0.5,2,22,-0.030416464433073997,-0.01985347270965576,-0.047882333397865295,-0.016637036576867104,negative,2,20,0
canonical,normal,Mach,dark_ramp_minus_uniform,0.5,4,22,-0.014869251288473606,-0.009459646418690681,-0.023631639778614044,-0.007921085692942142,negative,3,19,0
canonical,normal,Mach,dark_ramp_minus_uniform,0.5,8,22,-0.007416469976305962,-0.0047089415602386,-0.011799301020801067,-0.003942183684557676,negative,3,19,0
canonical,normal,Mach,dark_ramp_minus_uniform,0.5,12,22,-0.00494412612169981,-0.0031390825752168894,-0.00786568969488144,-0.002627978101372719,negative,3,19,0
canonical,normal,Mach,dark_ramp_minus_uniform,0.5,16,22,-0.0037080177571624517,-0.0023542186245322227,-0.005899047013372183,-0.001970924437046051,negative,3,19,0
canonical,normal,SBC,bright_minus_dark,0.0,0,22,0.0,0.0,0.0,0.0,exact_zero,0,0,22
canonical,normal,SBC,bright_minus_dark,0.0,2,22,0.0,0.0,0.0,0.0,exact_zero,0,0,22
canonical,normal,SBC,bright_minus_dark,0.0,4,22,0.0,0.0,0.0,0.0,exact_zero,0,0,22
canonical,normal,SBC,bright_minus_dark,0.0,6,22,0.0,0.0,0.0,0.0,exact_zero,0,0,22
canonical,normal,SBC,bright_minus_dark,0.0,8,22,0.0,0.0,0.0,0.0,exact_zero,0,0,22
canonical,normal,SBC,bright_minus_dark,0.0625,0,22,0.0,0.0,0.0,0.0,exact_zero,0,0,22
canonical,normal,SBC,bright_minus_dark,0.0625,2,22,-0.010165661573410034,-0.017802970483899117,-0.02151348628103733,0.0015199875924736261,CI_includes_zero,8,14,0
canonical,normal,SBC,bright_minus_dark,0.0625,4,22,-0.009788375347852707,-0.01782933808863163,-0.021471699699759483,0.0022258462850004435,CI_includes_zero,8,14,0
canonical,normal,SBC,bright_minus_dark,0.0625,6,22,-0.009732351638376713,-0.017816178500652313,-0.02144814468920231,0.002322705229744315,CI_includes_zero,8,14,0
canonical,normal,SBC,bright_minus_dark,0.0625,8,22,-0.009731162339448929,-0.017814239487051964,-0.02144561894237995,0.002321899402886629,CI_includes_zero,8,14,0
canonical,normal,SBC,bright_minus_dark,0.125,0,22,0.0,0.0,0.0,0.0,exact_zero,0,0,22
canonical,normal,SBC,bright_minus_dark,0.125,2,22,-0.020327595993876457,-0.035603124648332596,-0.04301811009645462,0.003039768896996975,CI_includes_zero,8,14,0
canonical,normal,SBC,bright_minus_dark,0.125,4,22,-0.01957317441701889,-0.035655878484249115,-0.0429358072578907,0.0044510941952466965,CI_includes_zero,8,14,0
canonical,normal,SBC,bright_minus_dark,0.125,6,22,-0.019461140036582947,-0.03562954440712929,-0.04288865625858307,0.004643845837563276,CI_includes_zero,8,14,0
canonical,normal,SBC,bright_minus_dark,0.125,8,22,-0.01945875957608223,-0.03562571108341217,-0.04288404434919357,0.004642018582671881,CI_includes_zero,8,14,0
canonical,normal,SBC,bright_minus_dark,0.25,0,22,0.0,0.0,0.0,0.0,exact_zero,0,0,22
canonical,normal,SBC,bright_minus_dark,0.25,2,22,-0.040640298277139664,-0.0711950957775116,-0.08600001782178879,0.006078692618757486,CI_includes_zero,8,14,0
canonical,normal,SBC,bright_minus_dark,0.25,4,22,-0.0391320176422596,-0.07130060344934464,-0.08584123849868774,0.008899751119315624,CI_includes_zero,8,14,0
canonical,normal,SBC,bright_minus_dark,0.25,6,22,-0.03890806809067726,-0.07124800980091095,-0.08574666827917099,0.009280949831008911,CI_includes_zero,8,14,0
canonical,normal,SBC,bright_minus_dark,0.25,8,22,-0.03890331834554672,-0.07124028354883194,-0.08573698997497559,0.009279915131628513,CI_includes_zero,8,14,0
canonical,normal,SBC,bright_minus_dark,0.375,0,22,0.0,0.0,0.0,0.0,exact_zero,0,0,22
canonical,normal,SBC,bright_minus_dark,0.375,2,22,-0.060938164591789246,-0.10677596926689148,-0.12895548343658447,0.009116750210523605,CI_includes_zero,8,14,0
canonical,normal,SBC,bright_minus_dark,0.375,4,22,-0.05867655575275421,-0.10693419724702835,-0.12871623039245605,0.013348650187253952,CI_includes_zero,8,14,0
canonical,normal,SBC,bright_minus_dark,0.375,6,22,-0.05834079906344414,-0.10685523599386215,-0.12857307493686676,0.013913082890212536,CI_includes_zero,8,14,0
canonical,normal,SBC,bright_minus_dark,0.375,8,22,-0.05833367258310318,-0.10684377700090408,-0.12856031954288483,0.013910875655710697,CI_includes_zero,8,14,0
canonical,normal,SBC,bright_minus_dark,0.5,0,22,0.0,0.0,0.0,0.0,exact_zero,0,0,22
canonical,normal,SBC,bright_minus_dark,0.5,2,22,-0.08122117817401886,-0.14234568178653717,-0.17188550531864166,0.012153955176472664,CI_includes_zero,8,14,0
canonical,normal,SBC,bright_minus_dark,0.5,4,22,-0.07820684462785721,-0.14255665242671967,-0.1715608537197113,0.01779278926551342,CI_includes_zero,8,14,0
canonical,normal,SBC,bright_minus_dark,0.5,6,22,-0.07775935530662537,-0.14245139062404633,-0.17137807607650757,0.01854591630399227,CI_includes_zero,8,14,0
canonical,normal,SBC,bright_minus_dark,0.5,8,22,-0.07774987071752548,-0.14243608713150024,-0.17135950922966003,0.018544740974903107,CI_includes_zero,8,14,0
cnn,normal,Mach,bright_ramp_minus_uniform,0.0,0,22,0.0,0.0,0.0,0.0,exact_zero,0,0,22
cnn,normal,Mach,bright_ramp_minus_uniform,0.0,2,22,0.0,0.0,0.0,0.0,exact_zero,0,0,22
cnn,normal,Mach,bright_ramp_minus_uniform,0.0,4,22,0.0,0.0,0.0,0.0,exact_zero,0,0,22
cnn,normal,Mach,bright_ramp_minus_uniform,0.0,8,22,0.0,0.0,0.0,0.0,exact_zero,0,0,22
cnn,normal,Mach,bright_ramp_minus_uniform,0.0,12,22,0.0,0.0,0.0,0.0,exact_zero,0,0,22
cnn,normal,Mach,bright_ramp_minus_uniform,0.0,16,22,0.0,0.0,0.0,0.0,exact_zero,0,0,22
cnn,normal,Mach,bright_ramp_minus_uniform,0.0625,0,22,-0.004165552090853453,0.014896026812493801,-0.0681813657283783,0.054824624210596085,CI_includes_zero,14,8,0
cnn,normal,Mach,bright_ramp_minus_uniform,0.0625,2,22,-0.010964390821754932,0.007768312934786081,-0.08371859043836594,0.05696658417582512,CI_includes_zero,12,10,0
cnn,normal,Mach,bright_ramp_minus_uniform,0.0625,4,22,-0.002031281590461731,0.013339105993509293,-0.05456748232245445,0.04558512941002846,CI_includes_zero,14,8,0
cnn,normal,Mach,bright_ramp_minus_uniform,0.0625,8,22,0.0033859482500702143,0.01016660500317812,-0.018824437633156776,0.0234431903809309,CI_includes_zero,13,9,0
cnn,normal,Mach,bright_ramp_minus_uniform,0.0625,12,22,0.003837339812889695,0.005978047847747803,-0.0059355259872972965,0.013339493423700333,CI_includes_zero,14,8,0
cnn,normal,Mach,bright_ramp_minus_uniform,0.0625,16,22,0.003565655555576086,0.004371301271021366,-0.0016769971698522568,0.009135180152952671,CI_includes_zero,15,7,0
cnn,normal,Mach,bright_ramp_minus_uniform,0.125,0,22,0.0010992370080202818,0.029512595385313034,-0.09447187930345535,0.09256317466497421,CI_includes_zero,14,8,0
cnn,normal,Mach,bright_ramp_minus_uniform,0.125,2,22,-0.007822648622095585,0.021481124684214592,-0.11666251718997955,0.09723922610282898,CI_includes_zero,12,10,0
cnn,normal,Mach,bright_ramp_minus_uniform,0.125,4,22,0.006692295894026756,0.02506762370467186,-0.07025732100009918,0.0795714482665062,CI_includes_zero,14,8,0
cnn,normal,Mach,bright_ramp_minus_uniform,0.125,8,22,0.013157607056200504,0.01880062371492386,-0.014602500945329666,0.039955589920282364,CI_includes_zero,13,9,0
cnn,normal,Mach,bright_ramp_minus_uniform,0.125,12,22,0.011542039923369884,0.007656256202608347,0.001776304212398827,0.022498587146401405,positive,13,9,0
cnn,normal,Mach,bright_ramp_minus_uniform,0.125,16,22,0.008602059446275234,0.00468582333996892,0.002616515150293708,0.01545846089720726,positive,16,6,0
cnn,normal,Mach,bright_ramp_minus_uniform,0.25,0,22,-0.0071962205693125725,0.049504753202199936,-0.15128855407238007,0.1286931335926056,CI_includes_zero,14,8,0
cnn,normal,Mach,bright_ramp_minus_uniform,0.25,2,22,-0.022942114621400833,0.037053219974040985,-0.186634823679924,0.13417625427246094,CI_includes_zero,12,10,0
cnn,normal,Mach,bright_ramp_minus_uniform,0.25,4,22,0.008931940421462059,0.04193836823105812,-0.10729055851697922,0.11913987249135971,CI_includes_zero,15,7,0
cnn,normal,Mach,bright_ramp_minus_uniform,0.25,8,22,0.026238752529025078,0.03335517272353172,-0.012455526739358902,0.06515904515981674,CI_includes_zero,13,9,0
cnn,normal,Mach,bright_ramp_minus_uniform,0.25,12,22,0.020753158256411552,0.010662182234227657,0.00787338986992836,0.035350412130355835,positive,17,5,0
cnn,normal,Mach,bright_ramp_minus_uniform,0.25,16,22,0.01453307829797268,0.007333946414291859,0.006138024851679802,0.02389521524310112,positive,17,5,0
cnn,normal,Mach,bright_ramp_minus_uniform,0.375,0,22,-0.020485656335949898,0.059468526393175125,-0.20756535232067108,0.1534007042646408,CI_includes_zero,14,8,0
cnn,normal,Mach,bright_ramp_minus_uniform,0.375,2,22,-0.04202137887477875,0.02991732768714428,-0.25536322593688965,0.15984989702701569,CI_includes_zero,12,10,0
cnn,normal,Mach,bright_ramp_minus_uniform,0.375,4,22,0.005251656752079725,0.044737040996551514,-0.14584645628929138,0.14716264605522156,CI_includes_zero,15,7,0
cnn,normal,Mach,bright_ramp_minus_uniform,0.375,8,22,0.03816554695367813,0.04665893688797951,-0.010966600850224495,0.08852749317884445,CI_includes_zero,13,9,0
cnn,normal,Mach,bright_ramp_minus_uniform,0.375,12,22,0.030243366956710815,0.014825141057372093,0.013459558598697186,0.049163177609443665,positive,17,5,0
cnn,normal,Mach,bright_ramp_minus_uniform,0.375,16,22,0.021374337375164032,0.011113977059721947,0.010104186832904816,0.03381990268826485,positive,18,4,0
cnn,normal,Mach,bright_ramp_minus_uniform,0.5,0,22,-0.03588851913809776,0.06787974387407303,-0.2654261589050293,0.1746865212917328,CI_includes_zero,14,8,0
cnn,normal,Mach,bright_ramp_minus_uniform,0.5,2,22,-0.061998311430215836,0.026529956609010696,-0.3241453766822815,0.18298611044883728,CI_includes_zero,12,10,0
cnn,normal,Mach,bright_ramp_minus_uniform,0.5,4,22,-0.000981851015239954,0.053940318524837494,-0.18655110895633698,0.17112307250499725,CI_includes_zero,15,7,0
cnn,normal,Mach,bright_ramp_minus_uniform,0.5,8,22,0.049224141985177994,0.060347188264131546,-0.010280889458954334,0.11075884103775024,CI_includes_zero,13,9,0
cnn,normal,Mach,bright_ramp_minus_uniform,0.5,12,22,0.039549969136714935,0.025281909853219986,0.01897251233458519,0.06299213320016861,positive,18,4,0
cnn,normal,Mach,bright_ramp_minus_uniform,0.5,16,22,0.028088068589568138,0.014984835870563984,0.01413142029196024,0.04358811303973198,positive,18,4,0
cnn,normal,Mach,dark_ramp_minus_uniform,0.0,0,22,0.0,0.0,0.0,0.0,exact_zero,0,0,22
cnn,normal,Mach,dark_ramp_minus_uniform,0.0,2,22,0.0,0.0,0.0,0.0,exact_zero,0,0,22
cnn,normal,Mach,dark_ramp_minus_uniform,0.0,4,22,0.0,0.0,0.0,0.0,exact_zero,0,0,22
cnn,normal,Mach,dark_ramp_minus_uniform,0.0,8,22,0.0,0.0,0.0,0.0,exact_zero,0,0,22
cnn,normal,Mach,dark_ramp_minus_uniform,0.0,12,22,0.0,0.0,0.0,0.0,exact_zero,0,0,22
cnn,normal,Mach,dark_ramp_minus_uniform,0.0,16,22,0.0,0.0,0.0,0.0,exact_zero,0,0,22
cnn,normal,Mach,dark_ramp_minus_uniform,0.0625,0,22,0.04673701152205467,0.025605861097574234,-0.020221827551722527,0.11577953398227692,CI_includes_zero,13,9,0
cnn,normal,Mach,dark_ramp_minus_uniform,0.0625,2,22,0.03827638179063797,0.02076091058552265,-0.019733943045139313,0.09839770942926407,CI_includes_zero,13,9,0
cnn,normal,Mach,dark_ramp_minus_uniform,0.0625,4,22,0.02445504255592823,-0.00482315244153142,-0.018562352284789085,0.06885285675525665,CI_includes_zero,11,11,0
cnn,normal,Mach,dark_ramp_minus_uniform,0.0625,8,22,0.01626812107861042,0.003505229949951172,-0.007972230203449726,0.04076271504163742,CI_includes_zero,13,9,0
cnn,normal,Mach,dark_ramp_minus_uniform,0.0625,12,22,0.012629770673811436,0.0051779430359601974,-0.0030403512064367533,0.028405942022800446,CI_includes_zero,14,8,0
cnn,normal,Mach,dark_ramp_minus_uniform,0.0625,16,22,0.010059037245810032,0.004544822499155998,-0.0014314647996798158,0.021617069840431213,CI_includes_zero,14,8,0
cnn,normal,Mach,dark_ramp_minus_uniform,0.125,0,22,0.08423583954572678,0.045287925750017166,-0.02220742031931877,0.19381754100322723,CI_includes_zero,13,9,0
cnn,normal,Mach,dark_ramp_minus_uniform,0.125,2,22,0.07145512849092484,0.03668185696005821,-0.021080760285258293,0.16727080941200256,CI_includes_zero,13,9,0
cnn,normal,Mach,dark_ramp_minus_uniform,0.125,4,22,0.04829169809818268,-0.0016102790832519531,-0.019559428095817566,0.11856325715780258,CI_includes_zero,11,11,0
cnn,normal,Mach,dark_ramp_minus_uniform,0.125,8,22,0.032646358013153076,0.012112394906580448,-0.005258974619209766,0.07080858200788498,CI_includes_zero,14,8,0
cnn,normal,Mach,dark_ramp_minus_uniform,0.125,12,22,0.026158766821026802,0.01388045959174633,0.002987972227856517,0.04926522821187973,positive,14,8,0
cnn,normal,Mach,dark_ramp_minus_uniform,0.125,16,22,0.020074063912034035,0.012657523155212402,0.0038900224026292562,0.036353908479213715,positive,15,6,1
cnn,normal,Mach,dark_ramp_minus_uniform,0.25,0,22,0.14608582854270935,0.0848422721028328,-0.022042997181415558,0.3191104233264923,CI_includes_zero,14,8,0
cnn,normal,Mach,dark_ramp_minus_uniform,0.25,2,22,0.12632296979427338,0.06692805886268616,-0.018744301050901413,0.2762294113636017,CI_includes_zero,13,9,0
cnn,normal,Mach,dark_ramp_minus_uniform,0.25,4,22,0.0910683125257492,0.04123174399137497,-0.014878860674798489,0.20087243616580963,CI_includes_zero,12,10,0
cnn,normal,Mach,dark_ramp_minus_uniform,0.25,8,22,0.06521110981702805,0.0309029221534729,0.005543659906834364,0.12498494237661362,positive,14,8,0
cnn,normal,Mach,dark_ramp_minus_uniform,0.25,12,22,0.05278114229440689,0.03613610193133354,0.016313495114445686,0.08910922706127167,positive,15,7,0
cnn,normal,Mach,dark_ramp_minus_uniform,0.25,16,22,0.040579747408628464,0.028283922001719475,0.014626878313720226,0.06694090366363525,positive,16,5,1
cnn,normal,Mach,dark_ramp_minus_uniform,0.375,0,22,0.20612365007400513,0.12465906888246536,-0.019744066521525383,0.43870967626571655,CI_includes_zero,14,8,0
cnn,normal,Mach,dark_ramp_minus_uniform,0.375,2,22,0.1805274337530136,0.0975118950009346,-0.014420559629797935,0.3824176490306854,CI_includes_zero,13,9,0
cnn,normal,Mach,dark_ramp_minus_uniform,0.375,4,22,0.1333829015493393,0.07846175879240036,-0.009444057010114193,0.2813599407672882,CI_includes_zero,13,9,0
cnn,normal,Mach,dark_ramp_minus_uniform,0.375,8,22,0.09939400851726532,0.051644615828990936,0.01752748340368271,0.1815359890460968,positive,15,7,0
cnn,normal,Mach,dark_ramp_minus_uniform,0.375,12,22,0.07970301061868668,0.0566331148147583,0.028117360547184944,0.13163024187088013,positive,16,6,0
cnn,normal,Mach,dark_ramp_minus_uniform,0.375,16,22,0.06103985011577606,0.04277636855840683,0.02299642749130726,0.09983554482460022,positive,16,5,1
cnn,normal,Mach,dark_ramp_minus_uniform,0.5,0,22,0.2640918791294098,0.16418440639972687,-0.019377494230866432,0.5548563599586487,CI_includes_zero,14,8,0
cnn,normal,Mach,dark_ramp_minus_uniform,0.5,2,22,0.23331522941589355,0.1295512467622757,-0.011456222273409367,0.48670125007629395,CI_includes_zero,13,9,0
cnn,normal,Mach,dark_ramp_minus_uniform,0.5,4,22,0.17459674179553986,0.10307615250349045,-0.005080756731331348,0.36081719398498535,CI_includes_zero,13,9,0
cnn,normal,Mach,dark_ramp_minus_uniform,0.5,8,22,0.13243192434310913,0.0730898380279541,0.027558792382478714,0.23802684247493744,positive,16,6,0
cnn,normal,Mach,dark_ramp_minus_uniform,0.5,12,22,0.10533812642097473,0.07527495175600052,0.037738457322120667,0.17380620539188385,positive,16,6,0
cnn,normal,Mach,dark_ramp_minus_uniform,0.5,16,22,0.08039585500955582,0.05664588510990143,0.029934938997030258,0.13196033239364624,positive,16,5,1
cnn,normal,SBC,bright_minus_dark,0.0,0,22,0.0,0.0,0.0,0.0,exact_zero,0,0,22
cnn,normal,SBC,bright_minus_dark,0.0,2,22,0.0,0.0,0.0,0.0,exact_zero,0,0,22
cnn,normal,SBC,bright_minus_dark,0.0,4,22,0.0,0.0,0.0,0.0,exact_zero,0,0,22
cnn,normal,SBC,bright_minus_dark,0.0,6,22,0.0,0.0,0.0,0.0,exact_zero,0,0,22
cnn,normal,SBC,bright_minus_dark,0.0,8,22,0.0,0.0,0.0,0.0,exact_zero,0,0,22
cnn,normal,SBC,bright_minus_dark,0.0625,0,22,0.0,0.0,0.0,0.0,exact_zero,0,0,22
cnn,normal,SBC,bright_minus_dark,0.0625,2,22,0.019368229433894157,0.026452723890542984,-0.03279710188508034,0.0721587985754013,CI_includes_zero,13,9,0
cnn,normal,SBC,bright_minus_dark,0.0625,4,22,0.06770017743110657,0.07592633366584778,-0.041625406593084335,0.17695766687393188,CI_includes_zero,13,9,0
cnn,normal,SBC,bright_minus_dark,0.0625,6,22,0.08006177842617035,0.11609210819005966,-0.030981723219156265,0.19119735062122345,CI_includes_zero,13,9,0
cnn,normal,SBC,bright_minus_dark,0.0625,8,22,0.08019233494997025,0.12520775198936462,-0.029165364801883698,0.19135421514511108,CI_includes_zero,13,9,0
cnn,normal,SBC,bright_minus_dark,0.125,0,22,0.0,0.0,0.0,0.0,exact_zero,0,0,22
cnn,normal,SBC,bright_minus_dark,0.125,2,22,0.039968810975551605,0.05111800506711006,-0.05220466107130051,0.13326478004455566,CI_includes_zero,13,9,0
cnn,normal,SBC,bright_minus_dark,0.125,4,22,0.10234882682561874,0.11328326910734177,-0.07314202189445496,0.27678462862968445,CI_includes_zero,13,9,0
cnn,normal,SBC,bright_minus_dark,0.125,6,22,0.12365192919969559,0.17483466863632202,-0.05183735489845276,0.2979867160320282,CI_includes_zero,13,9,0
cnn,normal,SBC,bright_minus_dark,0.125,8,22,0.12566323578357697,0.1905592978000641,-0.04756062477827072,0.3004204034805298,CI_includes_zero,13,9,0
cnn,normal,SBC,bright_minus_dark,0.25,0,22,0.0,0.0,0.0,0.0,exact_zero,0,0,22
cnn,normal,SBC,bright_minus_dark,0.25,2,22,0.06447234004735947,0.07585180550813675,-0.08735356479883194,0.21753180027008057,CI_includes_zero,13,9,0
cnn,normal,SBC,bright_minus_dark,0.25,4,22,0.16288425028324127,0.17093025147914886,-0.10705847293138504,0.43230366706848145,CI_includes_zero,13,9,0
cnn,normal,SBC,bright_minus_dark,0.25,6,22,0.20898328721523285,0.28769055008888245,-0.06405657529830933,0.48160406947135925,CI_includes_zero,13,9,0
cnn,normal,SBC,bright_minus_dark,0.25,8,22,0.21398340165615082,0.3187277019023895,-0.056131765246391296,0.48746582865715027,CI_includes_zero,13,9,0
cnn,normal,SBC,bright_minus_dark,0.375,0,22,0.0,0.0,0.0,0.0,exact_zero,0,0,22
cnn,normal,SBC,bright_minus_dark,0.375,2,22,0.08466315269470215,0.09530047327280045,-0.11371669173240662,0.2846914827823639,CI_includes_zero,13,9,0
cnn,normal,SBC,bright_minus_dark,0.375,4,22,0.22180819511413574,0.22822557389736176,-0.1277967244386673,0.5720466375350952,CI_includes_zero,13,9,0
cnn,normal,SBC,bright_minus_dark,0.375,6,22,0.2944057583808899,0.4023003578186035,-0.06480848044157028,0.6551526188850403,CI_includes_zero,13,9,0
cnn,normal,SBC,bright_minus_dark,0.375,8,22,0.3021567165851593,0.4501327574253082,-0.05412030220031738,0.6646945476531982,CI_includes_zero,13,9,0
cnn,normal,SBC,bright_minus_dark,0.5,0,22,0.0,0.0,0.0,0.0,exact_zero,0,0,22
cnn,normal,SBC,bright_minus_dark,0.5,2,22,0.10386757552623749,0.11446070671081543,-0.13486914336681366,0.3448083698749542,CI_includes_zero,13,9,0
cnn,normal,SBC,bright_minus_dark,0.5,4,22,0.27900397777557373,0.2853591740131378,-0.14735910296440125,0.7062882781028748,CI_includes_zero,13,9,0
cnn,normal,SBC,bright_minus_dark,0.5,6,22,0.3777090311050415,0.517959475517273,-0.06535166501998901,0.8231998085975647,CI_includes_zero,13,9,0
cnn,normal,SBC,bright_minus_dark,0.5,8,22,0.3885401785373688,0.5829137563705444,-0.05128442868590355,0.8377081155776978,CI_includes_zero,13,9,0
ln,normal,Mach,bright_ramp_minus_uniform,0.0,0,22,0.0,0.0,0.0,0.0,exact_zero,0,0,22
ln,normal,Mach,bright_ramp_minus_uniform,0.0,2,22,0.0,0.0,0.0,0.0,exact_zero,0,0,22
ln,normal,Mach,bright_ramp_minus_uniform,0.0,4,22,0.0,0.0,0.0,0.0,exact_zero,0,0,22
ln,normal,Mach,bright_ramp_minus_uniform,0.0,8,22,0.0,0.0,0.0,0.0,exact_zero,0,0,22
ln,normal,Mach,bright_ramp_minus_uniform,0.0,12,22,0.0,0.0,0.0,0.0,exact_zero,0,0,22
ln,normal,Mach,bright_ramp_minus_uniform,0.0,16,22,0.0,0.0,0.0,0.0,exact_zero,0,0,22
ln,normal,Mach,bright_ramp_minus_uniform,0.0625,0,22,0.0052362591959536076,0.0013552268501371145,-0.004385340493172407,0.015686193481087685,CI_includes_zero,16,5,1
ln,normal,Mach,bright_ramp_minus_uniform,0.0625,2,22,0.005591548979282379,0.0010185798164457083,-0.00558792008087039,0.017711350694298744,CI_includes_zero,15,6,1
ln,normal,Mach,bright_ramp_minus_uniform,0.0625,4,22,0.004114202689379454,0.000919127487577498,-0.003891795175150037,0.012660987675189972,CI_includes_zero,15,6,1
ln,normal,Mach,bright_ramp_minus_uniform,0.0625,8,22,0.002125220140442252,0.00048480828991159797,-0.002288433723151684,0.006680365186184645,CI_includes_zero,15,6,1
ln,normal,Mach,bright_ramp_minus_uniform,0.0625,12,22,0.001416815910488367,0.00032319227466359735,-0.0015256275655701756,0.004453578963875771,CI_includes_zero,15,6,1
ln,normal,Mach,bright_ramp_minus_uniform,0.0625,16,22,0.0010626125149428844,0.00024241606297437102,-0.0011442139511927962,0.0033401830587536097,CI_includes_zero,15,6,1
ln,normal,Mach,bright_ramp_minus_uniform,0.125,0,22,0.010472514666616917,0.0027104616165161133,-0.008770696818828583,0.031372372061014175,CI_includes_zero,16,5,1
ln,normal,Mach,bright_ramp_minus_uniform,0.125,2,22,0.011183095164597034,0.002037143800407648,-0.01117582619190216,0.03542269393801689,CI_includes_zero,15,6,1
ln,normal,Mach,bright_ramp_minus_uniform,0.125,4,22,0.008228390477597713,0.0018382311100140214,-0.007783596869558096,0.0253219585865736,CI_includes_zero,15,6,1
ln,normal,Mach,bright_ramp_minus_uniform,0.125,8,22,0.004250429105013609,0.0009696086053736508,-0.004576887935400009,0.013360713608562946,CI_includes_zero,15,6,1
ln,normal,Mach,bright_ramp_minus_uniform,0.125,12,22,0.0028336162213236094,0.0006464163307100534,-0.003051258623600006,0.008907138369977474,CI_includes_zero,15,6,1
ln,normal,Mach,bright_ramp_minus_uniform,0.125,16,22,0.0021252145525068045,0.0004848003445658833,-0.0022884435020387173,0.0066803498193621635,CI_includes_zero,15,6,1
ln,normal,Mach,bright_ramp_minus_uniform,0.25,0,22,0.020945025607943535,0.005420899484306574,-0.017541393637657166,0.06274474412202835,CI_includes_zero,16,5,1
ln,normal,Mach,bright_ramp_minus_uniform,0.25,2,22,0.02236618846654892,0.004074247553944588,-0.022351669147610664,0.07084536552429199,CI_includes_zero,16,6,0
ln,normal,Mach,bright_ramp_minus_uniform,0.25,4,22,0.016456788405776024,0.0036764463875442743,-0.015567188151180744,0.0506439246237278,CI_includes_zero,16,6,0
ln,normal,Mach,bright_ramp_minus_uniform,0.25,8,22,0.008500861003994942,0.0019392013782635331,-0.00915376003831625,0.02672143094241619,CI_includes_zero,15,6,1
ln,normal,Mach,bright_ramp_minus_uniform,0.25,12,22,0.00566723570227623,0.0012928008800372481,-0.006102513521909714,0.017814282327890396,CI_includes_zero,15,6,1
ln,normal,Mach,bright_ramp_minus_uniform,0.25,16,22,0.004250433761626482,0.0009696324705146253,-0.0045768762938678265,0.013360717333853245,CI_includes_zero,15,6,1
ln,normal,Mach,bright_ramp_minus_uniform,0.375,0,22,0.031417522579431534,0.008131353184580803,-0.0263120848685503,0.09411710500717163,CI_includes_zero,16,5,1
ln,normal,Mach,bright_ramp_minus_uniform,0.375,2,22,0.03354928642511368,0.006111438851803541,-0.03352750092744827,0.10626806318759918,CI_includes_zero,16,6,0
ln,normal,Mach,bright_ramp_minus_uniform,0.375,4,22,0.024685176089406013,0.005514645483344793,-0.023350786417722702,0.07596587389707565,CI_includes_zero,15,6,1
ln,normal,Mach,bright_ramp_minus_uniform,0.375,8,22,0.012751292437314987,0.002908810041844845,-0.013730654492974281,0.040082141757011414,CI_includes_zero,15,6,1
ln,normal,Mach,bright_ramp_minus_uniform,0.375,12,22,0.008500860072672367,0.0019392092945054173,-0.009153771214187145,0.026721438392996788,CI_includes_zero,15,6,1
ln,normal,Mach,bright_ramp_minus_uniform,0.375,16,22,0.00637564342468977,0.0014543692814186215,-0.006865334697067738,0.02004106529057026,CI_includes_zero,15,6,1
ln,normal,Mach,bright_ramp_minus_uniform,0.5,0,22,0.04189004749059677,0.010841806419193745,-0.035082779824733734,0.1254894882440567,CI_includes_zero,16,5,1
ln,normal,Mach,bright_ramp_minus_uniform,0.5,2,22,0.044732365757226944,0.008148550987243652,-0.04470333829522133,0.14169073104858398,CI_includes_zero,16,6,0
ln,normal,Mach,bright_ramp_minus_uniform,0.5,4,22,0.03291357308626175,0.007352860644459724,-0.03113437443971634,0.1012878492474556,CI_includes_zero,16,6,0
ln,normal,Mach,bright_ramp_minus_uniform,0.5,8,22,0.01700170896947384,0.0038784185890108347,-0.01830754056572914,0.053442858159542084,CI_includes_zero,15,6,1
ln,normal,Mach,bright_ramp_minus_uniform,0.5,12,22,0.011334479786455631,0.002585585927590728,-0.012205022387206554,0.03562857210636139,CI_includes_zero,15,6,1
ln,normal,Mach,bright_ramp_minus_uniform,0.5,16,22,0.008500856347382069,0.0019392013782635331,-0.009153760969638824,0.02672140672802925,CI_includes_zero,15,6,1
ln,normal,Mach,dark_ramp_minus_uniform,0.0,0,22,0.0,0.0,0.0,0.0,exact_zero,0,0,22
ln,normal,Mach,dark_ramp_minus_uniform,0.0,2,22,0.0,0.0,0.0,0.0,exact_zero,0,0,22
ln,normal,Mach,dark_ramp_minus_uniform,0.0,4,22,0.0,0.0,0.0,0.0,exact_zero,0,0,22
ln,normal,Mach,dark_ramp_minus_uniform,0.0,8,22,0.0,0.0,0.0,0.0,exact_zero,0,0,22
ln,normal,Mach,dark_ramp_minus_uniform,0.0,12,22,0.0,0.0,0.0,0.0,exact_zero,0,0,22
ln,normal,Mach,dark_ramp_minus_uniform,0.0,16,22,0.0,0.0,0.0,0.0,exact_zero,0,0,22
ln,normal,Mach,dark_ramp_minus_uniform,0.0625,0,22,-0.003965679090470076,-0.0006820281269028783,-0.016273515298962593,0.007564688101410866,CI_includes_zero,10,12,0
ln,normal,Mach,dark_ramp_minus_uniform,0.0625,2,22,-0.004221874754875898,-0.00036602813634090126,-0.0144728384912014,0.0050451192073524,CI_includes_zero,10,12,0
ln,normal,Mach,dark_ramp_minus_uniform,0.0625,4,22,-0.004682682920247316,-0.0006403605220839381,-0.012451671995222569,0.0018278966890648007,CI_includes_zero,8,14,0
ln,normal,Mach,dark_ramp_minus_uniform,0.0625,8,22,-0.0029460906516760588,-0.0005446115974336863,-0.0073534781113266945,0.000652908522170037,CI_includes_zero,8,14,0
ln,normal,Mach,dark_ramp_minus_uniform,0.0625,12,22,-0.001964057330042124,-0.00036306382389739156,-0.00490232091397047,0.00043527240632101893,CI_includes_zero,8,14,0
ln,normal,Mach,dark_ramp_minus_uniform,0.0625,16,22,-0.0014730426482856274,-0.00027228196267969906,-0.0036767383571714163,0.00032645647297613323,CI_includes_zero,8,14,0
ln,normal,Mach,dark_ramp_minus_uniform,0.125,0,22,-0.007931350730359554,-0.001364040421321988,-0.0325470045208931,0.015129399485886097,CI_includes_zero,10,12,0
ln,normal,Mach,dark_ramp_minus_uniform,0.125,2,22,-0.008443739265203476,-0.0007320006843656301,-0.028945649042725563,0.010090255178511143,CI_includes_zero,10,12,0
ln,normal,Mach,dark_ramp_minus_uniform,0.125,4,22,-0.009365353733301163,-0.001280705095268786,-0.024903325363993645,0.003655782202258706,CI_includes_zero,8,14,0
ln,normal,Mach,dark_ramp_minus_uniform,0.125,8,22,-0.005892174318432808,-0.0010891914134845138,-0.014706941321492195,0.0013058289187029004,CI_includes_zero,8,14,0
ln,normal,Mach,dark_ramp_minus_uniform,0.125,12,22,-0.003928119316697121,-0.0007261514547280967,-0.00980462972074747,0.0008705462678335607,CI_includes_zero,8,14,0
ln,normal,Mach,dark_ramp_minus_uniform,0.125,16,22,-0.002946088556200266,-0.0005446354625746608,-0.007353475317358971,0.0006529061938636005,CI_includes_zero,8,14,0
ln,normal,Mach,dark_ramp_minus_uniform,0.25,0,22,-0.01586269959807396,-0.0027280489448457956,-0.06509402394294739,0.030258797109127045,CI_includes_zero,10,12,0
ln,normal,Mach,dark_ramp_minus_uniform,0.25,2,22,-0.016887474805116653,-0.0014640172012150288,-0.057891324162483215,0.02018051967024803,CI_includes_zero,10,12,0
ln,normal,Mach,dark_ramp_minus_uniform,0.25,4,22,-0.018730701878666878,-0.0025613228790462017,-0.049806658178567886,0.007311569526791573,CI_includes_zero,8,14,0
ln,normal,Mach,dark_ramp_minus_uniform,0.25,8,22,-0.011784342117607594,-0.002178366994485259,-0.02941388636827469,0.0026116634253412485,CI_includes_zero,8,14,0
ln,normal,Mach,dark_ramp_minus_uniform,0.25,12,22,-0.007856233045458794,-0.0014522235142067075,-0.019609253853559494,0.0017411129083484411,CI_includes_zero,8,14,0
ln,normal,Mach,dark_ramp_minus_uniform,0.25,16,22,-0.0058921691961586475,-0.001089159632101655,-0.014706945046782494,0.0013058369513601065,CI_includes_zero,8,14,0
ln,normal,Mach,dark_ramp_minus_uniform,0.375,0,22,-0.023794036358594894,-0.004092093091458082,-0.09764101356267929,0.04538818076252937,CI_includes_zero,10,12,0
ln,normal,Mach,dark_ramp_minus_uniform,0.375,2,22,-0.02533121034502983,-0.0021960337180644274,-0.08683697134256363,0.030270768329501152,CI_includes_zero,10,12,0
ln,normal,Mach,dark_ramp_minus_uniform,0.375,4,22,-0.028096063062548637,-0.0038420360069721937,-0.07471001148223877,0.010967335663735867,CI_includes_zero,8,14,0
ln,normal,Mach,dark_ramp_minus_uniform,0.375,8,22,-0.017676500603556633,-0.0032676139380782843,-0.044120799750089645,0.0039174980483949184,CI_includes_zero,8,14,0
ln,normal,Mach,dark_ramp_minus_uniform,0.375,12,22,-0.011784341186285019,-0.002178406808525324,-0.029413864016532898,0.0026116587687283754,CI_includes_zero,8,14,0
ln,normal,Mach,dark_ramp_minus_uniform,0.375,16,22,-0.008838258683681488,-0.0016337871784344316,-0.022060401737689972,0.0019587406422942877,CI_includes_zero,8,14,0
ln,normal,Mach,dark_ramp_minus_uniform,0.5,0,22,-0.031725384294986725,-0.005456129554659128,-0.1301880180835724,0.060517601668834686,CI_includes_zero,10,12,0
ln,normal,Mach,dark_ramp_minus_uniform,0.5,2,22,-0.033774957060813904,-0.002928046276792884,-0.11578261852264404,0.04036102816462517,CI_includes_zero,10,12,0
ln,normal,Mach,dark_ramp_minus_uniform,0.5,4,22,-0.03746141493320465,-0.0051227170042693615,-0.09961333870887756,0.014623132534325123,CI_includes_zero,8,14,0
ln,normal,Mach,dark_ramp_minus_uniform,0.5,8,22,-0.023568682372570038,-0.004356749821454287,-0.05882776156067848,0.005223325919359922,CI_includes_zero,8,14,0
ln,normal,Mach,dark_ramp_minus_uniform,0.5,12,22,-0.015712454915046692,-0.0029044945258647203,-0.03921850770711899,0.003482218598946929,CI_includes_zero,8,14,0
ln,normal,Mach,dark_ramp_minus_uniform,0.5,16,22,-0.011784343980252743,-0.0021783828269690275,-0.02941388636827469,0.002611657837405801,CI_includes_zero,8,14,0
ln,normal,SBC,bright_minus_dark,0.0,0,22,0.0,0.0,0.0,0.0,exact_zero,0,0,22
ln,normal,SBC,bright_minus_dark,0.0,2,22,0.0,0.0,0.0,0.0,exact_zero,0,0,22
ln,normal,SBC,bright_minus_dark,0.0,4,22,0.0,0.0,0.0,0.0,exact_zero,0,0,22
ln,normal,SBC,bright_minus_dark,0.0,6,22,0.0,0.0,0.0,0.0,exact_zero,0,0,22
ln,normal,SBC,bright_minus_dark,0.0,8,22,0.0,0.0,0.0,0.0,exact_zero,0,0,22
ln,normal,SBC,bright_minus_dark,0.0625,0,22,0.0,0.0,0.0,0.0,exact_zero,0,0,22
ln,normal,SBC,bright_minus_dark,0.0625,2,22,-0.00013799524458590895,5.7919820392271504e-05,-0.008320477791130543,0.007459285669028759,CI_includes_zero,12,10,0
ln,normal,SBC,bright_minus_dark,0.0625,4,22,-0.007925938814878464,-0.0004390080866869539,-0.024723084643483162,0.007726458366960287,CI_includes_zero,11,11,0
ln,normal,SBC,bright_minus_dark,0.0625,6,22,-0.011122352443635464,0.004756482318043709,-0.030430465936660767,0.006734199821949005,CI_includes_zero,12,10,0
ln,normal,SBC,bright_minus_dark,0.0625,8,22,-0.01120554469525814,0.004274972248822451,-0.031112652271986008,0.00728289969265461,CI_includes_zero,12,10,0
ln,normal,SBC,bright_minus_dark,0.125,0,22,0.0,0.0,0.0,0.0,exact_zero,0,0,22
ln,normal,SBC,bright_minus_dark,0.125,2,22,-0.00027598271844908595,0.00011571248614927754,-0.016640953719615936,0.014918588101863861,CI_includes_zero,12,10,0
ln,normal,SBC,bright_minus_dark,0.125,4,22,-0.015851877629756927,-0.0008780320640653372,-0.04944617301225662,0.015452921390533447,CI_includes_zero,11,11,0
ln,normal,SBC,bright_minus_dark,0.125,6,22,-0.022244708612561226,0.00951294880360365,-0.06086093559861183,0.013468372635543346,CI_includes_zero,12,10,0
ln,normal,SBC,bright_minus_dark,0.125,8,22,-0.022411078214645386,0.008549881167709827,-0.06222528591752052,0.014565812423825264,CI_includes_zero,12,10,0
ln,normal,SBC,bright_minus_dark,0.25,0,22,0.0,0.0,0.0,0.0,exact_zero,0,0,22
ln,normal,SBC,bright_minus_dark,0.25,2,22,-0.000551955949049443,0.0002314885496161878,-0.03328191116452217,0.02983718551695347,CI_includes_zero,12,10,0
ln,normal,SBC,bright_minus_dark,0.25,4,22,-0.03170376643538475,-0.0017560163978487253,-0.09889236837625504,0.030905848369002342,CI_includes_zero,11,11,0
ln,normal,SBC,bright_minus_dark,0.25,6,22,-0.04448941722512245,0.0190258976072073,-0.12172186374664307,0.026936760172247887,CI_includes_zero,12,10,0
ln,normal,SBC,bright_minus_dark,0.25,8,22,-0.04482216760516167,0.01709967479109764,-0.12445058673620224,0.029131609946489334,CI_includes_zero,12,10,0
ln,normal,SBC,bright_minus_dark,0.375,0,22,0.0,0.0,0.0,0.0,exact_zero,0,0,22
ln,normal,SBC,bright_minus_dark,0.375,2,22,-0.0008279444300569594,0.00034716923255473375,-0.049922868609428406,0.04475577175617218,CI_includes_zero,12,10,0
ln,normal,SBC,bright_minus_dark,0.375,4,22,-0.04755564033985138,-0.0026340484619140625,-0.14833851158618927,0.04635876789689064,CI_includes_zero,11,11,0
ln,normal,SBC,bright_minus_dark,0.375,6,22,-0.06673410534858704,0.02853883057832718,-0.1825827658176422,0.04040514677762985,CI_includes_zero,12,10,0
ln,normal,SBC,bright_minus_dark,0.375,8,22,-0.06723322719335556,0.025649508461356163,-0.18667589128017426,0.04369743913412094,CI_includes_zero,12,10,0
ln,normal,SBC,bright_minus_dark,0.5,0,22,0.0,0.0,0.0,0.0,exact_zero,0,0,22
ln,normal,SBC,bright_minus_dark,0.5,2,22,-0.0011039281962439418,0.0004629770992323756,-0.06656382977962494,0.059674352407455444,CI_includes_zero,12,10,0
ln,normal,SBC,bright_minus_dark,0.5,4,22,-0.0634075179696083,-0.003512048628181219,-0.19778470695018768,0.061811693012714386,CI_includes_zero,11,11,0
ln,normal,SBC,bright_minus_dark,0.5,6,22,-0.08897881954908371,0.0380517952144146,-0.24344371259212494,0.05387350544333458,CI_includes_zero,12,10,0
ln,normal,SBC,bright_minus_dark,0.5,8,22,-0.08964435756206512,0.034199308604002,-0.2489011585712433,0.058263231068849564,CI_includes_zero,12,10,0
