comparison,family,signature,noncontrol_points,positive_ci_points,negative_ci_points,ci_includes_zero_points,mean_absolute_cohort_difference,max_absolute_cohort_difference,mean_same_sign_cell_fraction,minimum_same_sign_cell_fraction
canonical_minus_cnn,Mach,bright_ramp_minus_uniform,30,0,8,22,0.021410365115540723,0.09241476655006409,0.5590909090909091,0.3181818181818182
canonical_minus_cnn,Mach,dark_ramp_minus_uniform,30,0,18,12,0.09916560373579462,0.305964857339859,0.6575757575757577,0.5
canonical_minus_cnn,SBC,bright_minus_dark,20,0,0,20,0.2084240754134953,0.46629002690315247,0.5977272727272729,0.5909090909090909
canonical_minus_ln,Mach,bright_ramp_minus_uniform,30,0,0,30,0.0066462358944894126,0.022900717332959175,0.4924242424242423,0.4090909090909091
canonical_minus_ln,Mach,dark_ramp_minus_uniform,30,0,0,30,0.006219541546306573,0.02259216271340847,0.4242424242424242,0.36363636363636365
canonical_minus_ln,SBC,bright_minus_dark,20,0,0,20,0.015491730644134805,0.08011724799871445,0.5,0.36363636363636365
cnn_minus_ln,Mach,bright_ramp_minus_uniform,30,8,0,22,0.0241289514155748,0.10673067718744278,0.55,0.36363636363636365
cnn_minus_ln,Mach,dark_ramp_minus_uniform,30,26,0,4,0.10359995147834221,0.2958172559738159,0.6878787878787879,0.5
cnn_minus_ln,SBC,bright_minus_dark,20,9,0,11,0.19898307276889682,0.4781845211982727,0.6045454545454546,0.5909090909090909
